x,A,r,p,alpha_g,u_g,u_l,T_g,T_l,h_g,h_l,rho_g,rho_l,a_mix,u_mix,Ma_mix,quality_static,quality_flow,slip,mdot
0.000000000000e+00,2.039265260097e-03,2.547780000000e-02,1.998618955623e+06,9.775820495170e-01,1.100560080896e+01,1.100560080896e+01,2.950907463421e+02,2.951358131913e+02,3.018189729363e+05,9.408714807084e+04,2.290081723394e+01,9.986384734036e+02,3.499786952796e+02,1.100560080896e+01,3.144648790742e-02,5.000000000000e-01,5.000000000000e-01,1.000000000000e+00,1.004897282765e+00
6.212424849699e-04,2.021768411380e-03,2.536826507502e-02,1.999287386227e+06,9.773971652481e-01,1.100520397051e+01,1.100599441802e+01,2.951198404269e+02,2.951357075984e+02,3.018487303358e+05,9.408733135043e+04,2.290612400655e+01,9.986388006490e+02,3.499562369054e+02,1.100523787306e+01,3.144746889032e-02,4.979572366003e-01,4.979392813264e-01,9.999281802740e-01,1.000404870385e+00
1.242484969940e-03,2.004346947691e-03,2.525873015004e-02,1.998798093672e+06,9.772113972647e-01,1.112280466853e+01,1.101233547689e+01,2.950995723942e+02,2.951355550582e+02,3.018280522279e+05,9.408623715935e+04,2.290215567065e+01,9.986386138889e+02,3.499000423202e+02,1.111801955881e+01,3.177484485309e-02,4.958202339740e-01,4.983154989630e-01,1.010031404498e+00,1.001261922052e+00
1.863727454910e-03,1.987000869030e-03,2.514919522506e-02,1.998552231843e+06,9.770250332830e-01,1.124789912216e+01,1.101957607888e+01,2.950897736046e+02,2.951353875073e+02,3.018180757705e+05,9.408530765027e+04,2.290012998847e+01,9.986385409210e+02,3.498505563960e+02,1.123791142563e+01,3.212203388039e-02,4.937145184679e-01,4.988411973826e-01,1.020719766499e+00,1.002422475754e+00
2.484969939880e-03,1.969730175397e-03,2.503966030008e-02,1.998519112502e+06,9.768382564723e-01,1.135407344339e+01,1.102676691085e+01,2.950890768697e+02,2.951352128814e+02,3.018174008485e+05,9.408454729702e+04,2.289980629894e+01,9.986385660123e+02,3.498069067096e+02,1.133961553175e+01,3.241678570160e-02,4.916394518125e-01,4.989513992087e-01,1.029682910247e+00,1.002662242768e+00
3.106212424850e-03,1.952534866791e-03,2.493012537510e-02,1.998522004465e+06,9.766513529841e-01,1.145411276345e+01,1.103465815473e+01,2.950899276883e+02,2.951350331768e+02,3.018183077421e+05,9.408379936477e+04,2.289977016619e+01,9.986386085934e+02,3.497640592466e+02,1.143540412799e+01,3.269462320577e-02,4.895826599632e-01,4.989081034397e-01,1.038012469696e+00,1.002560001576e+00
3.727454909820e-03,1.935414943212e-03,2.482059045012e-02,1.998503515123e+06,9.764646054159e-01,1.155616487177e+01,1.104373459217e+01,2.950898722166e+02,2.951348496733e+02,3.018182889239e+05,9.408301559456e+04,2.289956227670e+01,9.986386423546e+02,3.497204220479e+02,1.153308861141e+01,3.297802439983e-02,4.875420451135e-01,4.988784150025e-01,1.046400090053e+00,1.002482481774e+00
4.348697394790e-03,1.918370404662e-03,2.471105552513e-02,1.998471785357e+06,9.762782635677e-01,1.166099769727e+01,1.105412690011e+01,2.950892572869e+02,2.951346635923e+02,3.018176987509e+05,9.408220869090e+04,2.289924788136e+01,9.986386707055e+02,3.496762885712e+02,1.163340702146e+01,3.326907600454e-02,4.855207792233e-01,4.988782091107e-01,1.054899930374e+00,1.002463293357e+00
4.969939879760e-03,1.901401251139e-03,2.460152060015e-02,1.998438308313e+06,9.760925504924e-01,1.176761050181e+01,1.106587837499e+01,2.950885734823e+02,2.951344757595e+02,3.018170384973e+05,9.408139283795e+04,2.289891902553e+01,9.986386986664e+02,3.496320446365e+02,1.173540499432e+01,3.356501549085e-02,4.835219590283e-01,4.988871241399e-01,1.063414046590e+00,1.002456981614e+00
5.591182364729e-03,1.884507482644e-03,2.449198567517e-02,1.998405463475e+06,9.759076696818e-01,1.187556612136e+01,1.107905128054e+01,2.950879224132e+02,2.951342865929e+02,3.018164119900e+05,9.408057200439e+04,2.289859476269e+01,9.986387272197e+02,3.495878096206e+02,1.183866846648e+01,3.386464899714e-02,4.815476093062e-01,4.988959693432e-01,1.071893776881e+00,1.002443157237e+00
6.212424849699e-03,1.867689099176e-03,2.438245075019e-02,1.998372195665e+06,9.757238066423e-01,1.198489538167e+01,1.109372223998e+01,2.950872592299e+02,2.951340962737e+02,3.018157734116e+05,9.407974596158e+04,2.289826662649e+01,9.986387558456e+02,3.495436004320e+02,1.194323115648e+01,3.416807271458e-02,4.795992060669e-01,4.989048142186e-01,1.080331301110e+00,1.002422130625e+00
6.833667334669e-03,1.850946100737e-03,2.427291582521e-02,1.998337747247e+06,9.755411290543e-01,1.209569653012e+01,1.110996457736e+01,2.950865519739e+02,2.951339048727e+02,3.018150901272e+05,9.407891429715e+04,2.289792851776e+01,9.986387841844e+02,3.494994391833e+02,1.204919107783e+01,3.447556627267e-02,4.776780136450e-01,4.989149965674e-01,1.088725031110e+00,1.002397270978e+00
7.454909819639e-03,1.834278487325e-03,2.416338090023e-02,1.998301997075e+06,9.753597876160e-01,1.220801798253e+01,1.112784346107e+01,2.950857959933e+02,2.951337124047e+02,3.018143574103e+05,9.407807696059e+04,2.289757942365e+01,9.986388121778e+02,3.494553630691e+02,1.215659847076e+01,3.478727115245e-02,4.757851323884e-01,4.989268158877e-01,1.097069528812e+00,1.002369876937e+00
8.076152304609e-03,1.817686258940e-03,2.405384597525e-02,1.998264989283e+06,9.751799172532e-01,1.232188187296e+01,1.114741716080e+01,2.950849937732e+02,2.951335188507e+02,3.018135778314e+05,9.407723391276e+04,2.289721964837e+01,9.986388398501e+02,3.494114109195e+02,1.226547835401e+01,3.510325642122e-02,4.739214787250e-01,4.989400114018e-01,1.105357563570e+00,1.002340160872e+00
8.697394789579e-03,1.801169415583e-03,2.394431105027e-02,1.998226724198e+06,9.750016382342e-01,1.243731003343e+01,1.116873829218e+01,2.950841459793e+02,2.951333241690e+02,3.018127521043e+05,9.407638498052e+04,2.289684914111e+01,9.986388672110e+02,3.493676173091e+02,1.237585533189e+01,3.542359027780e-02,4.720877862028e-01,4.989542827470e-01,1.113582367861e+00,1.002308325487e+00
9.318637274549e-03,1.784727957254e-03,2.383477612529e-02,1.998187162354e+06,9.748250571095e-01,1.255432890992e+01,1.119185411861e+01,2.950832516151e+02,2.951331283043e+02,3.018118792466e+05,9.407552989585e+04,2.289646752943e+01,9.986388942553e+02,3.493240127996e+02,1.248775825959e+01,3.574835339692e-02,4.702846224784e-01,4.989693986401e-01,1.121738076361e+00,1.002274742305e+00
9.939879759519e-03,1.768361883953e-03,2.372524120031e-02,1.998146258168e+06,9.746502675329e-01,1.267296715913e+01,1.121680659125e+01,2.950823094500e+02,2.951329311930e+02,3.018109580378e+05,9.407466835061e+04,2.289607438961e+01,9.986389209770e+02,3.492806250218e+02,1.260121792637e+01,3.607763220644e-02,4.685124069188e-01,4.989851618673e-01,1.129819530722e+00,1.002239828092e+00
1.056112224449e-02,1.752071195679e-03,2.361570627533e-02,1.998103970257e+06,9.744773509996e-01,1.279325411048e+01,1.124363251293e+01,2.950813184533e+02,2.951327327667e+02,3.018099874627e+05,9.407380001997e+04,2.289566932993e+01,9.986389473731e+02,3.492374790728e+02,1.271626557429e+01,3.641151461766e-02,4.667714246610e-01,4.990013873156e-01,1.137822149182e+00,1.002203965582e+00
1.118236472946e-02,1.735855892433e-03,2.350617135035e-02,1.998060259479e+06,9.743063775184e-01,1.291521965237e+01,1.127236384418e+01,2.950802777046e+02,2.951325329537e+02,3.018089666201e+05,9.407292456862e+04,2.289525197531e+01,9.986389734421e+02,3.491945975482e+02,1.283293278198e+01,3.675008969808e-02,4.650618383350e-01,4.990179035516e-01,1.145741907456e+00,1.002167490025e+00
1.180360721443e-02,1.719715974215e-03,2.339663642537e-02,1.998015086552e+06,9.741374062374e-01,1.303889445264e+01,1.130302808330e+01,2.950791862896e+02,2.951323316808e+02,3.018078946151e+05,9.407204165346e+04,2.289482194864e+01,9.986389991832e+02,3.491520005582e+02,1.295125167135e+01,3.709344827080e-02,4.633836987081e-01,4.990345580212e-01,1.153575338974e+00,1.002130694478e+00
1.242484969940e-02,1.703651441024e-03,2.328710150039e-02,1.997968411489e+06,9.739704860376e-01,1.316431006621e+01,1.133564867764e+01,2.950780432723e+02,2.951321288734e+02,3.018067705311e+05,9.407115092619e+04,2.289437886640e+01,9.986390245952e+02,3.491097057940e+02,1.307125501028e+01,3.744168321116e-02,4.617369546670e-01,4.990512183787e-01,1.161319518677e+00,1.002093833961e+00
1.304609218437e-02,1.687662292861e-03,2.317756657540e-02,1.997920193686e+06,9.738056561128e-01,1.329149895288e+01,1.137024544538e+01,2.950768476973e+02,2.951319244566e+02,3.018055934323e+05,9.407025203554e+04,2.289392233955e+01,9.986390496771e+02,3.490677286162e+02,1.319297623219e+01,3.779488950321e-02,4.601214626193e-01,4.990677710997e-01,1.168972034661e+00,1.002057128069e+00
1.366733466934e-02,1.671748529726e-03,2.306803165042e-02,1.997870391967e+06,9.736429465417e-01,1.342049448247e+01,1.140683499389e+01,2.950755985897e+02,2.951317183551e+02,3.018043623633e+05,9.406934462870e+04,2.289345197400e+01,9.986390744274e+02,3.490260821451e+02,1.331644944550e+01,3.815316426687e-02,4.585369953731e-01,4.990841193460e-01,1.176530956191e+00,1.002020764090e+00
1.428857715431e-02,1.655910151618e-03,2.295849672544e-02,1.997818964505e+06,9.734823788581e-01,1.355133095010e+01,1.144543112281e+01,2.950742949514e+02,2.951315104937e+02,3.018030763449e+05,9.406842835226e+04,2.289296737010e+01,9.986390988443e+02,3.489847773529e+02,1.344170945390e+01,3.851660681553e-02,4.569832505527e-01,4.991001808658e-01,1.183994801480e+00,1.001984900782e+00
1.490981963928e-02,1.640147158538e-03,2.284896180046e-02,1.997765868718e+06,9.733239666196e-01,1.368404359699e+01,1.148604520328e+01,2.950729357553e+02,2.951313007972e+02,3.018017343688e+05,9.406750285281e+04,2.289246812183e+01,9.986391229259e+02,3.489438231599e+02,1.356879178248e+01,3.888531873011e-02,4.554598585893e-01,4.991158860891e-01,1.191362505963e+00,1.001949672136e+00
1.553106212425e-02,1.624459550486e-03,2.273942687548e-02,1.997711061173e+06,9.731677159709e-01,1.381866863226e+01,1.152868652886e+01,2.950715199409e+02,2.951310891908e+02,3.018003353924e+05,9.406656777730e+04,2.289195381607e+01,9.986391466696e+02,3.489032265349e+02,1.369773270507e+01,3.925940393589e-02,4.539663902958e-01,4.991311764588e-01,1.198633391382e+00,1.001915190684e+00
1.615230460922e-02,1.608847327461e-03,2.262989195050e-02,1.997654497496e+06,9.730136262018e-01,1.395524325478e+01,1.157336263609e+01,2.950700464102e+02,2.951308756002e+02,3.017988783351e+05,9.406562277340e+04,2.289142403194e+01,9.986391700724e+02,3.488629925986e+02,1.382856927187e+01,3.963896877930e-02,4.525023640204e-01,4.991460030333e-01,1.205807136058e+00,1.001881550232e+00
1.677354709419e-02,1.593310489464e-03,2.252035702552e-02,1.997596132283e+06,9.728616902925e-01,1.409380567586e+01,1.162007959531e+01,2.950685140234e+02,2.951306599512e+02,3.017973620740e+05,9.406466748964e+04,2.289087834007e+01,9.986391931306e+02,3.488231247293e+02,1.396133933760e+01,4.002412210611e-02,4.510672523701e-01,4.991603253680e-01,1.212883746644e+00,1.001848828024e+00
1.739478957916e-02,1.577849036495e-03,2.241082210054e-02,1.997535919013e+06,9.727118954453e-01,1.423439514299e+01,1.166884227291e+01,2.950669215958e+02,2.951304421705e+02,3.017957854399e+05,9.406370157555e+04,2.289031630187e+01,9.986392158401e+02,3.487836246691e+02,1.409608159071e+01,4.041497534205e-02,4.496604884941e-01,4.991741106492e-01,1.219863531452e+00,1.001817086431e+00
1.801603206413e-02,1.562462968554e-03,2.230128717556e-02,1.997473809952e+06,9.725642235979e-01,1.437705196489e+01,1.171965456730e+01,2.950652678934e+02,2.951302221850e+02,3.017941472138e+05,9.406272468168e+04,2.288973746882e+01,9.986392381959e+02,3.487444926289e+02,1.423283558352e+01,4.081164257601e-02,4.482814719225e-01,4.991873330378e-01,1.226747075379e+00,1.001786374227e+00
1.863727454910e-02,1.547152285640e-03,2.219175225058e-02,1.997409756063e+06,9.724186519148e-01,1.452181753768e+01,1.177251962076e+01,2.950635516295e+02,2.951299999222e+02,3.017924461229e+05,9.406173645971e+04,2.288914138166e+01,9.986392601924e+02,3.487057273930e+02,1.437164176337e+01,4.121424064588e-02,4.469295739580e-01,4.991999731733e-01,1.233535216376e+00,1.001756727558e+00
1.925851703407e-02,1.531916987754e-03,2.208221732560e-02,1.997343706912e+06,9.722751532558e-01,1.466873437244e+01,1.182744000983e+01,2.950617714609e+02,2.951297753104e+02,3.017906808369e+05,9.406073656234e+04,2.288852756963e+01,9.986392818232e+02,3.486673264197e+02,1.451254150476e+01,4.162288922735e-02,4.456041426243e-01,4.992120177912e-01,1.240229023377e+00,1.001728170702e+00
1.987975951904e-02,1.516757074895e-03,2.197268240062e-02,1.997275610570e+06,9.721336966184e-01,1.481784612398e+01,1.188441791630e+01,2.950599259845e+02,2.951295482781e+02,3.017888499645e+05,9.405972464332e+04,2.288789554964e+01,9.986393030813e+02,3.486292859396e+02,1.465557714255e+01,4.203771092565e-02,4.443045071769e-01,4.992234594127e-01,1.246829775623e+00,1.001700716671e+00
2.050100200401e-02,1.501672547064e-03,2.186314747564e-02,1.997205413521e+06,9.719942475527e-01,1.496919762100e+01,1.194345528096e+01,2.950580137338e+02,2.951293187548e+02,3.017869520496e+05,9.405870035737e+04,2.288724482548e+01,9.986393239584e+02,3.485916010486e+02,1.480079200614e+01,4.245883137062e-02,4.430299821889e-01,4.992342960726e-01,1.253338943284e+00,1.001674367755e+00
2.112224448898e-02,1.486663404261e-03,2.175361255065e-02,1.997133060561e+06,9.718567685482e-01,1.512283489760e+01,1.200455394219e+01,2.950560331749e+02,2.951290866703e+02,3.017849855679e+05,9.405766336015e+04,2.288657488696e+01,9.986393444456e+02,3.485542657974e+02,1.494823045489e+01,4.288637931511e-02,4.417798712225e-01,4.992445310576e-01,1.259758169311e+00,1.001649116033e+00
2.174348697395e-02,1.471729646486e-03,2.164407762567e-02,1.997058494699e+06,9.717212193917e-01,1.527880522636e+01,1.206771576075e+01,2.950539827035e+02,2.951288519551e+02,3.017829489233e+05,9.405661330813e+04,2.288588520906e+01,9.986393645331e+02,3.485172732747e+02,1.509793791456e+01,4.332048673713e-02,4.405534701063e-01,4.992541726339e-01,1.266089252455e+00,1.001624943909e+00
2.236472945892e-02,1.456871273738e-03,2.153454270069e-02,1.996981657055e+06,9.715875574959e-01,1.543715715275e+01,1.213294273262e+01,2.950518606409e+02,2.951286145403e+02,3.017808404442e+05,9.405554985859e+04,2.288517525105e+01,9.986393842100e+02,3.484806156857e+02,1.524996091496e+01,4.376128894561e-02,4.393500698343e-01,4.992632337498e-01,1.272334131376e+00,1.001601824697e+00
2.298597194389e-02,1.442088286018e-03,2.142500777571e-02,1.996902486758e+06,9.714557381996e-01,1.559794053125e+01,1.220023709093e+01,2.950496652307e+02,2.951283743577e+02,3.017786583797e+05,9.405447266950e+04,2.288444445558e+01,9.986394034643e+02,3.484442844240e+02,1.540434712884e+01,4.420892469023e-02,4.381689591083e-01,4.992717317029e-01,1.278494869812e+00,1.001579723262e+00
2.360721442886e-02,1.427380683325e-03,2.131547285073e-02,1.996820920839e+06,9.713257150395e-01,1.576120656299e+01,1.226960139824e+01,2.950473946351e+02,2.951281313395e+02,3.017764008963e+05,9.405338139948e+04,2.288369224775e+01,9.986394222829e+02,3.484082701385e+02,1.556114541196e+01,4.466353627533e-02,4.370094265459e-01,4.992796877678e-01,1.284573642730e+00,1.001558596750e+00
2.422845691383e-02,1.412748465661e-03,2.120593792575e-02,1.996736894122e+06,9.711974399937e-01,1.592700783517e+01,1.234103863022e+01,2.950450469310e+02,2.951278854188e+02,3.017740660740e+05,9.405227570770e+04,2.288291803420e+01,9.986394406517e+02,3.483725627938e+02,1.572040584451e+01,4.512526967806e-02,4.358707625776e-01,4.992871267831e-01,1.290572723448e+00,1.001538395385e+00
2.484969939880e-02,1.398191633024e-03,2.109640300077e-02,1.996650339113e+06,9.710708637007e-01,1.609539836214e+01,1.241455225154e+01,2.950426201064e+02,2.951276365291e+02,3.017716519023e+05,9.405115525387e+04,2.288212120208e+01,9.986394585554e+02,3.483371517249e+02,1.588217977387e+01,4.559427467102e-02,4.347522610562e-01,4.992940766991e-01,1.296494471650e+00,1.001519063343e+00
2.547094188377e-02,1.383710185414e-03,2.098686807579e-02,1.996561185887e+06,9.709459356517e-01,1.626643362837e+01,1.249014628491e+01,2.950401120565e+02,2.951273846048e+02,3.017691562768e+05,9.405001969819e+04,2.288130111807e+01,9.986394759772e+02,3.483020256863e+02,1.604651985872e+01,4.607070494954e-02,4.336532206047e-01,4.993005680912e-01,1.302341322297e+00,1.001500539694e+00
2.609218436874e-02,1.369304122833e-03,2.087733315081e-02,1.996469361967e+06,9.708226043613e-01,1.644017063328e+01,1.256782537375e+01,2.950375205799e+02,2.951271295808e+02,3.017665769946e+05,9.404886870130e+04,2.288045712734e+01,9.986394928992e+02,3.482671728956e+02,1.621348011465e+01,4.655471826371e-02,4.325729457265e-01,4.993066336458e-01,1.308115775353e+00,1.001482759391e+00
2.671342685371e-02,1.354973445279e-03,2.076779822583e-02,1.996374792203e+06,9.707008175152e-01,1.661666793808e+01,1.264759483943e+01,2.950348433740e+02,2.951268713926e+02,3.017639117505e+05,9.404770192427e+04,2.287958855247e+01,9.986395093021e+02,3.482325810721e+02,1.638311596125e+01,4.704647655545e-02,4.315107477033e-01,4.993123076265e-01,1.313820386329e+00,1.001465654301e+00
2.733466933868e-02,1.340718152752e-03,2.065826330085e-02,1.996277398648e+06,9.705805220992e-01,1.679598571462e+01,1.272946073341e+01,2.950320780314e+02,2.951266099768e+02,3.017611581329e+05,9.404651902861e+04,2.287869469232e+01,9.986395251652e+02,3.481982374701e+02,1.655548427079e+01,4.754614610079e-02,4.304659453051e-01,4.993176253285e-01,1.319457757588e+00,1.001449154254e+00
2.795591182365e-02,1.326538245254e-03,2.054872837587e-02,1.996177100423e+06,9.704616645106e-01,1.697818579639e+01,1.281342988497e+01,2.950292220351e+02,2.951263452705e+02,3.017583136189e+05,9.404531967627e+04,2.287777482093e+01,9.986395404661e+02,3.481641289088e+02,1.673064341859e+01,4.805389765749e-02,4.294378653361e-01,4.993226225321e-01,1.325030530374e+00,1.001433188095e+00
2.857715430862e-02,1.312433722783e-03,2.043919345089e-02,1.996073813586e+06,9.703441906530e-01,1.716333173178e+01,1.289950994488e+01,2.950262727542e+02,2.951260772115e+02,3.017553755703e+05,9.404410352968e+04,2.287682818626e+01,9.986395551810e+02,3.481302417965e+02,1.690865333509e+01,4.856990661837e-02,4.284258430396e-01,4.993273349639e-01,1.330541377550e+00,1.001417684723e+00
2.919839679359e-02,1.298404585339e-03,2.032965852590e-02,1.995967450987e+06,9.702280460178e-01,1.735148883959e+01,1.298770942564e+01,2.950232274388e+02,2.951258057388e+02,3.017523412284e+05,9.404287025178e+04,2.287585400897e+01,9.986395692844e+02,3.480965621531e+02,1.708957555975e+01,4.909435317041e-02,4.274292223830e-01,4.993317977745e-01,1.335992996990e+00,1.001402574098e+00
2.981963927856e-02,1.284450832924e-03,2.022012360092e-02,1.995857922124e+06,9.701131757543e-01,1.754272426697e+01,1.307803773845e+01,2.950200832155e+02,2.951255307918e+02,3.017492077093e+05,9.404161950608e+04,2.287485148116e+01,9.986395827491e+02,3.480630756278e+02,1.727347329693e+01,4.962742246008e-02,4.264473562440e-01,4.993360450425e-01,1.341388105602e+00,1.001387788189e+00
3.044088176353e-02,1.270572465536e-03,2.011058867594e-02,1.995745132988e+06,9.699995247286e-01,1.773710704985e+01,1.317050522751e+01,2.950168370822e+02,2.951252523113e+02,3.017459719983e+05,9.404035095676e+04,2.287381976497e+01,9.986395955462e+02,3.480297675148e+02,1.746041147372e+01,5.016930476495e-02,4.254796065164e-01,4.993401093120e-01,1.346729433948e+00,1.001373261872e+00
3.106212424850e-02,1.256769483176e-03,2.000105375096e-02,1.995628985906e+06,9.698870375754e-01,1.793470817602e+01,1.326512320184e+01,2.950134859022e+02,2.951249702388e+02,3.017426309453e+05,9.403906426871e+04,2.287275799121e+01,9.986396076446e+02,3.479966227666e+02,1.765045679992e+01,5.072019567201e-02,4.245253441526e-01,4.993440211705e-01,1.352019721425e+00,1.001358933739e+00
3.168336673347e-02,1.243041885843e-03,1.989151882598e-02,1.995509379373e+06,9.697756587417e-01,1.813560065085e+01,1.336190396506e+01,2.950100263993e+02,2.951246845171e+02,3.017391812581e+05,9.403775910767e+04,2.287166525788e+01,9.986396190115e+02,3.479636260051e+02,1.784367783029e+01,5.128029626301e-02,4.235839491580e-01,4.993478088746e-01,1.357261711974e+00,1.001344746825e+00
3.230460921844e-02,1.229389673538e-03,1.978198390100e-02,1.995386207877e+06,9.696653325269e-01,1.833985956592e+01,1.346086084338e+01,2.950064551515e+02,2.951243950897e+02,3.017356194972e+05,9.403643514037e+04,2.287054062866e+01,9.986396296119e+02,3.479307615308e+02,1.804014502913e+01,5.184981330699e-02,4.226548105516e-01,4.993514980255e-01,1.362458150285e+00,1.001330649228e+00
3.292585170341e-02,1.215812846261e-03,1.967244897602e-02,1.995259361720e+06,9.695560031168e-01,1.854756217055e+01,1.356200821199e+01,2.950027685846e+02,2.951241019019e+02,3.017319420692e+05,9.403509203459e+04,2.286938313126e+01,9.986396394087e+02,3.478980133312e+02,1.823993083736e+01,5.242895946060e-02,4.217373263025e-01,4.993551113010e-01,1.367611778479e+00,1.001316594635e+00
3.354709418838e-02,1.202311404011e-03,1.956291405104e-02,1.995128726824e+06,9.694476146167e-01,1.875878794641e+01,1.366536152031e+01,2.949989629661e+02,2.951238048997e+02,3.017281452205e+05,9.403372945940e+04,2.286819175583e+01,9.986396483624e+02,3.478653650874e+02,1.844310974223e+01,5.301795347632e-02,4.208309032550e-01,4.993586682440e-01,1.372725333211e+00,1.001302542727e+00
3.416833667335e-02,1.188885346790e-03,1.945337912606e-02,1.994994184535e+06,9.693401110813e-01,1.897361868543e+01,1.377093731619e+01,2.949950343982e+02,2.951235040309e+02,3.017242250299e+05,9.403234708525e+04,2.286696545313e+01,9.986396564312e+02,3.478328001805e+02,1.864975834973e+01,5.361702041918e-02,4.199349570474e-01,4.993621851093e-01,1.377801543191e+00,1.001288459486e+00
3.478957915832e-02,1.175534674595e-03,1.934384420108e-02,1.994855611411e+06,9.692334365434e-01,1.919213857095e+01,1.387875326931e+01,2.949909788103e+02,2.951231992445e+02,3.017201774020e+05,9.403094458419e+04,2.286570313275e+01,9.986396635708e+02,3.478003016965e+02,1.885995546004e+01,5.422639189225e-02,4.190489120327e-01,4.993656747686e-01,1.382843127083e+00,1.001274317379e+00
3.541082164329e-02,1.162259387429e-03,1.923430927610e-02,1.994712879001e+06,9.691275350430e-01,1.941443426251e+01,1.398882819404e+01,2.949867919520e+02,2.951228904910e+02,3.017159980587e+05,9.402952163002e+04,2.286440366114e+01,9.986396697343e+02,3.477678524316e+02,1.907378214585e+01,5.484630627151e-02,4.181722012047e-01,4.993691466726e-01,1.387852791758e+00,1.001260095442e+00
3.603206412826e-02,1.149059485290e-03,1.912477435112e-02,1.994565853620e+06,9.690223506547e-01,1.964059498428e+01,1.410118207192e+01,2.949824693845e+02,2.951225777228e+02,3.017116825321e+05,9.402807789856e+04,2.286306585964e+01,9.986396748720e+02,3.477354348962e+02,1.929132183409e+01,5.547700895035e-02,4.173042661341e-01,4.993726068672e-01,1.392833230867e+00,1.001245779256e+00
3.665330661323e-02,1.135934968179e-03,1.901523942614e-02,1.994414396102e+06,9.689178275167e-01,1.987071261737e+01,1.421583607403e+01,2.949780064725e+02,2.951222608938e+02,3.017072261552e+05,9.402661306781e+04,2.286168850234e+01,9.986396789312e+02,3.477030313187e+02,1.951266039092e+01,5.611875259448e-02,4.164445569147e-01,4.993760580613e-01,1.397787123732e+00,1.001231360830e+00
3.727454909820e-02,1.122885836096e-03,1.890570450116e-02,1.994258361546e+06,9.688139098589e-01,2.010488179620e+01,1.433281258323e+01,2.949733983752e+02,2.951219399599e+02,3.017026240532e+05,9.402512681822e+04,2.286027031384e+01,9.986396818563e+02,3.476706236492e+02,1.973788621037e+01,5.677179740755e-02,4.155925321216e-01,4.993794997424e-01,1.402717134509e+00,1.001216838388e+00
3.789579158317e-02,1.109912089040e-03,1.879616957617e-02,1.994097599051e+06,9.687105420320e-01,2.034320000908e+01,1.445213521664e+01,2.949686400368e+02,2.951216148790e+02,3.016978711341e+05,9.402361883295e+04,2.285880996697e+01,9.986396835886e+02,3.476381935624e+02,1.996709030667e+01,5.743641140824e-02,4.147476587807e-01,4.993829283342e-01,1.407625911613e+00,1.001202216082e+00
3.851703406814e-02,1.097013727012e-03,1.868663465119e-02,1.993931951432e+06,9.686076685360e-01,2.058576770338e+01,1.457382884849e+01,2.949637261770e+02,2.951212856110e+02,3.016929620786e+05,9.402208879811e+04,2.285730608028e+01,9.986396840659e+02,3.476057224602e+02,2.020036641060e+01,5.811287071925e-02,4.139094123482e-01,4.993863373933e-01,1.412516087391e+00,1.001187503632e+00
3.913827655311e-02,1.084190750011e-03,1.857709972621e-02,1.993761254925e+06,9.685052340499e-01,2.083268839528e+01,1.469791963328e+01,2.949586512799e+02,2.951209521181e+02,3.016878913295e+05,9.402053640309e+04,2.285575721548e+01,9.986396832226e+02,3.475731914736e+02,2.043781106997e+01,5.880145986899e-02,4.130772766982e-01,4.993897178369e-01,1.417390278016e+00,1.001172715897e+00
3.975951903808e-02,1.071443158039e-03,1.846756480123e-02,1.993585338873e+06,9.684031834597e-01,2.108406878453e+01,1.482443502968e+01,2.949534095834e+02,2.951206143650e+02,3.016826530805e+05,9.401896134087e+04,2.285416187475e+01,9.986396809893e+02,3.475405814643e+02,2.067952375450e+01,5.950247210662e-02,4.122507441163e-01,4.993930581991e-01,1.422251083587e+00,1.001157872416e+00
4.038076152305e-02,1.058770951094e-03,1.835802987625e-02,1.993404025401e+06,9.683014618870e-01,2.134001887439e+01,1.495340382502e+01,2.949479950674e+02,2.951202723188e+02,3.016772412646e+05,9.401736330833e+04,2.285251849785e+01,9.986396772929e+02,3.475078730251e+02,2.092560696528e+01,6.021620973108e-02,4.114293152949e-01,4.993963449066e-01,1.427101088427e+00,1.001142996885e+00
4.100200400802e-02,1.046174129176e-03,1.824849495127e-02,1.993217129067e+06,9.682000147157e-01,2.160065209707e+01,1.508485616077e+01,2.949424014411e+02,2.951199259494e+02,3.016716495410e+05,9.401574200664e+04,2.285082545912e+01,9.986396720562e+02,3.474750464795e+02,2.117616634914e+01,6.094298443497e-02,4.106124993300e-01,4.993995625719e-01,1.431942861559e+00,1.001128116633e+00
4.162324649299e-02,1.033652692287e-03,1.813896002629e-02,1.993024456496e+06,9.680987876185e-01,2.186608544493e+01,1.521882355881e+01,2.949366221305e+02,2.951195752296e+02,3.016658712825e+05,9.401409714165e+04,2.284908106434e+01,9.986396651976e+02,3.474420818806e+02,2.143131081812e+01,6.168311766415e-02,4.097998137125e-01,4.994026942947e-01,1.436778957351e+00,1.001113262056e+00
4.224448897796e-02,1.021206640425e-03,1.802942510131e-02,1.992825805996e+06,9.679977265809e-01,2.213643960780e+01,1.535533894888e+01,2.949306502639e+02,2.951192201353e+02,3.016598995613e+05,9.401242842429e+04,2.284728354734e+01,9.986396566312e+02,3.474089590084e+02,2.169115267430e+01,6.243694099374e-02,4.089907843142e-01,4.994057219704e-01,1.441611916318e+00,1.001098466066e+00
4.286573146293e-02,1.008835973590e-03,1.791989017633e-02,1.992620967153e+06,9.678967779232e-01,2.241183911664e+01,1.549443669715e+01,2.949244786575e+02,2.951188606454e+02,3.016537271339e+05,9.401073557107e+04,2.284543106652e+01,9.986396462663e+02,3.473756573656e+02,2.195580774040e+01,6.320479652174e-02,4.081849453628e-01,4.994086265967e-01,1.446444266073e+00,1.001083763529e+00
4.348697394790e-02,9.965406917838e-04,1.781035525135e-02,1.992409720399e+06,9.677958883209e-01,2.269241249407e+01,1.563615263608e+01,2.949180997999e+02,2.951184967428e+02,3.016473464255e+05,9.400901830450e+04,2.284352170113e+01,9.986396340073e+02,3.473421561728e+02,2.222539549626e+01,6.398703728092e-02,4.073818394050e-01,4.994113885775e-01,1.451278522423e+00,1.001069190720e+00
4.410821643287e-02,9.843207950048e-04,1.770082032637e-02,1.992191836560e+06,9.676950048211e-01,2.297829241205e+01,1.578052409558e+01,2.949115058356e+02,2.951181284136e+02,3.016407495133e+05,9.400727635369e+04,2.284155344733e+01,9.986396197533e+02,3.473084343608e+02,2.250003922178e+01,6.478402767035e-02,4.065810172529e-01,4.994139880174e-01,1.456117190587e+00,1.001054784798e+00
4.472945891784e-02,9.721762832536e-04,1.759128540139e-02,1.991967076377e+06,9.675940748568e-01,2.326961585704e+01,1.592758993570e+01,2.949046885471e+02,2.951177556482e+02,3.016339281090e+05,9.400550945490e+04,2.283952421410e+01,9.986396033979e+02,3.472744705622e+02,2.277986614638e+01,6.559614390745e-02,4.057820379130e-01,4.994164050045e-01,1.460962766557e+00,1.001040583307e+00
4.535070140281e-02,9.601071565300e-04,1.748175047641e-02,1.991735190001e+06,9.674930462578e-01,2.356652430326e+01,1.607739058082e+01,2.948976393369e+02,2.951173784411e+02,3.016268735397e+05,9.400371735214e+04,2.283743181880e+01,9.986395848292e+02,3.472402431001e+02,2.306500760568e+01,6.642377450194e-02,4.049844684950e-01,4.994186198788e-01,1.465817738569e+00,1.001026623713e+00
4.597194388778e-02,9.481134148341e-04,1.737221555142e-02,1.991495916457e+06,9.673918672575e-01,2.386916389434e+01,1.622996805551e+01,2.948903492076e+02,2.951169967913e+02,3.016195767282e+05,9.400189979788e+04,2.283527398264e+01,9.986395639288e+02,3.472057299756e+02,2.335559920547e+01,6.726732075277e-02,4.041878840981e-01,4.994206134829e-01,1.470684588700e+00,1.001012942973e+00
4.659318637275e-02,9.361950581659e-04,1.726268062644e-02,1.991248983074e+06,9.672904864964e-01,2.417768563393e+01,1.638536602209e+01,2.948828087407e+02,2.951166107027e+02,3.016120281715e+05,9.400005655374e+04,2.283304832573e+01,9.986395405722e+02,3.471709088525e+02,2.365178099364e+01,6.812719726955e-02,4.033918676753e-01,4.994223673928e-01,1.475565794583e+00,1.000999577156e+00
4.721442885772e-02,9.243520865253e-04,1.715314570146e-02,1.990994104894e+06,9.671888530217e-01,2.449224558582e+01,1.654362982005e+01,2.948750080749e+02,2.951162201842e+02,3.016042179189e+05,9.399818739132e+04,2.283075236196e+01,9.986395146280e+02,3.471357570398e+02,2.395369764043e+01,6.900383251987e-02,4.025960098720e-01,4.994238641293e-01,1.480463831229e+00,1.000986561102e+00
4.783567134269e-02,9.125844999125e-04,1.704361077648e-02,1.990730984030e+06,9.670869162829e-01,2.481300508403e+01,1.670480650733e+01,2.948669368820e+02,2.951158252502e+02,3.015961355475e+05,9.399629209300e+04,2.282838349354e+01,9.986394859578e+02,3.471002514720e+02,2.426149862742e+01,6.989766940398e-02,4.017999088414e-01,4.994250873461e-01,1.485381172967e+00,1.000973928134e+00
4.845691382766e-02,9.008922983273e-04,1.693407585150e-02,1.990459308998e+06,9.669846261229e-01,2.514013095361e+01,1.686894490371e+01,2.948585843422e+02,2.951154259211e+02,3.015877701370e+05,9.399437045293e+04,2.282593900520e+01,9.986394544156e+02,3.470643686862e+02,2.457533844592e+01,7.080916585863e-02,4.010031700333e-01,4.994260219970e-01,1.490320295497e+00,1.000961709814e+00
4.907815631263e-02,8.892754817698e-04,1.682454092652e-02,1.990178754002e+06,9.668819327662e-01,2.547379574264e+01,1.703609563624e+01,2.948499391171e+02,2.951150222233e+02,3.015791102430e+05,9.399242227796e+04,2.282341605812e+01,9.986394198475e+02,3.470280847976e+02,2.489537680517e+01,7.173879549169e-02,4.002054059597e-01,4.994266544802e-01,1.495283678054e+00,1.000949935757e+00
4.969939879760e-02,8.777340502400e-04,1.671500600154e-02,1.989888978183e+06,9.667787868021e-01,2.581417796621e+01,1.720631118689e+01,2.948409893215e+02,2.951146141901e+02,3.015701438675e+05,9.399044738878e+04,2.282081168342e+01,9.986393820912e+02,3.469913754712e+02,2.522177885105e+01,7.268704824953e-02,3.994062359348e-01,4.994269727607e-01,1.500273805688e+00,1.000938633493e+00
5.032064128257e-02,8.662680037379e-04,1.660547107656e-02,1.989589624814e+06,9.666751391643e-01,2.616146236315e+01,1.737964594259e+01,2.948317224930e+02,2.951142018617e+02,3.015608584290e+05,9.398844562107e+04,2.281812277531e+01,9.986393409756e+02,3.469542158910e+02,2.555471539583e+01,7.365443111912e-02,3.986052857916e-01,4.994269664717e-01,1.505293171654e+00,1.000927828371e+00
5.094188376754e-02,8.548773422634e-04,1.649593615158e-02,1.989280320455e+06,9.665709411069e-01,2.651584016613e+01,1.755615624767e+01,2.948221255601e+02,2.951137852861e+02,3.015512407294e+05,9.398641682672e+04,2.281534608379e+01,9.986392963202e+02,3.469165807268e+02,2.589436315977e+01,7.464146886700e-02,3.978021875757e-01,4.994266269957e-01,1.510344279925e+00,1.000917543523e+00
5.156312625251e-02,8.435620658166e-04,1.638640122660e-02,1.988960674046e+06,9.664661441767e-01,2.687750938615e+01,1.773590045884e+01,2.948121848076e+02,2.951133645195e+02,3.015412769193e+05,9.398436087529e+04,2.281247820698e+01,9.986392479349e+02,3.468784440970e+02,2.624090502508e+01,7.564870481760e-02,3.969965792178e-01,4.994259475267e-01,1.515429647822e+00,1.000907799864e+00
5.218436873747e-02,8.323221743975e-04,1.627686630162e-02,1.988630275953e+06,9.663607001817e-01,2.724667511218e+01,1.791893900292e+01,2.948018858398e+02,2.951129396265e+02,3.015309524610e+05,9.398227765539e+04,2.280951558289e+01,9.986391956188e+02,3.468397795290e+02,2.659453030328e+01,7.667670167301e-02,3.961881041849e-01,4.994249231149e-01,1.520551808773e+00,1.000898616147e+00
5.280561122244e-02,8.211576680061e-04,1.616733137664e-02,1.988288696948e+06,9.662545611569e-01,2.762354982702e+01,1.810533443736e+01,2.947912135423e+02,2.951125106814e+02,3.015202520891e+05,9.398016707634e+04,2.280645448071e+01,9.986391391602e+02,3.468005599162e+02,2.695543501652e+01,7.772604237731e-02,3.953764111135e-01,4.994235506954e-01,1.525713315189e+00,1.000890009047e+00
5.342685370741e-02,8.100685466424e-04,1.605779645166e-02,1.987935487131e+06,9.661476793266e-01,2.800835374028e+01,1.829515151369e+01,2.947801520395e+02,2.951120777683e+02,3.015091597678e+05,9.397802906988e+04,2.280329099165e+01,9.986390783357e+02,3.467607574713e+02,2.732382219396e+01,7.879733102792e-02,3.945611534247e-01,4.994218291027e-01,1.530916741484e+00,1.000881993291e+00
5.404809619238e-02,7.990548103063e-04,1.594826152668e-02,1.987570174772e+06,9.660400070636e-01,2.840131513970e+01,1.848845724416e+01,2.947686846509e+02,2.951116409819e+02,3.014976586465e+05,9.397586359201e+04,2.280002101901e+01,9.986390129095e+02,3.467203436766e+02,2.769990218396e+01,7.989119383718e-02,3.937419889231e-01,4.994197590731e-01,1.536164687222e+00,1.000874581828e+00
5.466933867735e-02,7.881164589980e-04,1.583872660169e-02,1.987192265095e+06,9.659314968464e-01,2.880267076187e+01,1.868532097163e+01,2.947567938431e+02,2.951112004287e+02,3.014857310113e+05,9.397367062501e+04,2.279664026783e+01,9.986389426329e+02,3.466792892306e+02,2.808389298329e+01,8.100828014740e-02,3.929185793822e-01,4.994173432364e-01,1.541459780413e+00,1.000867786018e+00
5.529058116232e-02,7.772534927173e-04,1.572919167671e-02,1.986801238969e+06,9.658221012135e-01,2.921266618372e+01,1.888581444279e+01,2.947444611797e+02,2.951107562269e+02,3.014733582337e+05,9.397145017963e+04,2.279314423376e+01,9.986388672430e+02,3.466375639906e+02,2.847602058422e+01,8.214926350277e-02,3.920905901154e-01,4.994145860985e-01,1.546804680953e+00,1.000861615860e+00
5.591182364729e-02,7.664659114643e-04,1.561965675173e-02,1.986396551524e+06,9.657117727152e-01,2.963155623597e+01,1.909001188521e+01,2.947316672669e+02,2.951103085083e+02,3.014605207159e+05,9.396920229742e+04,2.278952819119e+01,9.986387864626e+02,3.465951369115e+02,2.887651934077e+01,8.331484278194e-02,3.912576895366e-01,4.994114940173e-01,1.552202084218e+00,1.000856080245e+00
5.653306613226e-02,7.557537152390e-04,1.551012182675e-02,1.985977630669e+06,9.656004638643e-01,3.005960544012e+01,1.929799008799e+01,2.947183916961e+02,2.951098574186e+02,3.014471978321e+05,9.396692705326e+04,2.278578718071e+01,9.986386999986e+02,3.465519759812e+02,2.928563235536e+01,8.450574339518e-02,3.904195487099e-01,4.994080751729e-01,1.557654724822e+00,1.000851187221e+00
5.715430861723e-02,7.451169040413e-04,1.540058690177e-02,1.985543875516e+06,9.654881270843e-01,3.049708847038e+01,1.950982848654e+01,2.947046129817e+02,2.951094031184e+02,3.014333678659e+05,9.396462455811e+04,2.278191599563e+01,9.986386075417e+02,3.465080481506e+02,2.970361188703e+01,8.572271855032e-02,3.895758408901e-01,4.994043395331e-01,1.563165380537e+00,1.000846944286e+00
5.777555110220e-02,7.345554778714e-04,1.529105197679e-02,1.985094654702e+06,9.653747146558e-01,3.094429064224e+01,1.972560925153e+01,2.946903084957e+02,2.951089457847e+02,3.014190079434e+05,9.396229496194e+04,2.277790916770e+01,9.986385087648e+02,3.464633192599e+02,3.013071978272e+01,8.696655059211e-02,3.887262410557e-01,4.994002988168e-01,1.568736876395e+00,1.000843358691e+00
5.839679358717e-02,7.240694367291e-04,1.518151705181e-02,1.984629304590e+06,9.652601786621e-01,3.140150842936e+01,1.994541738228e+01,2.946754543969e+02,2.951084856118e+02,3.014040939618e+05,9.395993845699e+04,2.277376095180e+01,9.986384033224e+02,3.464177539602e+02,3.056722793305e+01,8.823805241969e-02,3.878704254342e-01,4.993959664547e-01,1.574372088962e+00,1.000840437745e+00
5.901803607214e-02,7.136587806145e-04,1.507198212683e-02,1.984147127354e+06,9.651444709330e-01,3.186905001062e+01,2.016934080483e+01,2.946600255559e+02,2.951080228123e+02,3.013886005128e+05,9.395755528119e+04,2.276946530959e+01,9.986382908490e+02,3.463713156300e+02,3.101341875412e+01,8.953806898736e-02,3.870080710209e-01,4.993913575489e-01,1.580073950805e+00,1.000838189138e+00
5.963927855711e-02,7.033235095276e-04,1.496244720185e-02,1.983647388938e+06,9.650275429879e-01,3.234723584934e+01,2.039747047489e+01,2.946439954745e+02,2.951075576191e+02,3.013725008012e+05,9.395514572195e+04,2.276501589209e+01,9.986381709584e+02,3.463239662864e+02,3.146958569705e+01,9.086747889408e-02,3.861388550920e-01,4.993864888313e-01,1.585845455159e+00,1.000836621252e+00
6.026052104208e-02,6.930636234683e-04,1.485291227687e-02,1.983129316861e+06,9.649093459774e-01,3.283639930662e+01,2.062990048597e+01,2.946273361997e+02,2.951070902862e+02,3.013557665579e+05,9.395271012019e+04,2.276040602094e+01,9.986380432419e+02,3.462756664908e+02,3.193603378689e+01,9.222719606762e-02,3.852624547116e-01,4.993813786212e-01,1.591689660789e+00,1.000835743472e+00
6.088176352705e-02,6.828791224368e-04,1.474337735189e-02,1.982592097883e+06,9.647898306243e-01,3.333688729117e+01,2.086672818298e+01,2.946100182325e+02,2.951066210908e+02,3.013383679463e+05,9.395024887482e+04,2.275562866846e+01,9.986379072670e+02,3.462263752486e+02,3.241308019292e+01,9.361817154931e-02,3.843785462328e-01,4.993760467814e-01,1.597609697066e+00,1.000835566492e+00
6.150300601202e-02,6.727700064329e-04,1.463384242691e-02,1.982034875504e+06,9.646689471639e-01,3.384906094775e+01,2.110805428145e+01,2.945920104294e+02,2.951061503346e+02,3.013202734636e+05,9.394776244751e+04,2.275067643618e+01,9.986377625761e+02,3.461760499035e+02,3.290105483208e+01,9.504139538613e-02,3.834868047931e-01,4.993705146720e-01,1.603608769260e+00,1.000836102590e+00
6.212424849699e-02,6.627362754567e-04,1.452430750193e-02,1.981456747282e+06,9.645466452826e-01,3.437329638685e+01,2.135398299278e+01,2.945732798983e+02,2.951056783461e+02,3.013014498346e+05,9.394525136792e+04,2.274554153183e+01,9.986376086847e+02,3.461246460236e+02,3.340030100775e+01,9.649789863700e-02,3.825869038023e-01,4.993648051012e-01,1.609690164054e+00,1.000837365900e+00
6.274549098196e-02,6.527779295082e-04,1.441477257694e-02,1.980856761968e+06,9.644228740572e-01,3.490998545822e+01,2.160462215580e+01,2.945537918871e+02,2.951052054821e+02,3.012818618989e+05,9.394271623941e+04,2.274021574466e+01,9.986374450793e+02,3.460721172819e+02,3.391117608594e+01,9.798875550068e-02,3.816785144234e-01,4.993589422695e-01,1.615857255289e+00,1.000839372633e+00
6.336673346693e-02,6.428949685873e-04,1.430523765196e-02,1.980233916429e+06,9.642975818917e-01,3.545953657091e+01,2.186008337489e+01,2.945335096648e+02,2.951047321302e+02,3.012614724905e+05,9.394015774524e+04,2.273469041887e+01,9.986372712163e+02,3.460184153287e+02,3.443405221132e+01,9.951508557314e-02,3.807613050439e-01,4.993529517076e-01,1.622113509944e+00,1.000842141284e+00
6.398797595190e-02,6.330873926942e-04,1.419570272698e-02,1.979587152353e+06,9.641707164544e-01,3.602237556283e+01,2.212048216502e+01,2.945123943953e+02,2.951042587111e+02,3.012402423096e+05,9.393757665539e+04,2.272895642505e+01,9.986370865192e+02,3.459634896554e+02,3.496931706529e+01,1.010780562426e-01,3.798349407352e-01,4.993468602014e-01,1.628462494357e+00,1.000845692779e+00
6.460921843687e-02,6.233552018287e-04,1.408616780200e-02,1.978915352709e+06,9.640422246129e-01,3.659894662309e+01,2.238593810406e+01,2.944904050024e+02,2.951037856812e+02,3.012181297868e+05,9.393497383396e+04,2.272300412940e+01,9.986368903768e+02,3.459072874505e+02,3.551737466892e+01,1.026788852317e-01,3.788990826997e-01,4.993406957033e-01,1.634907880696e+00,1.000850050575e+00
6.523046092184e-02,6.136983959909e-04,1.397663287702e-02,1.978217337950e+06,9.639120523685e-01,3.718971327026e+01,2.265657499263e+01,2.944674980268e+02,2.951033135353e+02,3.011950909375e+05,9.393235024730e+04,2.271682336055e+01,9.986366821409e+02,3.458497534455e+02,3.607864623332e+01,1.043188432951e-01,3.779533877003e-01,4.993344872244e-01,1.641453453682e+00,1.000855240710e+00
6.585170340681e-02,6.041169751808e-04,1.386709795204e-02,1.977491861931e+06,9.637801447887e-01,3.779515939039e+01,2.293252102191e+01,2.944436274736e+02,2.951028428096e+02,3.011710792086e+05,9.392970697291e+04,2.271040337367e+01,9.986364611235e+02,3.457908297517e+02,3.665357106043e+01,1.059992570848e-01,3.769975074723e-01,4.993282647048e-01,1.648103117589e+00,1.000861291768e+00
6.647294589178e-02,5.946109393984e-04,1.375756302706e-02,1.976737607520e+06,9.636464459389e-01,3.841579033860e+01,2.321390894973e+01,2.944187446506e+02,2.951023740854e+02,3.011460453144e+05,9.392704520920e+04,2.270373281182e+01,9.986362265941e+02,3.457304556855e+02,3.724260749749e+01,1.077215121926e-01,3.760310881148e-01,4.993220588598e-01,1.654860903512e+00,1.000868234776e+00
6.709418837675e-02,5.851802886436e-04,1.364802810208e-02,1.975953181871e+06,9.635108988122e-01,3.905213410854e+01,2.350087628511e+01,2.943927979956e+02,2.951019079921e+02,3.011199370632e+05,9.392436628608e+04,2.269679966394e+01,9.986359777769e+02,3.456685675827e+02,3.784623394858e+01,1.094870563825e-01,3.750537694603e-01,4.993159010009e-01,1.661730976954e+00,1.000876102991e+00
6.771543086172e-02,5.758250229166e-04,1.353849317710e-02,1.975137111341e+06,9.633734452585e-01,3.970474257446e+01,2.379356548190e+01,2.943657328942e+02,2.951014452115e+02,3.010926991726e+05,9.392167167669e+04,2.268959121952e+01,9.986357138476e+02,3.456050986010e+02,3.846494994707e+01,1.112974030267e-01,3.740651844247e-01,4.993098228334e-01,1.668717645729e+00,1.000884931584e+00
6.833667334669e-02,5.665451422172e-04,1.342895825212e-02,1.974287836000e+06,9.632340259138e-01,4.037419281113e+01,2.409212414170e+01,2.943374914846e+02,2.951009864823e+02,3.010642730739e+05,9.391896301004e+04,2.268209401935e+01,9.986354339298e+02,3.455399785088e+02,3.909927729336e+01,1.131541347606e-01,3.730649583348e-01,4.993038562297e-01,1.675825368227e+00,1.000894757190e+00
6.895791583166e-02,5.573406465455e-04,1.331942332714e-02,1.973403703714e+06,9.630925801284e-01,4.106108849754e+01,2.439670522679e+01,2.943080124509e+02,2.951005326042e+02,3.010345967038e+05,9.391624208504e+04,2.267429380207e+01,9.986351370913e+02,3.454731334610e+02,3.974976126268e+01,1.150589073728e-01,3.720527082326e-01,4.992980329779e-01,1.683058762068e+00,1.000905617326e+00
6.957915831663e-02,5.482115359014e-04,1.320988840216e-02,1.972482963753e+06,9.629490458937e-01,4.176606141100e+01,2.470746728380e+01,2.942772308024e+02,2.951000844432e+02,3.010036042827e+05,9.391351088578e+04,2.266617544621e+01,9.986348223401e+02,3.454044857581e+02,4.041697188830e+01,1.170134539498e-01,3.710280421455e-01,4.992923844962e-01,1.690422613183e+00,1.000917549688e+00
7.020040080160e-02,5.391578102851e-04,1.310035347718e-02,1.971523759877e+06,9.628033597655e-01,4.248977301943e+01,2.502457467885e+01,2.942450776386e+02,2.950996429377e+02,3.009712260787e+05,9.391077159858e+04,2.265772290700e+01,9.986344886199e+02,3.453339535879e+02,4.110150532664e+01,1.190195892979e-01,3.699905583044e-01,4.992869414971e-01,1.697921885376e+00,1.000930591367e+00
7.082164328657e-02,5.301794696964e-04,1.299081855219e-02,1.970524122853e+06,9.626554567794e-01,4.323291618057e+01,2.534819784484e+01,2.942114798972e+02,2.950992091041e+02,3.009373881546e+05,9.390802663088e+04,2.264891914790e+01,9.986341348054e+02,3.452614507466e+02,4.180398531099e+01,1.210792146664e-01,3.689398442789e-01,4.992817335774e-01,1.705561730471e+00,1.000944778025e+00
7.144288577154e-02,5.212765141354e-04,1.288128362721e-02,1.969481962355e+06,9.625052703526e-01,4.399621695844e+01,2.567851354083e+01,2.941763600840e+02,2.950987840437e+02,3.009020120983e+05,9.390527863243e+04,2.263974606578e+01,9.986337596970e+02,3.451868863347e+02,4.252506470229e+01,1.231943228025e-01,3.678754759914e-01,4.992767887122e-01,1.713347499203e+00,1.000960143116e+00
7.206412825651e-02,5.124489436021e-04,1.277174870223e-02,1.968395058157e+06,9.623527321672e-01,4.478043656885e+01,2.601570512253e+01,2.941396359832e+02,2.950983689510e+02,3.008650147316e+05,9.390253051901e+04,2.263018440966e+01,9.986333620152e+02,3.451101644240e+02,4.326542714607e+01,1.253670033692e-01,3.667970165770e-01,4.992721326451e-01,1.721284753111e+00,1.000976717168e+00
7.268537074148e-02,5.036967580965e-04,1.266221377725e-02,1.967261050589e+06,9.621977720341e-01,4.558637346766e+01,2.635996282273e+01,2.941012203434e+02,2.950979651213e+02,3.008263077968e+05,9.389978549858e+04,2.262021369198e+01,9.986329403942e+02,3.450311836931e+02,4.402578884664e+01,1.275994487669e-01,3.657040150779e-01,4.992677881985e-01,1.729379277741e+00,1.000994527150e+00
7.330661322645e-02,4.950199576186e-04,1.255267885227e-02,1.966077430137e+06,9.620403177430e-01,4.641486559707e+01,2.671148404194e+01,2.940610205399e+02,2.950975739603e+02,3.007857976188e+05,9.389704709940e+04,2.260981209186e+01,9.986324933753e+02,3.449498370302e+02,4.480690047137e+01,1.298939604005e-01,3.645960050126e-01,4.992637745662e-01,1.737637097369e+00,1.001013595826e+00
7.392785571142e-02,4.864185421683e-04,1.244314392729e-02,1.964841526135e+06,9.618802949171e-01,4.726679280725e+01,2.707047365456e+01,2.940189382062e+02,2.950971969934e+02,3.007433847370e+05,9.389431919905e+04,2.259895634951e+01,9.986320193996e+02,3.448660111039e+02,4.560954920057e+01,1.322529554437e-01,3.634725029267e-01,4.992601066790e-01,1.746064491165e+00,1.001033941008e+00
7.454909819639e-02,4.778925117457e-04,1.233360900231e-02,1.963550494455e+06,9.617176269030e-01,4.814307947211e+01,2.743714434475e+01,2.939748688345e+02,2.950968358752e+02,3.006989635059e+05,9.389160605237e+04,2.258762165117e+01,9.986315167999e+02,3.447795859106e+02,4.643456094150e+01,1.346789741593e-01,3.623330071172e-01,4.992567947500e-01,1.754668010168e+00,1.001055574554e+00
7.517034068136e-02,4.694418663508e-04,1.222407407733e-02,1.962201304113e+06,9.615522347410e-01,4.904469732007e+01,2.781171699449e+01,2.939287013378e+02,2.950964923985e+02,3.006524216572e+05,9.388891231669e+04,2.257578150387e+01,9.986309837936e+02,3.446904343072e+02,4.728280272834e+01,1.371746878424e-01,3.611769967965e-01,4.992538441279e-01,1.763454494010e+00,1.001078500967e+00
7.579158316633e-02,4.610666059836e-04,1.211453915235e-02,1.960790722689e+06,9.613840372705e-01,4.997266850314e+01,2.819442114296e+01,2.938803175670e+02,2.950961685027e+02,3.006036398175e+05,9.388624307341e+04,2.256340759935e+01,9.986304184730e+02,3.445984215408e+02,4.815518533357e+01,1.397429074638e-01,3.600039320082e-01,4.992512556933e-01,1.772431086623e+00,1.001102715234e+00
7.641282565130e-02,4.527667306441e-04,1.200500422737e-02,1.959315300456e+06,9.612129514229e-01,5.092806893195e+01,2.858549550619e+01,2.938295917742e+02,2.950958662824e+02,3.005524909704e+05,9.388360384843e+04,2.255046966644e+01,9.986298187972e+02,3.445034047875e+02,4.905266611722e+01,1.423865930947e-01,3.588132545841e-01,4.992490273008e-01,1.781605252248e+00,1.001128199027e+00
7.703406813627e-02,4.445422403322e-04,1.189546930239e-02,1.957771352948e+06,9.610388927274e-01,5.191203191009e+01,2.898518847733e+01,2.937763900088e+02,2.950955879980e+02,3.004988398506e+05,9.388100063985e+04,2.253693530999e+01,9.986291825814e+02,3.444052326963e+02,4.997625213986e+01,1.451088641964e-01,3.576043902261e-01,4.992471571429e-01,1.790984797311e+00,1.001154913626e+00
7.765531062124e-02,4.363931350481e-04,1.178593437741e-02,1.956154941677e+06,9.608617759503e-01,5.292575211246e+01,2.939375844055e+01,2.937205694358e+02,2.950953360921e+02,3.004425422599e+05,9.387843996924e+04,2.252276983328e+01,9.986285074845e+02,3.443037449063e+02,5.092700356040e+01,1.479130108627e-01,3.563767511503e-01,4.992456499149e-01,1.800577909065e+00,1.001182787904e+00
7.827655310621e-02,4.283194147916e-04,1.167639945243e-02,1.954461852597e+06,9.606815155426e-01,5.397048997249e+01,2.981147370115e+01,2.936619775740e+02,2.950951132181e+02,3.003834443016e+05,9.387592898011e+04,2.250793603967e+01,9.986277909929e+02,3.441987714212e+02,5.190603733803e+01,1.508025061325e-01,3.551297372359e-01,4.992445251780e-01,1.810393223546e+00,1.001211702606e+00
7.889779559118e-02,4.203210795628e-04,1.156686452745e-02,1.952687571951e+06,9.604980250952e-01,5.504757654924e+01,3.023861200121e+01,2.936004514666e+02,2.950949222861e+02,3.003213815493e+05,9.387347560703e+04,2.249239400910e+01,9.986270303996e+02,3.440901315771e+02,5.291453123873e+01,1.537810195143e-01,3.538627308599e-01,4.992438227050e-01,1.820439924526e+00,1.001241480915e+00
7.951903807615e-02,4.123981293616e-04,1.145732960246e-02,1.950827258611e+06,9.603112143493e-01,5.615841886271e+01,3.067546009091e+01,2.935358167827e+02,2.950947665279e+02,3.002561781463e+05,9.387108882092e+04,2.247610084615e+01,9.986262227762e+02,3.439776320935e+02,5.395372805437e+01,1.568524317294e-01,3.525750769370e-01,4.992435909954e-01,1.830727842265e+00,1.001271910216e+00
8.014028056112e-02,4.045505641882e-04,1.134779467748e-02,1.948875716444e+06,9.601209818810e-01,5.730450584304e+01,3.112231463412e+01,2.934678869975e+02,2.950946495715e+02,3.001876460012e+05,9.386877891451e+04,2.245901039230e+01,9.986253649443e+02,3.438610637384e+02,5.502494010146e+01,1.600208511636e-01,3.512660375446e-01,4.992438373246e-01,1.841267480158e+00,1.001302837891e+00
8.076152304609e-02,3.967783840424e-04,1.123825975250e-02,1.946827365638e+06,9.599272024223e-01,5.848741491036e+01,3.157948631057e+01,2.933964625719e+02,2.950945754972e+02,3.001155839789e+05,9.386655770811e+04,2.244107294668e+01,9.986244534453e+02,3.437401960776e+02,5.612955403000e+01,1.632906324908e-01,3.499347166237e-01,4.992444201489e-01,1.852069863809e+00,1.001334379658e+00
8.138276553106e-02,3.890815889243e-04,1.112872482752e-02,1.944676217261e+06,9.597297116251e-01,5.970881904009e+01,3.204730818081e+01,2.933213301515e+02,2.950945488230e+02,3.000397771047e+05,9.386443846376e+04,2.242223501752e+01,9.986234845045e+02,3.436147712797e+02,5.726903602938e+01,1.666663974197e-01,3.485799729669e-01,4.992448968124e-01,1.863146155777e+00,1.001367214846e+00
8.200400801603e-02,3.814601788339e-04,1.101918990254e-02,1.942415849415e+06,9.595282994242e-01,6.097049428056e+01,3.252614579648e+01,2.932422614525e+02,2.950945743473e+02,2.999599954313e+05,9.386243522543e+04,2.240243911366e+01,9.986224541028e+02,3.434845004746e+02,5.844493800544e+01,1.701530576334e-01,3.472003875041e-01,4.992444215002e-01,1.874507193753e+00,1.001402789025e+00
8.262525050100e-02,3.739141537712e-04,1.090965497756e-02,1.940039375747e+06,9.593227348975e-01,6.227432758062e+01,3.301639988065e+01,2.931590111893e+02,2.950946568101e+02,2.998759918968e+05,9.386056136190e+04,2.238162351892e+01,9.986213580290e+02,3.433490699787e+02,5.965890576078e+01,1.737558391070e-01,3.457944148660e-01,4.992419077729e-01,1.886163476506e+00,1.001443012541e+00
8.324649298597e-02,3.664435137361e-04,1.080012005258e-02,1.937539385716e+06,9.591128530167e-01,6.362232468577e+01,3.351848621025e+01,2.930713132036e+02,2.950948003905e+02,2.997874983184e+05,9.385882740953e+04,2.235972188001e+01,9.986201919615e+02,3.432081672885e+02,6.091269063025e+01,1.774803062278e-01,3.443608838288e-01,4.992367482463e-01,1.898126433476e+00,1.001488888175e+00
8.386773547094e-02,3.590482587288e-04,1.069058512760e-02,1.934907832708e+06,9.588987195830e-01,6.501661787365e+01,3.403278113639e+01,2.929788745046e+02,2.950950082375e+02,2.996942192631e+05,9.385723900978e+04,2.233666235214e+01,9.986189515251e+02,3.430615326470e+02,6.220816580836e+01,1.813323846844e-01,3.428999195062e-01,4.992302440946e-01,1.910411541539e+00,1.001537763554e+00
8.448897795591e-02,3.517283887491e-04,1.058105020262e-02,1.932135871262e+06,9.586808313497e-01,6.645947383253e+01,3.455954825088e+01,2.928813690375e+02,2.950952824758e+02,2.995958257461e+05,9.385579678058e+04,2.231236616801e+01,9.986176322151e+02,3.429090235151e+02,6.354734675019e+01,1.853183859053e-01,3.414140187023e-01,4.992273159256e-01,1.923042319595e+00,1.001580021621e+00
8.511022044088e-02,3.444839037971e-04,1.047151527764e-02,1.929213716222e+06,9.584601924836e-01,6.795330356100e+01,3.509891669637e+01,2.927784369481e+02,2.950956253534e+02,2.994919547803e+05,9.385450097843e+04,2.228674600990e+01,9.986162290703e+02,3.427506421136e+02,6.493241019021e+01,1.894450431655e-01,3.399083758186e-01,4.992369852931e-01,1.936051307476e+00,1.001598120167e+00
8.573146292585e-02,3.373148038728e-04,1.036198035266e-02,1.926130691846e+06,9.582379747836e-01,6.950067883285e+01,3.565103639212e+01,2.926696987281e+02,2.950960422027e+02,2.993822244671e+05,9.385336391557e+04,2.225970538448e+01,9.986147360161e+02,3.425864311219e+02,6.636569780135e+01,1.937195748939e-01,3.383888702929e-01,4.992690190617e-01,1.949471484319e+00,1.001573027052e+00
8.635270541082e-02,3.302210889761e-04,1.025244542768e-02,1.922875654929e+06,9.580144486268e-01,7.110436316899e+01,3.621650656040e+01,2.925547903993e+02,2.950965463670e+02,2.992662708170e+05,9.385243093586e+04,2.223114065570e+01,9.986131449265e+02,3.424161296692e+02,6.784968179968e+01,1.981497830293e-01,3.368561149251e-01,4.993243996548e-01,1.963313690966e+00,1.001502582190e+00
8.697394789579e-02,3.232027591072e-04,1.014291050270e-02,1.919437745239e+06,9.577871840309e-01,7.276737085688e+01,3.679694075724e+01,2.924334060848e+02,2.950971649102e+02,2.991437917490e+05,9.385180496752e+04,2.220094630801e+01,9.986114446558e+02,3.422385714071e+02,6.938687536471e+01,2.027441707678e-01,3.352957764706e-01,4.993809588534e-01,1.977538604009e+00,1.001429250681e+00
8.759519038076e-02,3.162598142659e-04,1.003337557771e-02,1.915806798550e+06,9.575493464318e-01,7.449307287218e+01,3.739505210248e+01,2.923052917097e+02,2.950979417360e+02,2.990145394095e+05,9.385165994335e+04,2.216902022633e+01,9.986096205097e+02,3.420510616045e+02,7.097971298946e+01,2.075120382802e-01,3.336698682265e-01,4.993836465983e-01,1.992056934913e+00,1.001459172127e+00
8.821643286573e-02,3.093922544523e-04,9.923840652734e-03,1.911971751220e+06,9.572901001639e-01,7.628533170618e+01,3.801318956637e+01,2.921700779547e+02,2.950989322643e+02,2.988781445858e+05,9.385221707013e+04,2.213525845336e+01,9.986076547399e+02,3.418493545638e+02,7.263049509512e+01,2.124634553949e-01,3.319198825843e-01,4.992582508269e-01,2.006812176942e+00,1.001736250343e+00
8.883767535070e-02,3.026000796664e-04,9.814305727753e-03,1.907914531589e+06,9.569998482588e-01,7.814847449421e+01,3.864964951436e+01,2.920268266778e+02,2.951001826396e+02,2.987336440212e+05,9.385365227469e+04,2.209952013101e+01,9.986055285333e+02,3.416291256898e+02,7.434150602124e+01,2.176088056636e-01,3.299957342630e-01,4.989671210728e-01,2.021971103908e+00,1.002333685633e+00
8.945891783567e-02,2.958832899081e-04,9.704770802773e-03,1.903599307592e+06,9.566816000227e-01,8.008670652449e+01,3.929449285448e+01,2.918733771170e+02,2.951016891257e+02,2.985788036793e+05,9.385591653802e+04,2.206155382724e+01,9.986032264335e+02,3.413895403682e+02,7.611538324037e+01,2.229575726259e-01,3.279155408640e-01,4.985993944580e-01,2.038115285546e+00,1.003073240711e+00
9.008016032064e-02,2.892418851776e-04,9.595235877792e-03,1.898970339571e+06,9.563642917300e-01,8.210313018724e+01,3.993117566703e+01,2.917063984771e+02,2.951033416700e+02,2.984101805553e+05,9.385849813987e+04,2.202096701788e+01,9.986007482887e+02,3.411382132476e+02,7.795620826687e+01,2.285179591132e-01,3.258321124352e-01,4.984304709937e-01,2.056116025029e+00,1.003404518815e+00
9.070140280561e-02,2.826758654747e-04,9.485700952811e-03,1.893997066213e+06,9.561052071372e-01,8.420064803823e+01,4.055349027625e+01,2.915244516679e+02,2.951048695347e+02,2.982263049436e+05,9.386023763907e+04,2.197750685063e+01,9.985981421599e+02,3.408946057400e+02,7.987289729769e+01,2.343037876012e-01,3.240413736829e-01,4.988300274042e-01,2.076286096823e+00,1.002618430812e+00
9.132264529058e-02,2.761852307995e-04,9.376166027830e-03,1.888784637667e+06,9.559656552714e-01,8.638707132822e+01,4.120026342151e+01,2.913352995072e+02,2.951058282940e+02,2.980352689140e+05,9.385937675059e+04,2.193177156008e+01,9.985955574782e+02,3.406866901331e+02,8.188494891205e+01,2.403526503488e-01,3.228595280723e-01,4.999329912523e-01,2.096760169818e+00,1.000583662879e+00
9.194388777555e-02,2.697699811520e-04,9.266631102850e-03,1.883558339731e+06,9.559611419063e-01,8.867158752939e+01,4.198422514959e+01,2.911576121362e+02,2.951057019787e+02,2.978565863793e+05,9.385397055487e+04,2.188490547048e+01,9.985932147880e+02,3.405339970954e+02,8.401563763952e+01,2.467173273627e-01,3.223691246859e-01,5.011850207613e-01,2.112021532217e+00,9.985387830435e-01
9.256513026052e-02,2.634301165322e-04,9.157096177869e-03,1.878096151419e+06,9.560189548587e-01,9.101485958179e+01,4.305097265577e+01,2.909929262153e+02,2.951042413798e+02,2.976924099426e+05,9.384277120718e+04,2.183420195255e+01,9.985910712890e+02,3.404123939795e+02,8.623550376547e+01,2.533265688636e-01,3.221631068156e-01,5.011973059044e-01,2.114118542908e+00,9.985569196416e-01
9.318637274549e-02,2.571656369400e-04,9.047561252888e-03,1.871092535404e+06,9.560003123052e-01,9.334432670151e+01,4.437238084639e+01,2.907812009702e+02,2.951022362130e+02,2.974813347496e+05,9.382785909949e+04,2.176914352519e+01,9.985883539722e+02,3.402296462581e+02,8.845642806754e+01,2.599903595715e-01,3.214157034576e-01,4.991011187969e-01,2.103658287453e+00,1.000948418283e+00
9.380761523046e-02,2.509765423756e-04,8.938026327907e-03,1.862499055179e+06,9.558322787554e-01,9.612734002613e+01,4.536041716015e+01,2.904714682581e+02,2.951029813161e+02,2.971688478660e+05,9.382295275555e+04,2.169309093259e+01,9.985842860553e+02,3.399147678139e+02,9.102881237286e+01,2.677989337101e-01,3.197857636526e-01,4.990693500928e-01,2.119189946749e+00,1.002356676277e+00
9.442885771543e-02,2.448628328388e-04,8.828491402927e-03,1.854937340522e+06,9.555770170005e-01,9.889804836039e+01,4.622748472769e+01,2.901980603001e+02,2.951050592056e+02,2.968930134277e+05,9.382457635161e+04,2.162609178485e+01,9.985803811614e+02,3.395912220545e+02,9.356293238930e+01,2.755163452791e-01,3.178053977135e-01,4.991598150628e-01,2.139377665537e+00,1.002570019521e+00
9.505010020040e-02,2.388245083297e-04,8.718956477946e-03,1.847605654490e+06,9.552736784095e-01,1.017171861134e+02,4.706247272740e+01,2.899344006215e+02,2.951078444630e+02,2.966271577013e+05,9.382936832696e+04,2.156088858641e+01,9.985764187859e+02,3.392531458353e+02,9.612620265126e+01,2.833465329100e-01,3.156114316837e-01,4.991765814368e-01,2.161322604160e+00,1.002336381372e+00
9.567134268537e-02,2.328615688482e-04,8.609421552965e-03,1.839693730010e+06,9.549402447531e-01,1.046842177005e+02,4.790281291607e+01,2.896470935701e+02,2.951111266736e+02,2.963373392250e+05,9.383569210050e+04,2.149059769666e+01,9.985720796516e+02,3.388815432694e+02,9.881279205888e+01,2.915850509460e-01,3.132321837499e-01,4.991806482181e-01,2.185345939578e+00,1.002180576066e+00
9.629258517034e-02,2.269740143945e-04,8.499886627984e-03,1.831023177085e+06,9.545806824021e-01,1.078249795030e+02,4.876301298497e+01,2.893289985495e+02,2.951148741185e+02,2.960163295393e+05,9.384324628975e+04,2.141364530676e+01,9.985672899910e+02,3.384717259955e+02,1.016466420706e+02,3.003105850914e-01,3.106764931585e-01,4.991446812477e-01,2.211204207916e+00,1.002241361392e+00
9.691382765531e-02,2.211618449684e-04,8.390351703004e-03,1.821638479881e+06,9.541932406028e-01,1.111366718473e+02,4.964864358328e+01,2.889826515894e+02,2.951191203596e+02,2.956667646244e+05,9.385221203236e+04,2.133030728431e+01,9.985620619497e+02,3.380240021056e+02,1.046242269733e+02,3.095171535796e-01,3.079431699861e-01,4.990092082073e-01,2.238463406576e+00,1.002518693010e+00
9.753507014028e-02,2.154250605700e-04,8.280816778023e-03,1.811558146025e+06,9.537811858771e-01,1.146236205842e+02,5.056228469536e+01,2.886097442723e+02,2.951239184701e+02,2.952904355957e+05,9.386284216195e+04,2.124061950930e+01,9.985563912852e+02,3.375397218290e+02,1.077488683919e+02,3.192183361651e-01,3.050534495152e-01,4.987750095651e-01,2.266978663539e+00,1.002955330920e+00
9.815631262525e-02,2.097636611993e-04,8.171281853042e-03,1.800821765668e+06,9.533660889047e-01,1.183017332389e+02,5.150578815317e+01,2.882134230364e+02,2.951293256252e+02,2.948906441414e+05,9.387541291340e+04,2.114475334857e+01,9.985502827302e+02,3.370281606713e+02,1.110378080228e+02,3.294615138440e-01,3.021160290220e-01,4.985756330554e-01,2.296862886305e+00,1.003350418842e+00
9.877755511022e-02,2.041776468563e-04,8.061746928061e-03,1.789523824993e+06,9.529975098036e-01,1.221728642403e+02,5.248104314195e+01,2.877989073703e+02,2.951353775960e+02,2.944727845565e+05,9.389015698418e+04,2.104337088773e+01,9.985437709599e+02,3.365118895526e+02,1.145023946628e+02,3.402625530261e-01,2.993697841440e-01,4.986710650358e-01,2.327942756584e+00,1.003173049098e+00
9.939879759519e-02,1.986670175410e-04,7.952212003081e-03,1.777530491320e+06,9.527444245520e-01,1.261310191522e+02,5.348701040398e+01,2.873583693211e+02,2.951420668029e+02,2.940288020674e+05,9.390690955684e+04,2.093544194598e+01,9.985367972078e+02,3.360154107037e+02,1.180638278426e+02,3.513643246163e-01,2.971155370108e-01,4.992027306465e-01,2.358161695700e+00,1.001219441066e+00
1.000200400802e-01,1.938414739778e-04,7.855040262122e-03,1.764995062639e+06,9.526514156666e-01,1.298844025682e+02,5.451445803858e+01,2.868952747839e+02,2.951493434806e+02,2.935620753589e+05,9.392559542899e+04,2.082245384383e+01,9.985294427878e+02,3.355671883688e+02,1.214753407619e+02,3.620000553462e-01,2.955582751189e-01,4.999098271707e-01,2.382567987308e+00,9.990286791298e-01
1.006412825651e-01,1.902519289923e-04,7.781970821313e-03,1.753213618411e+06,9.527021316751e-01,1.331463931768e+02,5.554999746999e+01,2.864686802522e+02,2.951571172882e+02,2.931328319937e+05,9.394706746441e+04,2.071524669510e+01,9.985223152610e+02,3.352117644841e+02,1.244832686531e+02,3.713570997267e-01,2.947199347229e-01,5.003990761329e-01,2.396874873823e+00,9.990545969755e-01
1.012625250501e-01,1.872925313407e-04,7.721208735304e-03,1.743001343922e+06,9.528534638228e-01,1.359140086937e+02,5.658781188234e+01,2.861185415421e+02,2.951652743840e+02,2.927819122823e+05,9.397161477928e+04,2.062055506922e+01,9.985158105992e+02,3.349621804025e+02,1.270783704740e+02,3.793812493140e-01,2.944681633278e-01,5.006119419230e-01,2.401824777679e+00,9.991022673085e-01
1.018837675351e-01,1.847330650463e-04,7.668269746773e-03,1.733748444670e+06,9.530738068539e-01,1.383614187777e+02,5.762943925734e+01,2.858173750653e+02,2.951737213451e+02,2.924812724675e+05,9.399827226686e+04,2.053333203311e+01,9.985096741890e+02,3.347826554079e+02,1.294084859345e+02,3.865447741815e-01,2.946100850550e-01,5.006844292297e-01,2.400880878952e+00,9.990368810739e-01
1.025050100200e-01,1.824565767345e-04,7.620874764347e-03,1.724838978018e+06,9.533421134831e-01,1.406298917468e+02,5.867665111262e+01,2.855353611695e+02,2.951824032061e+02,2.922004107280e+05,9.402623175592e+04,2.044856061877e+01,9.985036397766e+02,3.346403284861e+02,1.315938863341e+02,3.932397715762e-01,2.950018713370e-01,5.007190565553e-01,2.396692535790e+00,9.989748761869e-01
1.031262525050e-01,1.803939849739e-04,7.577677007189e-03,1.716047377817e+06,9.536440760182e-01,1.427848484188e+02,5.972943694082e+01,2.852606622842e+02,2.951912878095e+02,2.919271771644e+05,9.405514493477e+04,2.036446592036e+01,9.984976130932e+02,3.345195723970e+02,1.336890979738e+02,3.996450701400e-01,2.955625972177e-01,5.007487834752e-01,2.390527279878e+00,9.989496852743e-01
1.037474949900e-01,1.785004539368e-04,7.537802012283e-03,1.707352992222e+06,9.539697253649e-01,1.448509282337e+02,6.078690737390e+01,2.849914996843e+02,2.952003503021e+02,2.916597126991e+05,9.408488697902e+04,2.028094350002e+01,9.984915905511e+02,3.344145914648e+02,1.357134875296e+02,4.058240608915e-01,2.962475127385e-01,5.007748215666e-01,2.382929721077e+00,9.989433731140e-01
1.043687374749e-01,1.767449301775e-04,7.500643879586e-03,1.698759577489e+06,9.543119844244e-01,1.468425689247e+02,6.184822559828e+01,2.847275729433e+02,2.952095665807e+02,2.913976837988e+05,9.411536607065e+04,2.019806759858e+01,9.984855770560e+02,3.343220006268e+02,1.376780120189e+02,4.118125991133e-01,2.970264345955e-01,5.007948731364e-01,2.374240610855e+00,9.989396782508e-01
1.049899799599e-01,1.751048551691e-04,7.465762286539e-03,1.690248383179e+06,9.546657254275e-01,1.487732281553e+02,6.291282852068e+01,2.844676600289e+02,2.952189161898e+02,2.911398242944e+05,9.414648050938e+04,2.011571170177e+01,9.984795684132e+02,3.342385351563e+02,1.395931989664e+02,4.176454366672e-01,2.978756076688e-01,5.008096202909e-01,2.364751858302e+00,9.989345752407e-01
1.056112224449e-01,1.735632310167e-04,7.432825324908e-03,1.681791843953e+06,9.550271474472e-01,1.506549008885e+02,6.398032482871e+01,2.842101804150e+02,2.952283820115e+02,2.908845062829e+05,9.417813379331e+04,2.003366825441e+01,9.984735559432e+02,3.341612342093e+02,1.414686015107e+02,4.233543182993e-01,2.987761233076e-01,5.008208799939e-01,2.354706721041e+00,9.989293146404e-01
1.062324649299e-01,1.721068734183e-04,7.401575459943e-03,1.673367318908e+06,9.553933757906e-01,1.524970495496e+02,6.505039486491e+01,2.839538292533e+02,2.952379498267e+02,2.906303862425e+05,9.421024616298e+04,1.995176553631e+01,9.984675325753e+02,3.340877677786e+02,1.433117661907e+02,4.289644219651e-01,2.997133561536e-01,5.008299416133e-01,2.344290912704e+00,9.989251091311e-01
1.068537074148e-01,1.707253127544e-04,7.371808114129e-03,1.664959055691e+06,9.557622047124e-01,1.543068719180e+02,6.612275822257e+01,2.836976669463e+02,2.952476077022e+02,2.903764958625e+05,9.424275380049e+04,1.986988536530e+01,9.984614938922e+02,3.340163928533e+02,1.451284097898e+02,4.344948717938e-01,3.006760424400e-01,5.008374061412e-01,2.333642395839e+00,9.989221443784e-01
1.074749498998e-01,1.694100716263e-04,7.343357584767e-03,1.656555409391e+06,9.561319260949e-01,1.560900525106e+02,6.719717280208e+01,2.834409799794e+02,2.952573455686e+02,2.901220995304e+05,9.427560412277e+04,1.978794065476e+01,9.984554370096e+02,3.339457673262e+02,1.469230434440e+02,4.399607895030e-01,3.016553231625e-01,5.008435465615e-01,2.322866364785e+00,9.989201868323e-01
1.080961923848e-01,1.681541722970e-04,7.316087441057e-03,1.648146653775e+06,9.565012096731e-01,1.578513134023e+02,6.827343548115e+01,2.831831689269e+02,2.952671562780e+02,2.898665796261e+05,9.430875243203e+04,1.970585768385e+01,9.984493601777e+02,3.338748087294e+02,1.486994315981e+02,4.453748162792e-01,3.026440565979e-01,5.008485512023e-01,2.312045853410e+00,9.989190401550e-01
1.087174348697e-01,1.669517904850e-04,7.289883773248e-03,1.639724202395e+06,9.568690162392e-01,1.595946882022e+02,6.935137824896e+01,2.829237056543e+02,2.952770331133e+02,2.896093924648e+05,9.434216034256e+04,1.962357024964e+01,9.984432619997e+02,3.338026217688e+02,1.504608132949e+02,4.507478476282e-01,3.036363952684e-01,5.008525879192e-01,2.301247534393e+00,9.989186190269e-01
1.093386773547e-01,1.657980056355e-04,7.264650322165e-03,1.631280459515e+06,9.572345335691e-01,1.613236603129e+02,7.043086292577e+01,2.826621225879e+02,2.952869697048e+02,2.893500571366e+05,9.437579498227e+04,1.954101875395e+01,9.984371410625e+02,3.337284613021e+02,1.522100082013e+02,4.560893835886e-01,3.046275115119e-01,5.008557987756e-01,2.290525113727e+00,9.989188825888e-01
1.099599198397e-01,1.646886167187e-04,7.240304886088e-03,1.622808710053e+06,9.575971284742e-01,1.630412644005e+02,7.151177692273e+01,2.823980049723e+02,2.952969605275e+02,2.890881474415e+05,9.440962832860e+04,1.945814954473e+01,9.984309959530e+02,3.336517047522e+02,1.539494937684e+02,4.614077841524e-01,3.056133939871e-01,5.008582957811e-01,2.279921873242e+00,9.989197893135e-01
1.105811623246e-01,1.636200036952e-04,7.216776617964e-03,1.614302947211e+06,9.579563103846e-01,1.647501755230e+02,7.259403026163e+01,2.821309806241e+02,2.953070008370e+02,2.888232813017e+05,9.444363657738e+04,1.937491367831e+01,9.984248251024e+02,3.335718276329e+02,1.556814743101e+02,4.667104995491e-01,3.065906862040e-01,5.008601669498e-01,2.269472777985e+00,9.989212892827e-01
1.112024048096e-01,1.625890215326e-04,7.194003957379e-03,1.605757698926e+06,9.583117032783e-01,1.664527834763e+02,7.367755333410e+01,2.818607099105e+02,2.953170866531e+02,2.885551104281e+05,9.447779959678e+04,1.929126562421e+01,9.984186266028e+02,3.334883829742e+02,1.574079391180e+02,4.720042650786e-01,3.075565587546e-01,5.008614845325e-01,2.259206175339e+00,9.989233292071e-01
1.118236472946e-01,1.615929178927e-04,7.171933024125e-03,1.597167894909e+06,9.586630236508e-01,1.681512509136e+02,7.476229508316e+01,2.815868779186e+02,2.953272151205e+02,2.882833122454e+05,9.451210049409e+04,1.920716228031e+01,9.984123955409e+02,3.334009852292e+02,1.591307077782e+02,4.772952535482e-01,3.085086098181e-01,5.008623110138e-01,2.249145116887e+00,9.989258569653e-01
1.124448897796e-01,1.606292683332e-04,7.150516353447e-03,1.588528763790e+06,9.590100633842e-01,1.698475577520e+02,7.584822149802e+01,2.813091883020e+02,2.953373839621e+02,2.880075835404e+05,9.454652525321e+04,1.912256232036e+01,9.984061290822e+02,3.333092975063e+02,1.608514646028e+02,4.825891920994e-01,3.094447877495e-01,5.008627023277e-01,2.239308376617e+00,9.989288237729e-01
1.130661322645e-01,1.596959246801e-04,7.129711888214e-03,1.579835755314e+06,9.593526759072e-01,1.715435356249e+02,7.693531421319e+01,2.810273585209e+02,2.953475912779e+02,2.877276355097e+05,9.458106244836e+04,1.903742566011e+01,9.983998272748e+02,3.332130213286e+02,1.625717850997e+02,4.878914528953e-01,3.103633287519e-01,5.008627083226e-01,2.229711250019e+00,9.989321814315e-01
1.136873747495e-01,1.587909734428e-04,7.109482167050e-03,1.571084488792e+06,9.596907649674e-01,1.732408980937e+02,7.802356939149e+01,2.807411163658e+02,2.953578359235e+02,2.874431902848e+05,9.461570302423e+04,1.895171276899e+01,9.983934897113e+02,3.331118894306e+02,1.642931594166e+02,4.932071313857e-01,3.112627038594e-01,5.008623728374e-01,2.220366223242e+00,9.989358792914e-01
1.143086172345e-01,1.579127019869e-04,7.089793663881e-03,1.562270680921e+06,9.600242756215e-01,1.749412665179e+02,7.911299683026e+01,2.804501956507e+02,2.953681175642e+02,2.871539764449e+05,9.465044008305e+04,1.886538426205e+01,9.983871151793e+02,3.330056579376e+02,1.660170126148e+02,4.985411168177e-01,3.121415772163e-01,5.008617365614e-01,2.211283525174e+00,9.989398687596e-01
1.149298597194e-01,1.570595707706e-04,7.070616245850e-03,1.553390101047e+06,9.603531868964e-01,1.766461902691e+02,8.020361917772e+01,2.801543332831e+02,2.953784365956e+02,2.868597259989e+05,9.468526872547e+04,1.877840057195e+01,9.983807013426e+02,3.328941006778e+02,1.677447203822e+02,5.038981467100e-01,3.129987717648e-01,5.008608373190e-01,2.202471560263e+00,9.989441026861e-01
1.155511022044e-01,1.562301903729e-04,7.051922724767e-03,1.544438531611e+06,9.606775058594e-01,1.783571641732e+02,8.129547128850e+01,2.798532666482e+02,2.953887922333e+02,2.865601716894e+05,9.472018591506e+04,1.869072165380e+01,9.983742465179e+02,3.327770044367e+02,1.694776227038e+02,5.092828544168e-01,3.138332404691e-01,5.008597102854e-01,2.193937267923e+00,9.989485351751e-01
1.161723446894e-01,1.554233023427e-04,7.033688483221e-03,1.535411728052e+06,9.609972626659e-01,1.800756438710e+02,8.238859966803e+01,2.795467309918e+02,2.953991841406e+02,2.862550442834e+05,9.475519036403e+04,1.860230671920e+01,9.983677490518e+02,3.326541646281e+02,1.712170359974e+02,5.146998120069e-01,3.146440420200e-01,5.008583884301e-01,2.185686425023e+00,9.989531215827e-01
1.167935871743e-01,1.546377631265e-04,7.015891160823e-03,1.526305387868e+06,9.613125064745e-01,1.818030597203e+02,8.348306204290e+01,2.792344572615e+02,2.954096141078e+02,2.859440703664e+05,9.479028244550e+04,1.851311393361e+01,9.983612058042e+02,3.325253816647e+02,1.729642642320e+02,5.201535695292e-01,3.154303196272e-01,5.008569026237e-01,2.177723903166e+00,9.989578173922e-01
1.174148296593e-01,1.538725304966e-04,6.998510389302e-03,1.517115116751e+06,9.616233021463e-01,1.835408302175e+02,8.457892708719e+01,2.789161698252e+02,2.954200853558e+02,2.856269699894e+05,9.482546411705e+04,1.842310014517e+01,9.983546127271e+02,3.323904575353e+02,1.747206098973e+02,5.256486939875e-01,3.161912828712e-01,5.008552828562e-01,2.170053895674e+00,9.989625801446e-01
1.180360721443e-01,1.531266520243e-04,6.981527567629e-03,1.507836381635e+06,9.619297274999e-01,1.852903731120e+02,8.567627425167e+01,2.785915835495e+02,2.954306020713e+02,2.853034535809e+05,9.486073884911e+04,1.833222066963e+01,9.983479652435e+02,3.322491918179e+02,1.764873831013e+02,5.311898040613e-01,3.169261923202e-01,5.008535580474e-01,2.162680097033e+00,9.989673690800e-01
1.186573146293e-01,1.523992552429e-04,6.964925670161e-03,1.498464500516e+06,9.622318711676e-01,1.870531173696e+02,8.677519369618e+01,2.782604025545e+02,2.954411650562e+02,2.849732208631e+05,9.489611160140e+04,1.824042879028e+01,9.983412624838e+02,3.321013805595e+02,1.782659116018e+02,5.367816035619e-01,3.176343424904e-01,5.008517538356e-01,2.155605875391e+00,9.989721414339e-01
1.192785571142e-01,1.516895392119e-04,6.948689082252e-03,1.488994585596e+06,9.625298306609e-01,1.888305164764e+02,8.787578618396e+01,2.779223166662e+02,2.954517709159e+02,2.846359571740e+05,9.493158877408e+04,1.814767545034e+01,9.983345079460e+02,3.319468123466e+02,1.800575522113e+02,5.424289238942e-01,3.183150481567e-01,5.008498951741e-01,2.148834447764e+00,9.989768581969e-01
1.198997995992e-01,1.509967672560e-04,6.932803458873e-03,1.479421513083e+06,9.628237104487e-01,1.906240586806e+02,8.897816309502e+01,2.775769992051e+02,2.954624240671e+02,2.842913311545e+05,9.496717820849e+04,1.805390900640e+01,9.983276972246e+02,3.317852655122e+02,1.818636995152e+02,5.481367571718e-01,3.189676334673e-01,5.008480067670e-01,2.142369004370e+00,9.989814816398e-01
1.205210420842e-01,1.503202606923e-04,6.917255602628e-03,1.469739890837e+06,9.631136209249e-01,1.924352778004e+02,9.008244658230e+01,2.772241046053e+02,2.954731297438e+02,2.839389923353e+05,9.500288917755e+04,1.795907487008e+01,9.983208245953e+02,3.316165056744e+02,1.836857953379e+02,5.539102915411e-01,3.195914202402e-01,5.008461121309e-01,2.136212826154e+00,9.989859735836e-01
1.211422845691e-01,1.496593933971e-04,6.902033358262e-03,1.459944017897e+06,9.633996773841e-01,1.942657653436e+02,9.118876983424e+01,2.768632655441e+02,2.954838932916e+02,2.835785682061e+05,9.503873239314e+04,1.786311511667e+01,9.983138835235e+02,3.314402829294e+02,1.855253394669e+02,5.597549514114e-01,3.201857166361e-01,5.008442337167e-01,2.130369405100e+00,9.989902957849e-01
1.217635270541e-01,1.490135870887e-04,6.887125521293e-03,1.450027844410e+06,9.636819992897e-01,1.961171835996e+02,9.229727741012e+01,2.764940900220e+02,2.954947187525e+02,2.832096612283e+05,9.507472002608e+04,1.776596811872e+01,9.983068704573e+02,3.312563290435e+02,1.873839013960e+02,5.656764413741e-01,3.207498066209e-01,5.008423941499e-01,2.124842564187e+00,9.989944130733e-01
1.223847695391e-01,1.483823072280e-04,6.872521758819e-03,1.439984901859e+06,9.639607095789e-01,1.979912776636e+02,9.340812553207e+01,2.761161567647e+02,2.955056099464e+02,2.828318440434e+05,9.511086571752e+04,1.766756825399e+01,9.982997854986e+02,3.310643528885e+02,1.892631311591e+02,5.716807910843e-01,3.212829407201e-01,5.008406168265e-01,2.119636557695e+00,9.989982942174e-01
1.230060120240e-01,1.477650594544e-04,6.858212540951e-03,1.429808286513e+06,9.642359339302e-01,1.998898895921e+02,9.452148261426e+01,2.757290132096e+02,2.955165730135e+02,2.824446576025e+05,9.514718466899e+04,1.756784516305e+01,9.982926233630e+02,3.308640394812e+02,1.911647721049e+02,5.777744006410e-01,3.217843225619e-01,5.008389228950e-01,2.114756180961e+00,9.990019026132e-01
1.236272545090e-01,1.471613864904e-04,6.844189081578e-03,1.419490571632e+06,9.645078005603e-01,2.018149787105e+02,9.563753003883e+01,2.753321696875e+02,2.955276139773e+02,2.820476052015e+05,9.518369366958e+04,1.746672295932e+01,9.982853782741e+02,3.306550448797e+02,1.930906794820e+02,5.839641114571e-01,3.222530944140e-01,5.008373331387e-01,2.110206930570e+00,9.990052012004e-01
1.242484969940e-01,1.465708654618e-04,6.830443287446e-03,1.409023730899e+06,9.647764399617e-01,2.037686406821e+02,9.675646295095e+01,2.749250939337e+02,2.955387385338e+02,2.816401468907e+05,9.522041116645e+04,1.736411956730e+01,9.982780443705e+02,3.304369913407e+02,1.950428379635e+02,5.902572746839e-01,3.226883242767e-01,5.008358687434e-01,2.105995139419e+00,9.990081542759e-01
1.248697394790e-01,1.459931055896e-04,6.816967714744e-03,1.398399064542e+06,9.650419848130e-01,2.057531275250e+02,9.787849108864e+01,2.745072055407e+02,2.955499518074e+02,2.812216938413e+05,9.525735735931e+04,1.725994602180e+01,9.982706182289e+02,3.302094627761e+02,1.970233801305e+02,5.966618232988e-01,3.230889924951e-01,5.008345513092e-01,2.102128110441e+00,9.990107269693e-01
1.254909819639e-01,1.454277462195e-04,6.803755532579e-03,1.387607115732e+06,9.653045697567e-01,2.077708709280e+02,9.900383978861e+01,2.740778697373e+02,2.955612613834e+02,2.807916019199e+05,9.529455432123e+04,1.715410571932e+01,9.982630930352e+02,3.299719994201e+02,1.990346080215e+02,6.031863563311e-01,3.234539780692e-01,5.008334046872e-01,2.098614269624e+00,9.990128868660e-01
1.261122244489e-01,1.448744551643e-04,6.790800492894e-03,1.376637546706e+06,9.655643315530e-01,2.098245081399e+02,1.001327512585e+02,2.736363886976e+02,2.955726763841e+02,2.803491626651e+05,9.533202610121e+04,1.704649346222e+01,9.982554601041e+02,3.297240897758e+02,2.010790171762e+02,6.098402373721e-01,3.237820424010e-01,5.008324546905e-01,2.095463327461e+00,9.990146017128e-01
1.267334669339e-01,1.443329273422e-04,6.778096906572e-03,1.365479048959e+06,9.658214093235e-01,2.119169151835e+02,1.012654861755e+02,2.731819940173e+02,2.955842067982e+02,2.798935959718e+05,9.536979890291e+04,1.693699387675e+01,9.982477105140e+02,3.294651658146e+02,2.031593274062e+02,6.166337096788e-01,3.240718046769e-01,5.008317253122e-01,2.092686493562e+00,9.990158314271e-01
1.273547094188e-01,1.438028837004e-04,6.765639625606e-03,1.354119154348e+06,9.660759450014e-01,2.140512513729e+02,1.024023255800e+02,2.727138334112e+02,2.955958604795e+02,2.794240365655e+05,9.540790121270e+04,1.682547966094e+01,9.982398415821e+02,3.291945921612e+02,2.052785240862e+02,6.235780567917e-01,3.243217141258e-01,5.008312415702e-01,2.090296779498e+00,9.990165352503e-01
1.279759519038e-01,1.432840704241e-04,6.753424031456e-03,1.342544043069e+06,9.663280833176e-01,2.162310054036e+02,1.035435728886e+02,2.722309567184e+02,2.956076472918e+02,2.789395195729e+05,9.544636400532e+04,1.671180995778e+01,9.982318455437e+02,3.289116542237e+02,2.074399009177e+02,6.306857730757e-01,3.245300233242e-01,5.008310319331e-01,2.088309292130e+00,9.990166750273e-01
1.285971943888e-01,1.427762584395e-04,6.741446029868e-03,1.330738356710e+06,9.665779723715e-01,2.184600488345e+02,1.046895563455e+02,2.717323014519e+02,2.956195799075e+02,2.784389658094e+05,9.548522100199e+04,1.659582829740e+01,9.982237097809e+02,3.286155461493e+02,2.096471096927e+02,6.379707599026e-01,3.246947556381e-01,5.008311281026e-01,2.086741566786e+00,9.990162120479e-01
1.292184368737e-01,1.422792432287e-04,6.729702052724e-03,1.318684910297e+06,9.668257644690e-01,2.207427023975e+02,1.058406319909e+02,2.712166718130e+02,2.956316715664e+02,2.779211602364e+05,9.552450890608e+04,1.647736013245e+01,9.982154216959e+02,3.283053526512e+02,2.119042220137e+02,6.454485749394e-01,3.248136662158e-01,5.008315667576e-01,2.085613986286e+00,9.990151090016e-01
1.298396793587e-01,1.417928449910e-04,6.718189067805e-03,1.306364402162e+06,9.670716171755e-01,2.230838173035e+02,1.069971872632e+02,2.706827161416e+02,2.956439347157e+02,2.773847292756e+05,9.556426773878e+04,1.635620951676e+01,9.982069714331e+02,3.279800319347e+02,2.142158049205e+02,6.531367280408e-01,3.248841912192e-01,5.008323881632e-01,2.084950296447e+00,9.990133222430e-01
1.304609218437e-01,1.413169092008e-04,6.706904597768e-03,1.293754991106e+06,9.673156944772e-01,2.254888833542e+02,1.081596453830e+02,2.701288954145e+02,2.956563856087e+02,2.768281087842e+05,9.560454117555e+04,1.623215468092e+01,9.981983466259e+02,3.276383906014e+02,2.165870212944e+02,6.610550762896e-01,3.249033816592e-01,5.008336388087e-01,2.084778315940e+00,9.990107971867e-01
1.310821643287e-01,1.408513076356e-04,6.695846750211e-03,1.280831776343e+06,9.675581683023e-01,2.279641615477e+02,1.093284706352e+02,2.695534443384e+02,2.956690406420e+02,2.762495042318e+05,9.564537692976e+04,1.610494296637e+01,9.981895289222e+02,3.272790508133e+02,2.190237531077e+02,6.692263148632e-01,3.248678265707e-01,5.008353781024e-01,2.085130800999e+00,9.990074698137e-01
1.317034068136e-01,1.403959399830e-04,6.685014261514e-03,1.267566151712e+06,9.677992202658e-01,2.305168481648e+02,1.105041747408e+02,2.689543223881e+02,2.956819176286e+02,2.756468407880e+05,9.568682717650e+04,1.597428463688e+01,9.981805003936e+02,3.269004095960e+02,2.215327538474e+02,6.776765869494e-01,3.247735552517e-01,5.008376820038e-01,2.086046510963e+00,9.990032737326e-01
1.323246492986e-01,1.399507361814e-04,6.674406558282e-03,1.253924962887e+06,9.680390425476e-01,2.331552817420e+02,1.116873248660e+02,2.683291500833e+02,2.956950399255e+02,2.750176981484e+05,9.572894903882e+04,1.583984509969e+01,9.981712455678e+02,3.265005850089e+02,2.241218402709e+02,6.864362594166e-01,3.246159059536e-01,5.008406367876e-01,2.087571548712e+00,9.989981640206e-01
1.329458917836e-01,1.395156597192e-04,6.664023841949e-03,1.239869495984e+06,9.682778375383e-01,2.358892232836e+02,1.128785539044e+02,2.676751301957e+02,2.957084332514e+02,2.743592308344e+05,9.577180533081e+04,1.570123320137e+01,9.981617426329e+02,3.260773525168e+02,2.268001510008e+02,6.955409483371e-01,3.243893246541e-01,5.008443074591e-01,2.089761209055e+00,9.989921394800e-01
1.335671342685e-01,1.390907122244e-04,6.653867204669e-03,1.225353946010e+06,9.685158181756e-01,2.387302428304e+02,1.140785744242e+02,2.669889317851e+02,2.957221215949e+02,2.736680497528e+05,9.581546541435e+04,1.555798664515e+01,9.981519548905e+02,3.256280465944e+02,2.295785036165e+02,7.050329540637e-01,3.240871148944e-01,5.008487282647e-01,2.092682557049e+00,9.989853236296e-01
1.341883767535e-01,1.386759398426e-04,6.643938788680e-03,1.210323400112e+06,9.687532159454e-01,2.416922232785e+02,1.152881968254e+02,2.662665353002e+02,2.957361322883e+02,2.729400638042e+05,9.586000632417e+04,1.540955300895e+01,9.981418548886e+02,3.251494321997e+02,2.324698626670e+02,7.149631512325e-01,3.237011559638e-01,5.008539331693e-01,2.096417759440e+00,9.989779546808e-01
1.348096192385e-01,1.382714421689e-04,6.634242007890e-03,1.194711218082e+06,9.689903051645e-01,2.447920501898e+02,1.165083522522e+02,2.655030270198e+02,2.957504978815e+02,2.721702705088e+05,9.590551400910e+04,1.525526300841e+01,9.981314178537e+02,3.246375420516e+02,2.354899854590e+02,7.253935696125e-01,3.232216134270e-01,5.008601082508e-01,2.101068682698e+00,9.989701022045e-01
1.354308617234e-01,1.378773849478e-04,6.624781861319e-03,1.178435206201e+06,9.692274499053e-01,2.480506045206e+02,1.177401197250e+02,2.646923010467e+02,2.957652733165e+02,2.713524524536e+05,9.595208355667e+04,1.509429149531e+01,9.981205710477e+02,3.240874490489e+02,2.386583562755e+02,7.364011070957e-01,3.226366194972e-01,5.008679361862e-01,2.106763651167e+00,9.989610038622e-01
1.360521042084e-01,1.374940185382e-04,6.615565387164e-03,1.161392091830e+06,9.694651569788e-01,2.514941714860e+02,1.189847576537e+02,2.638266305111e+02,2.957804967891e+02,2.704787396580e+05,9.599981712997e+04,1.492560380368e+01,9.981092717379e+02,3.234929218460e+02,2.419995073042e+02,7.480828511585e-01,3.219317156131e-01,5.008789687793e-01,2.113667132204e+00,9.989483808325e-01
1.366733466934e-01,1.371217055689e-04,6.606602341066e-03,1.143450101436e+06,9.697040490837e-01,2.551564523549e+02,1.202437511318e+02,2.628960728790e+02,2.957962166584e+02,2.695390028321e+05,9.604882071583e+04,1.474788114125e+01,9.980974491428e+02,3.228459052051e+02,2.455448643642e+02,7.605636633618e-01,3.210883582541e-01,5.008953263352e-01,2.121993450414e+00,9.989289970688e-01
1.372945891784e-01,1.367609639865e-04,6.597906249784e-03,1.124439058925e+06,9.699446322490e-01,2.590814215529e+02,1.215189061013e+02,2.618876216135e+02,2.958125243416e+02,2.685199877650e+05,9.609920475328e+04,1.455941996950e+01,9.980849960907e+02,3.221356955140e+02,2.493352831439e+02,7.740069995848e-01,3.200803618319e-01,5.009175009069e-01,2.132025623542e+00,9.989028148531e-01
1.379158316633e-01,1.364125374562e-04,6.589496131854e-03,1.104137378805e+06,9.701868059665e-01,2.633269330376e+02,1.228125075344e+02,2.607840091512e+02,2.958294726231e+02,2.674040897871e+05,9.615110077719e+04,1.435800473316e+01,9.980718075937e+02,3.213476818192e+02,2.534241458101e+02,7.886291395520e-01,3.188677538370e-01,5.009393636075e-01,2.144137745610e+00,9.988812590870e-01
1.385370741483e-01,1.360775181558e-04,6.581399495269e-03,1.082258935622e+06,9.704294805920e-01,2.679683038392e+02,1.241274593733e+02,2.595624293454e+02,2.958471678768e+02,2.661680520421e+05,9.620471098249e+04,1.414076227810e+01,9.980577324671e+02,3.204620189823e+02,2.578804249493e+02,8.047144737097e-01,3.173907947081e-01,5.009427618547e-01,2.158815665705e+00,9.988919290532e-01
1.391583166333e-01,1.357575802051e-04,6.573658030629e-03,1.058455415336e+06,9.706714758738e-01,2.731007073452e+02,1.254672189816e+02,2.581946472192e+02,2.958658032777e+02,2.647831012651e+05,9.626039838661e+04,1.390412513434e+01,9.980425547895e+02,3.194537579863e+02,2.627911735575e+02,8.226266462290e-01,3.155749706258e-01,5.009033148571e-01,2.176669807157e+00,9.989619418257e-01
1.397795591182e-01,1.354554802843e-04,6.566339810904e-03,1.032381905258e+06,9.709153982120e-01,2.788365834503e+02,1.268355026144e+02,2.566523150191e+02,2.958855852763e+02,2.632204404477e+05,9.631879721069e+04,1.364432624281e+01,9.980260727313e+02,3.182981540168e+02,2.682609672276e+02,8.427977474648e-01,3.133669439670e-01,5.008274293355e-01,2.198411152263e+00,9.990603211843e-01
1.404008016032e-01,1.351763462352e-04,6.559570670774e-03,1.003862858074e+06,9.711745893140e-01,2.852726624505e+02,1.282358825173e+02,2.549194077297e+02,2.959067955778e+02,2.614639887238e+05,9.638084083468e+04,1.335889116688e+01,9.980081491592e+02,3.169838330408e+02,2.743853476541e+02,8.656130661995e-01,3.108110432966e-01,5.008109247005e-01,2.224593123629e+00,9.989753848743e-01
1.410220440882e-01,1.349322456563e-04,6.553645379281e-03,9.730957980356e+05,9.714771566962e-01,2.923390489892e+02,1.296698054461e+02,2.530038340553e+02,2.959296100350e+02,2.595220628404e+05,9.644754425598e+04,1.304883768916e+01,9.979888235135e+02,3.155292436801e+02,2.811142811138e+02,8.909294043082e-01,3.081184370808e-01,5.009981111971e-01,2.254488220935e+00,9.980927748173e-01
1.416432865731e-01,1.347969846281e-04,6.550359748510e-03,9.411492738039e+05,9.718507087342e-01,2.994629020071e+02,1.311296265335e+02,2.509676241614e+02,2.959540572043e+02,2.574577653026e+05,9.651995336755e+04,1.272414849572e+01,9.979685730497e+02,3.140115945367e+02,2.879342066759e+02,9.169540605682e-01,3.056490198773e-01,5.013160159761e-01,2.283716578195e+00,9.957261460425e-01
1.422645290581e-01,1.354901700968e-04,6.567180568747e-03,9.124471567824e+05,9.722731280526e-01,3.055016202576e+02,1.325942581256e+02,2.491333047723e+02,2.959798963061e+02,2.555999362626e+05,9.660121328085e+04,1.242795909042e+01,9.979494566327e+02,3.126974929655e+02,2.937862439294e+02,9.395222236777e-01,3.039582645394e-01,5.015355173309e-01,2.304033557534e+00,9.972584151988e-01
1.428857715431e-01,1.361851333298e-04,6.584001388984e-03,8.910335646646e+05,9.727017357570e-01,3.097299700630e+02,1.340436782929e+02,2.478332208840e+02,2.960066118143e+02,2.542878671942e+05,9.669293717754e+04,1.220050013191e+01,9.979334334436e+02,3.118385302193e+02,2.979849841941e+02,9.555746173652e-01,3.034431246789e-01,5.016449679473e-01,2.310664508820e+00,9.978696079907e-01
1.435070140281e-01,1.368818743273e-04,6.600822209220e-03,8.764162050578e+05,9.731225694218e-01,3.122690124944e+02,1.354716508748e+02,2.470572750791e+02,2.960336676235e+02,2.535112963355e+05,9.679241104378e+04,1.203815041686e+01,9.979204019834e+02,3.114186906229e+02,3.006307536704e+02,9.653587363980e-01,3.039899231837e-01,5.016832564087e-01,2.305050617438e+00,9.980965104021e-01
1.441282565130e-01,1.375803930891e-04,6.617643029457e-03,8.665600703011e+05,9.735315553440e-01,3.135906199724e+02,1.368783562256e+02,2.466620976189e+02,2.960606245199e+02,2.531238985107e+05,9.689589560643e+04,1.192165171459e+01,9.979095380823e+02,3.113134948210e+02,3.021501696707e+02,9.705656025110e-01,3.052694109493e-01,5.016665761107e-01,2.291016846049e+00,9.981387261500e-01
1.447494989980e-01,1.382806896154e-04,6.634463849694e-03,8.593517946631e+05,9.739282988322e-01,3.142172893199e+02,1.382660777668e+02,2.464834611371e+02,2.960871729798e+02,2.529578876359e+05,9.700014270196e+04,1.183070191950e+01,9.978999746323e+02,3.113827051612e+02,3.030202977166e+02,9.731442777457e-01,3.069392464133e-01,5.016092426915e-01,2.272555166060e+00,9.980759286496e-01
1.453707414830e-01,1.389827639061e-04,6.651284669931e-03,8.531908876390e+05,9.743143107859e-01,3.145857463649e+02,1.396370311769e+02,2.463781143412e+02,2.961131315548e+02,2.528663018320e+05,9.710290982378e+04,1.175051814282e+01,9.978910203521e+02,3.115076604766e+02,3.036434285135e+02,9.747542903085e-01,3.087548842547e-01,5.015658651936e-01,2.252881944807e+00,9.979944174264e-01
1.459919839679e-01,1.396866159612e-04,6.668105490167e-03,8.470174638085e+05,9.746922104643e-01,3.149778886219e+02,1.409938113598e+02,2.462539116365e+02,2.961384148579e+02,2.527547740344e+05,9.720285668022e+04,1.167102300986e+01,9.978822072749e+02,3.116133495577e+02,3.042811961215e+02,9.764703487623e-01,3.105569857978e-01,5.015674476201e-01,2.233983786836e+00,9.978883258035e-01
1.466132264529e-01,1.403922457807e-04,6.684926310404e-03,8.403014546209e+05,9.750634072278e-01,3.155347645254e+02,1.423454093564e+02,2.460737080540e+02,2.961630175276e+02,2.525856348213e+05,9.729946010737e+04,1.158665586486e+01,9.978732960400e+02,3.116688742525e+02,3.050656672481e+02,9.788133896263e-01,3.122532659048e-01,5.016015588892e-01,2.216683811245e+00,9.977515829427e-01
1.472344689379e-01,1.410996533646e-04,6.701747130641e-03,8.329485599080e+05,9.754236247831e-01,3.162862941580e+02,1.437099995126e+02,2.458323302694e+02,2.961870150554e+02,2.523537374677e+05,9.739291753059e+04,1.149628632410e+01,9.978642461453e+02,3.116681318579e+02,3.060239571987e+02,9.818904338231e-01,3.137798332266e-01,5.015858631200e-01,2.200864903143e+00,9.977273413484e-01
1.478557114228e-01,1.418088387129e-04,6.718567950877e-03,8.250361086153e+05,9.757616687426e-01,3.171758204910e+02,1.450793805501e+02,2.455344716984e+02,2.962105645691e+02,2.520638452965e+05,9.748398292677e+04,1.140067558793e+01,9.978550493290e+02,3.116108502172e+02,3.070969981407e+02,9.855144579421e-01,3.150418271074e-01,5.013807099288e-01,2.186222599575e+00,9.979530111903e-01
1.484769539078e-01,1.425198018256e-04,6.735388771114e-03,8.167842247805e+05,9.760715240281e-01,3.181719840113e+02,1.463370032601e+02,2.451938152993e+02,2.962339586248e+02,2.517297829587e+05,9.757408937949e+04,1.130214747301e+01,9.978457267616e+02,3.115020514616e+02,3.082465532854e+02,9.895490313438e-01,3.160165190747e-01,5.011351442063e-01,2.174241490006e+00,9.982168532191e-01
1.490981963928e-01,1.432325427028e-04,6.752209591351e-03,8.091883351209e+05,9.763706471264e-01,3.193421742643e+02,1.473349620158e+02,2.448919261731e+02,2.962573969497e+02,2.514347879124e+05,9.766498533145e+04,1.121064993077e+01,9.978366843715e+02,3.114040381448e+02,3.095415489868e+02,9.940190590684e-01,3.170476883728e-01,5.015454177316e-01,2.167456860850e+00,9.982359782997e-01
1.497194388778e-01,1.439470613443e-04,6.769030411588e-03,8.031262000141e+05,9.766817701129e-01,3.198295208581e+02,1.485325901038e+02,2.447204141364e+02,2.962799658894e+02,2.512730684252e+05,9.775368106584e+04,1.113418599567e+01,9.978285396036e+02,3.114325364765e+02,3.102153735328e+02,9.960917283803e-01,3.185082347187e-01,5.015869626467e-01,2.153261588144e+00,9.981289784030e-01
1.503406813627e-01,1.446633577503e-04,6.785851231824e-03,7.970452921176e+05,9.769920064890e-01,3.203303871581e+02,1.497935607508e+02,2.445383734356e+02,2.963018205791e+02,2.511002961907e+05,9.783937682569e+04,1.105784673101e+01,9.978205534946e+02,3.114541988851e+02,3.109037394398e+02,9.982326151091e-01,3.199946484823e-01,5.015746054617e-01,2.138479021077e+00,9.981199038638e-01
1.509619238477e-01,1.453814319206e-04,6.802672052061e-03,7.895124752828e+05,9.772968440030e-01,3.212537486360e+02,1.510752601789e+02,2.442226715141e+02,2.963230941028e+02,2.507906998381e+05,9.792129832277e+04,1.096732032687e+01,9.978120456888e+02,3.113648400035e+02,3.119837124875e+02,1.001987611973e+00,3.211790885667e-01,5.015236745645e-01,2.126448422167e+00,9.981429229421e-01
1.515831663327e-01,1.461012838554e-04,6.819492872298e-03,7.795177643724e+05,9.775969515453e-01,3.229112919764e+02,1.523684967462e+02,2.436811290930e+02,2.963439978256e+02,2.502500348202e+05,9.799937503797e+04,1.085249896324e+01,9.978025075763e+02,3.110900096002e+02,3.137479198479e+02,1.008543862438e+00,3.218550935759e-01,5.014540391385e-01,2.119278583646e+00,9.981497960134e-01
1.522044088176e-01,1.468229135546e-04,6.836313692534e-03,7.664123690687e+05,9.778993513075e-01,3.255198268367e+02,1.536745345463e+02,2.428497648415e+02,2.963648086606e+02,2.494128924975e+05,9.807416671619e+04,1.070668236349e+01,9.977915774481e+02,3.105815906562e+02,3.164050282069e+02,1.018750105370e+00,3.219386968504e-01,5.014274614352e-01,2.118241827104e+00,9.979579571802e-01
1.528256513026e-01,1.475463210182e-04,6.853134512771e-03,7.499829373033e+05,9.782164097926e-01,3.290944170642e+02,1.549962780740e+02,2.417014031909e+02,2.963858178858e+02,2.482515817370e+05,9.814668967133e+04,1.052720649730e+01,9.977790928736e+02,3.098254611668e+02,3.199772170245e+02,1.032766047759e+00,3.214764447531e-01,5.014871621920e-01,2.123240771673e+00,9.970964406281e-01
1.534468937876e-01,1.484896887886e-04,6.875008068197e-03,7.312066722785e+05,9.785521647935e-01,3.332851055831e+02,1.563321667836e+02,2.403133241624e+02,2.964072627904e+02,2.468451477878e+05,9.821886046243e+04,1.032329040586e+01,9.977654369675e+02,3.088884031781e+02,3.241397349824e+02,1.049374892833e+00,3.206763548158e-01,5.015874919396e-01,2.131903577109e+00,9.967072823446e-01
1.540681362725e-01,1.496633325400e-04,6.902124190906e-03,7.122252394961e+05,9.788953854414e-01,3.375222500793e+02,1.576755853941e+02,2.388763653621e+02,2.964292436677e+02,2.453887278534e+05,9.829310317295e+04,1.011613486180e+01,9.977515524018e+02,3.079181788361e+02,3.283538973751e+02,1.066367366215e+00,3.198547096291e-01,5.016630417967e-01,2.140611999224e+00,9.971410683484e-01
1.546893787575e-01,1.508415962177e-04,6.929240313615e-03,6.946147453116e+05,9.792352661920e-01,3.414171615168e+02,1.590203038148e+02,2.375425186915e+02,2.964517201065e+02,2.440378082436e+05,9.837065974178e+04,9.921655117670e+00,9.977381692389e+02,3.070304629332e+02,3.322498792936e+02,1.082139785478e+00,3.192424745427e-01,5.017044739795e-01,2.147003579584e+00,9.973088326712e-01
1.553106212425e-01,1.520244798217e-04,6.956356436324e-03,6.787710254290e+05,9.795685347294e-01,3.448488499890e+02,1.603629907637e+02,2.363575400264e+02,2.964745562326e+02,2.428392151000e+05,9.845137238030e+04,9.744109697965e+00,9.977254940788e+02,3.062606906054e+02,3.357115815805e+02,1.096162817752e+00,3.189113873882e-01,5.017217756609e-01,2.150426656093e+00,9.973701093081e-01
1.559318637275e-01,1.532119833520e-04,6.983472559034e-03,6.645952428081e+05,9.798942811311e-01,3.478294494139e+02,1.617018184600e+02,2.353184814820e+02,2.964976111848e+02,2.417899159247e+05,9.853456094783e+04,9.582801743040e+00,9.977135164074e+02,3.056063286066e+02,3.387487734523e+02,1.108448162696e+00,3.188513024177e-01,5.017256138256e-01,2.151054655579e+00,9.973889151150e-01
1.565531062124e-01,1.544041068087e-04,7.010588681743e-03,6.518316516285e+05,9.802123478003e-01,3.504218730385e+02,1.630357204561e+02,2.344047575934e+02,2.965207528468e+02,2.408688140123e+05,9.861943478211e+04,9.435396806912e+00,9.977021523582e+02,3.050507428960e+02,3.414193866918e+02,1.119221620150e+00,3.190208039720e-01,5.017232481290e-01,2.149356423600e+00,9.973926583200e-01
1.571743486974e-01,1.556008501916e-04,7.037704804452e-03,6.402128825352e+05,9.805228198069e-01,3.526981931149e+02,1.643640106189e+02,2.335927169596e+02,2.965438713749e+02,2.400516731919e+05,9.870526786537e+04,9.299372015384e+00,9.976913102327e+02,3.045747538125e+02,3.437902953370e+02,1.128755062702e+00,3.193730154854e-01,5.017186199470e-01,2.145835890637e+00,9.973929832793e-01
1.577955911824e-01,1.568022135009e-04,7.064820927161e-03,6.295104572828e+05,9.808258613467e-01,3.547227040430e+02,1.656862022817e+02,2.328612988469e+02,2.965668682020e+02,2.393169123842e+05,9.879145520324e+04,9.172539767573e+00,9.976809004192e+02,3.041612284901e+02,3.459213259299e+02,1.137295925740e+00,3.198661985407e-01,5.017134808689e-01,2.140930863029e+00,9.973943796693e-01
1.584168336673e-01,1.580081967365e-04,7.091937049870e-03,6.195443332681e+05,9.811216628284e-01,3.565473174591e+02,1.670019234647e+02,2.321935090484e+02,2.965896720538e+02,2.386471171263e+05,9.887751543306e+04,9.053162254430e+00,9.976708714710e+02,3.037963157093e+02,3.478608652442e+02,1.145046359209e+00,3.204666867636e-01,5.017084182892e-01,2.134989286722e+00,9.973981785078e-01
1.590380761523e-01,1.592187998985e-04,7.119053172579e-03,6.101775305975e+05,9.814104220307e-01,3.582121088898e+02,1.683108763409e+02,2.315762243627e+02,2.966122229355e+02,2.380288398110e+05,9.896307348946e+04,8.939910108392e+00,9.976611709616e+02,3.034693182797e+02,3.496463191119e+02,1.152163655601e+00,3.211485509991e-01,5.017035027326e-01,2.128276654946e+00,9.974044306092e-01
1.596593186373e-01,1.604340229867e-04,7.146169295288e-03,6.013068963448e+05,9.816923379862e-01,3.597475036466e+02,1.696128180929e+02,2.309994714705e+02,2.966344721077e+02,2.374518605323e+05,9.904783882192e+04,8.831778546503e+00,9.976517665327e+02,3.031721157123e+02,3.513061252715e+02,1.158767931035e+00,3.218921984567e-01,5.016986272629e-01,2.120992432598e+00,9.974127653825e-01
1.602805611222e-01,1.616538660013e-04,7.173285417997e-03,5.928544650674e+05,9.819676078033e-01,3.611765771954e+02,1.709075499022e+02,2.304556760490e+02,2.966563859112e+02,2.369084179084e+05,9.913158576004e+04,8.728006404826e+00,9.976426196981e+02,3.028985546857e+02,3.528618851581e+02,1.164950706101e+00,3.226828841291e-01,5.016936653303e-01,2.113286261502e+00,9.974227600697e-01
1.609018036072e-01,1.628783289422e-04,7.200401540706e-03,5.847606455838e+05,9.822364258317e-01,3.625169652963e+02,1.721949093315e+02,2.299390431055e+02,2.966779344282e+02,2.363925740497e+05,9.921413779463e+04,8.628010767984e+00,9.976337178187e+02,3.026439422515e+02,3.543301382247e+02,1.170782192396e+00,3.235094522902e-01,5.016885191225e-01,2.105271094853e+00,9.974340557528e-01
1.615230460922e-01,1.641074118094e-04,7.227517663415e-03,5.769792102635e+05,9.824989824435e-01,3.637823159743e+02,1.734747642531e+02,2.294450880889e+02,2.966990926229e+02,2.358997345133e+05,9.929535571395e+04,8.531338237214e+00,9.976250586392e+02,3.024046647022e+02,3.557237117365e+02,1.176316880187e+00,3.243633715647e-01,5.016831243438e-01,2.097033061498e+00,9.974463765346e-01
1.621442885772e-01,1.653411146030e-04,7.254633786124e-03,5.694736757594e+05,9.827554632194e-01,3.649833560288e+02,1.747470084463e+02,2.289702912654e+02,2.967198418812e+02,2.354262940246e+05,9.937512880604e+04,8.437629774354e+00,9.976166185973e+02,3.021779021563e+02,3.570527130291e+02,1.181597696196e+00,3.252380299524e-01,5.016774469809e-01,2.088638651236e+00,9.974595111180e-01
1.627655310621e-01,1.665794373228e-04,7.281749908833e-03,5.622147232144e+05,9.830060491227e-01,3.661286549688e+02,1.760115580881e+02,2.285118468816e+02,2.967401723504e+02,2.349693795559e+05,9.945336836311e+04,8.346595898567e+00,9.976083841801e+02,3.019614224411e+02,3.583252407622e+02,1.186659003874e+00,3.261282293666e-01,5.016714758290e-01,2.080139843915e+00,9.974733020952e-01
1.633867735471e-01,1.678223799690e-04,7.308866031542e-03,5.551784148930e+05,9.832509161982e-01,3.672251619795e+02,1.772683485012e+02,2.280674886919e+02,2.967600681500e+02,2.345266711197e+05,9.953000295863e+04,8.257999310042e+00,9.976003537050e+02,3.017534369406e+02,3.595478844830e+02,1.191528713404e+00,3.270298287889e-01,5.016652144312e-01,2.071577724306e+00,9.974876349886e-01
1.640080160321e-01,1.690699425415e-04,7.335982154251e-03,5.483449141610e+05,9.834902352176e-01,3.682785876894e+02,1.785173314240e+02,2.276353629224e+02,2.967795198126e+02,2.340962717576e+05,9.960497492592e+04,8.171642553360e+00,9.975925203547e+02,3.015524950861e+02,3.607260795966e+02,1.196229795723e+00,3.279394919101e-01,5.016586762713e-01,2.062985060059e+00,9.975024242824e-01
1.646292585170e-01,1.703221250403e-04,7.363098276960e-03,5.416975924170e+05,9.837241717097e-01,3.692936765595e+02,1.797584724814e+02,2.272139397728e+02,2.967985234253e+02,2.336766168302e+05,9.967823772315e+04,8.087359173437e+00,9.975848772122e+02,3.013574132270e+02,3.618643605262e+02,1.200781346811e+00,3.288545057973e-01,5.016518801425e-01,2.054388154626e+00,9.975176024705e-01
1.652505010020e-01,1.715789274655e-04,7.390214399669e-03,5.352223496718e+05,9.839528859540e-01,3.702744139302e+02,1.809917493090e+02,2.268019454454e+02,2.968170703070e+02,2.332664043213e+05,9.974975389553e+04,8.005007058025e+00,9.975774162622e+02,3.011672175447e+02,3.629665531921e+02,1.205199410983e+00,3.297726434233e-01,5.016448461703e-01,2.045808250066e+00,9.975331113954e-01
1.658717434870e-01,1.728403498169e-04,7.417330522378e-03,5.289070848139e+05,9.841765331504e-01,3.712241834925e+02,1.822171500682e+02,2.263983083325e+02,2.968351553639e+02,2.328645396746e+05,9.981949346238e+04,7.924463498533e+00,9.975701383002e+02,3.009810995445e+02,3.640359215204e+02,1.209497613210e+00,3.306920612558e-01,5.016375948200e-01,2.037262592207e+00,9.975489025588e-01
1.664929859719e-01,1.741063920947e-04,7.444446645087e-03,5.227413160526e+05,9.843952633479e-01,3.721458827544e+02,1.834346719943e+02,2.260021207851e+02,2.968527774304e+02,2.324700963793e+05,9.988743267838e+04,7.845621542368e+00,9.975630438651e+02,3.007983843192e+02,3.650752746566e+02,1.213687618312e+00,3.316112246352e-01,5.016301470958e-01,2.028765220382e+00,9.975649364362e-01
1.671142284569e-01,1.753770542988e-04,7.471562767796e-03,5.167158927196e+05,9.846092214763e-01,3.730420120132e+02,1.846443202858e+02,2.256126097897e+02,2.968699354083e+02,2.320822860486e+05,9.995355304951e+04,7.768387100753e+00,9.975561262418e+02,3.006185059603e+02,3.660870495706e+02,1.217779485668e+00,3.325288485796e-01,5.016225225681e-01,2.020327575936e+00,9.975811759819e-01
1.677354709419e-01,1.766523364293e-04,7.498678890505e-03,5.108227520127e+05,9.848185475370e-01,3.739147418160e+02,1.858461071089e+02,2.252291119033e+02,2.968866239732e+02,2.317004325582e+05,1.000178405128e+05,7.692676908372e+00,9.975493734589e+02,3.004409865960e+02,3.670733737494e+02,1.221781947624e+00,3.334438579854e-01,5.016147437408e-01,2.011958967733e+00,9.975975925092e-01
1.683567134269e-01,1.779322384860e-04,7.525795013214e-03,5.050547777133e+05,9.850233769398e-01,3.747659606176e+02,1.870400504842e+02,2.248510595700e+02,2.969028396322e+02,2.313239581632e+05,1.000802848017e+05,7.618416781429e+00,9.975427902937e+02,3.002654262717e+02,3.680361092710e+02,1.225702585345e+00,3.343553505169e-01,5.016068296641e-01,2.003666913302e+00,9.976141594412e-01
1.689779559118e-01,1.792167604691e-04,7.552911135923e-03,4.994056386147e+05,9.852238403432e-01,3.755973231954e+02,1.882261736206e+02,2.244779643420e+02,2.969185866529e+02,2.309523662935e+05,1.001408788873e+05,7.545540132184e+00,9.975363760094e+02,3.000914883906e+02,3.689768977830e+02,1.229548028042e+00,3.352625663548e-01,5.015987966955e-01,1.995457464658e+00,9.976308508509e-01
1.695991983968e-01,1.805059023785e-04,7.580027258632e-03,4.938696538379e+05,9.854200638586e-01,3.764102888939e+02,1.894045043311e+02,2.241094027046e+02,2.969338688209e+02,2.305852268889e+05,1.001996185099e+05,7.473986862487e+00,9.975301235343e+02,2.999188881123e+02,3.698971961943e+02,1.233324111470e+00,3.361648670120e-01,5.015906621485e-01,1.987335466087e+00,9.976476442240e-01
1.702204408818e-01,1.817996642142e-04,7.607143381341e-03,4.884417066095e+05,9.856121693324e-01,3.772061499982e+02,1.905750744075e+02,2.237450073191e+02,2.969486824518e+02,2.302221674821e+05,1.002565018097e+05,7.403702389814e+00,9.975240340279e+02,2.997473849071e+02,3.707983030728e+02,1.237035990114e+00,3.370617140188e-01,5.015824409736e-01,1.979304749957e+00,9.976645184309e-01
1.708416833667e-01,1.830980459763e-04,7.634259504050e-03,4.831171591244e+05,9.858002743372e-01,3.779860586817e+02,1.917379192280e+02,2.233844581386e+02,2.969630275308e+02,2.298628640159e+05,1.003115290100e+05,7.334636823576e+00,9.975181038096e+02,2.995767753041e+02,3.716813837614e+02,1.240688245556e+00,3.379526521461e-01,5.015741460616e-01,1.971368314644e+00,9.976814519782e-01
1.714629258517e-01,1.844010476646e-04,7.661375626759e-03,4.778917734584e+05,9.859844924128e-01,3.787510463748e+02,1.928930773684e+02,2.230274736920e+02,2.969769074389e+02,2.295070319076e+05,1.003647021328e+05,7.266744437467e+00,9.975123306210e+02,2.994068854374e+02,3.725474884951e+02,1.244284973443e+00,3.388372998162e-01,5.015657913779e-01,1.963528455982e+00,9.976984290221e-01
1.720841683367e-01,1.857086692793e-04,7.688491749468e-03,4.727616884456e+05,9.861649331786e-01,3.795020334591e+02,1.940405900225e+02,2.226738094684e+02,2.969903242605e+02,2.291544244146e+05,1.004160248016e+05,7.199983221434e+00,9.975067135445e+02,2.992375699262e+02,3.733975612150e+02,1.247829813974e+00,3.397153405640e-01,5.015573899804e-01,1.955786845500e+00,9.977154361080e-01
1.727054108216e-01,1.870209108203e-04,7.715607872177e-03,4.677233711694e+05,9.863417024507e-01,3.802398446111e+02,1.951805007163e+02,2.223232528911e+02,2.970032777562e+02,2.288048275278e+05,1.004655020416e+05,7.134314338360e+00,9.975012496304e+02,2.990687083654e+02,3.742324538982e+02,1.251326011148e+00,3.405865115177e-01,5.015489519780e-01,1.948144631332e+00,9.977324566106e-01
1.733266533066e-01,1.883377722876e-04,7.742723994886e-03,4.627735632564e+05,9.865149024296e-01,3.809652228345e+02,1.963128550384e+02,2.219756173311e+02,2.970157721203e+02,2.284580537895e+05,1.005131400936e+05,7.069701813283e+00,9.974959381306e+02,2.989002000455e+02,3.750529397924e+02,1.254776476347e+00,3.414505978372e-01,5.015404881566e-01,1.940602528347e+00,9.977494785854e-01
1.739478957916e-01,1.896592536813e-04,7.769840117595e-03,4.579092564679e+05,9.866846317679e-01,3.816788387583e+02,1.974377003370e+02,2.216307398446e+02,2.970278106372e+02,2.281139399447e+05,1.005589462817e+05,7.006112157694e+00,9.974907747478e+02,2.987319619377e+02,3.758597220552e+02,1.258183823442e+00,3.423074248304e-01,5.015320078687e-01,1.933160881163e+00,9.977664893889e-01
1.745691382766e-01,1.909853550013e-04,7.796956240304e-03,4.531276557628e+05,9.868509858148e-01,3.823813022534e+02,1.985550855589e+02,2.212884770507e+02,2.970393947651e+02,2.277723427436e+05,1.006029288810e+05,6.943514031132e+00,9.974857607415e+02,2.985639254888e+02,3.766534447764e+02,1.261550417251e+00,3.431568503315e-01,5.015235185102e-01,1.925819734998e+00,9.977834755139e-01
1.751903807615e-01,1.923160762475e-04,7.824072363013e-03,4.484261487111e+05,9.870140566373e-01,3.830731711448e+02,1.996650610588e+02,2.209487016726e+02,2.970505260328e+02,2.274331353734e+05,1.006450970117e+05,6.881878050238e+00,9.974808956087e+02,2.983960338533e+02,3.774347011811e+02,1.264878411107e+00,3.439987612924e-01,5.015150277614e-01,1.918578889634e+00,9.978004275359e-01
1.758116232465e-01,1.936514174202e-04,7.851188485722e-03,4.438022898769e+05,9.871739331027e-01,3.837549552219e+02,2.007676784105e+02,2.206113010530e+02,2.970612059527e+02,2.270962058784e+05,1.006854605546e+05,6.821176591513e+00,9.974761693308e+02,2.982282401695e+02,3.782040373461e+02,1.268169765315e+00,3.448330709850e-01,5.015065433844e-01,1.911437927958e+00,9.978173351025e-01
1.764328657315e-01,1.949913785191e-04,7.878304608431e-03,4.392537936834e+05,9.873307012293e-01,3.844271190603e+02,2.018629902057e+02,2.202761767563e+02,2.970714419052e+02,2.267614568240e+05,1.007240300688e+05,6.761383665417e+00,9.974715843271e+02,2.980605077543e+02,3.789619548997e+02,1.271426254202e+00,3.456597163884e-01,5.014980724447e-01,1.904396237609e+00,9.978341891444e-01
1.770541082164e-01,1.963359595443e-04,7.905420731140e-03,4.347785163566e+05,9.874844441315e-01,3.850900866097e+02,2.029510498645e+02,2.199432425948e+02,2.970812375383e+02,2.264288033103e+05,1.007608167228e+05,6.702474765387e+00,9.974671473834e+02,2.978928090245e+02,3.797089152738e+02,1.274649483877e+00,3.464786542781e-01,5.014896202212e-01,1.897453040360e+00,9.978509840910e-01
1.776753507014e-01,1.976851604959e-04,7.932536853849e-03,4.303744446748e+05,9.876352420169e-01,3.857442451736e+02,2.040319114818e+02,2.196124236289e+02,2.970905898014e+02,2.260981719033e+05,1.007958322377e+05,6.644426728899e+00,9.974628516040e+02,2.977251241354e+02,3.804453434410e+02,1.277840909617e+00,3.472898605544e-01,5.014811922349e-01,1.890607417105e+00,9.978677128895e-01
1.782965931864e-01,1.990389813738e-04,7.959652976558e-03,4.260396798638e+05,9.877831724529e-01,3.863899511258e+02,2.051056297644e+02,2.192836544274e+02,2.970995027354e+02,2.257694988238e+05,1.008290888135e+05,6.587217564249e+00,9.974586905232e+02,2.975574396784e+02,3.811716334388e+02,1.281001859173e+00,3.480933258398e-01,5.014727931532e-01,1.883858339577e+00,9.978843666326e-01
1.789178356713e-01,2.003974221780e-04,7.986769099267e-03,4.217724174503e+05,9.879283105192e-01,3.870275348307e+02,2.061722599504e+02,2.189568765424e+02,2.971079874196e+02,2.254427273745e+05,1.008605990649e+05,6.530826360053e+00,9.974546659296e+02,2.973897467938e+02,3.818881531118e+02,1.284133556146e+00,3.488890531744e-01,5.014644275005e-01,1.877204697294e+00,9.979009395848e-01
1.795390781563e-01,2.017604829086e-04,8.013885221977e-03,4.175709450382e+05,9.880707287968e-01,3.876573026024e+02,2.072318576783e+02,2.186320385111e+02,2.971160461197e+02,2.251178079791e+05,1.008903759909e+05,6.475233180490e+00,9.974507776299e+02,2.972220410362e+02,3.825952459298e+02,1.287237126143e+00,3.496770561834e-01,5.014560990213e-01,1.870645309778e+00,9.979174260971e-01
1.801603206413e-01,2.031281635654e-04,8.041001344686e-03,4.134336318422e+05,9.882104974701e-01,3.882795405406e+02,2.082844789523e+02,2.183090947525e+02,2.971236786399e+02,2.247946969874e+05,1.009184329324e+05,6.420418950286e+00,9.974470229771e+02,2.970543213751e+02,3.832932346834e+02,1.290313613043e+00,3.504573565833e-01,5.014478104069e-01,1.864178946476e+00,9.979338192940e-01
1.807815631263e-01,2.045004641486e-04,8.068117467395e-03,4.093589155684e+05,9.883476844479e-01,3.888945155293e+02,2.093301800658e+02,2.179880038806e+02,2.971308855810e+02,2.244733549279e+05,1.009447835226e+05,6.366365474212e+00,9.974433993884e+02,2.968865887232e+02,3.839824224777e+02,1.293363988347e+00,3.512299860860e-01,5.014395660663e-01,1.857804332883e+00,9.979501165554e-01
1.814028056112e-01,2.058773846581e-04,8.095233590104e-03,4.053453169358e+05,9.884823554581e-01,3.895024722983e+02,2.103690174275e+02,2.176687310960e+02,2.971376739940e+02,2.241537490800e+05,1.009694416606e+05,6.313055381297e+00,9.974399064656e+02,2.967188487919e+02,3.846630898596e+02,1.296389128718e+00,3.519949853255e-01,5.014313692028e-01,1.851520138570e+00,9.979663144741e-01
1.820240480962e-01,2.072589250939e-04,8.122349712813e-03,4.013914286348e+05,9.886145741115e-01,3.901036372702e+02,2.114010475210e+02,2.173512469979e+02,2.971440496463e+02,2.238358521938e+05,1.009924214658e+05,6.260472030853e+00,9.974365439803e+02,2.965511105973e+02,3.853354985311e+02,1.299389834538e+00,3.527524016827e-01,5.014232218969e-01,1.845324996468e+00,9.979824087302e-01
1.826452905812e-01,2.086450854561e-04,8.149465835522e-03,3.974959008258e+05,9.887444019622e-01,3.906982223023e+02,2.124263268893e+02,2.170355256562e+02,2.971500110834e+02,2.235196405005e+05,1.010137372330e+05,6.208599445647e+00,9.974333092445e+02,2.963833849907e+02,3.859998949781e+02,1.302366848230e+00,3.535022880630e-01,5.014151261263e-01,1.839217520839e+00,9.979983953819e-01
1.832665330661e-01,2.100358657446e-04,8.176581958231e-03,3.936574379137e+05,9.888718986140e-01,3.912864253397e+02,2.134449120625e+02,2.167215443392e+02,2.971555659608e+02,2.232050934293e+05,1.010334033942e+05,6.157422297160e+00,9.974301994891e+02,2.962156844923e+02,3.866565111310e+02,1.305320856975e+00,3.542447033438e-01,5.014070846905e-01,1.833196310743e+00,9.980142723635e-01
1.838877755511e-01,2.114312659593e-04,8.203698080940e-03,3.898747980206e+05,9.889971217997e-01,3.918684318032e+02,2.144568595040e+02,2.164092836580e+02,2.971607235068e+02,2.228921938002e+05,1.010514344893e+05,6.106925813769e+00,9.974272130465e+02,2.960480233449e+02,3.873055657102e+02,1.308252496788e+00,3.549797097072e-01,5.013990991782e-01,1.827259956663e+00,9.980300360151e-01
1.845090180361e-01,2.128312861005e-04,8.230814203649e-03,3.861467831893e+05,9.891201274691e-01,3.924444184216e+02,2.154622256237e+02,2.160987262799e+02,2.971654781090e+02,2.225809264983e+05,1.010678451341e+05,6.057095710407e+00,9.974243520132e+02,2.958804165631e+02,3.879472679689e+02,1.311162369160e+00,3.557073705528e-01,5.013911700549e-01,1.821407057714e+00,9.980456824133e-01
1.851302605210e-01,2.142359261679e-04,8.257930326358e-03,3.824722293200e+05,9.892409697793e-01,3.930145538835e+02,2.164610667510e+02,2.157898555451e+02,2.971698321741e+02,2.222712769468e+05,1.010826499823e+05,6.007918211237e+00,9.974216141072e+02,2.957128785657e+02,3.885818183323e+02,1.314051049170e+00,3.564277522818e-01,5.013832989868e-01,1.815636224022e+00,9.980612109007e-01
1.857515030060e-01,2.156451861616e-04,8.285046449067e-03,3.788500205625e+05,9.893597012007e-01,3.935789947538e+02,2.174534390167e+02,2.154826578237e+02,2.971737969793e+02,2.219632336302e+05,1.010958637062e+05,5.959380070137e+00,9.974189945078e+02,2.955454252756e+02,3.892094044643e+02,1.316919062785e+00,3.571409262313e-01,5.013754884143e-01,1.809946058032e+00,9.980766210276e-01
1.863727454910e-01,2.170590660817e-04,8.312162571776e-03,3.752790886573e+05,9.894763726227e-01,3.941378867797e+02,2.184393983340e+02,2.151771226676e+02,2.971773771886e+02,2.216567882973e+05,1.011075009677e+05,5.911468479624e+00,9.974164913385e+02,2.953780747541e+02,3.898302025519e+02,1.319766888170e+00,3.578469656057e-01,5.013677389973e-01,1.804335160166e+00,9.980919088254e-01
1.869939879760e-01,2.184775659281e-04,8.339278694485e-03,3.717583988273e+05,9.895910334040e-01,3.946913679188e+02,2.194190003997e+02,2.148732408114e+02,2.971805685593e+02,2.213519338124e+05,1.011175763827e+05,5.864171071686e+00,9.974141079533e+02,2.952108453132e+02,3.904443802736e+02,1.322594973973e+00,3.585459454402e-01,5.013600514372e-01,1.798802142019e+00,9.981070735637e-01
1.876152304609e-01,2.199006857008e-04,8.366394817194e-03,3.682869527537e+05,9.897037313610e-01,3.952395675362e+02,2.203923006337e+02,2.145710047518e+02,2.971833776691e+02,2.210486647963e+05,1.011261044969e+05,5.817475904688e+00,9.974118441620e+02,2.950437559083e+02,3.910520960130e+02,1.325403734809e+00,3.592379432421e-01,5.013524266677e-01,1.793345622328e+00,9.981221155956e-01
1.882364729459e-01,2.213284253999e-04,8.393510939903e-03,3.648637873211e+05,9.898145128537e-01,3.957826076475e+02,2.213593541540e+02,2.142704087257e+02,2.971858106772e+02,2.207469776284e+05,1.011330997616e+05,5.771371404460e+00,9.974096988698e+02,2.948768261264e+02,3.916535000924e+02,1.328193555381e+00,3.599230373024e-01,5.013448647732e-01,1.787964232007e+00,9.981370340033e-01
1.888577154309e-01,2.227607850252e-04,8.420627062612e-03,3.614879658141e+05,9.899234228084e-01,3.963206056110e+02,2.223202157961e+02,2.139714474356e+02,2.971878698276e+02,2.204468691094e+05,1.011385765093e+05,5.725846321551e+00,9.974076647117e+02,2.947100752707e+02,3.922487374085e+02,1.330964803454e+00,3.606013060444e-01,5.013373658981e-01,1.782656625228e+00,9.981518261981e-01
1.894789579158e-01,2.241977645769e-04,8.447743185321e-03,3.581585762101e+05,9.900305048708e-01,3.968536747833e+02,2.232749401092e+02,2.136741159138e+02,2.971895590048e+02,2.201483362791e+05,1.011425489324e+05,5.680889739392e+00,9.974057401550e+02,2.945435222966e+02,3.928379481402e+02,1.333717832520e+00,3.612728283853e-01,5.013299309910e-01,1.777421481287e+00,9.981664914150e-01
1.901002004008e-01,2.256393640549e-04,8.474859308030e-03,3.548747305681e+05,9.901358013994e-01,3.973819239238e+02,2.242235813332e+02,2.133784094587e+02,2.971908828500e+02,2.198513764046e+05,1.011450310708e+05,5.636491047333e+00,9.974039254772e+02,2.943771853820e+02,3.934212671635e+02,1.336452981752e+00,3.619376828128e-01,5.013225603888e-01,1.772257501022e+00,9.981810290594e-01
1.907214428858e-01,2.270855834592e-04,8.501975430739e-03,3.516355700098e+05,9.902393535072e-01,3.979054558378e+02,2.251661933542e+02,2.130843246145e+02,2.971918443409e+02,2.195559879837e+05,1.011460368054e+05,5.592639959840e+00,9.974022222401e+02,2.942110830073e+02,3.939988227527e+02,1.339170566674e+00,3.625959486422e-01,5.013152543146e-01,1.767163400110e+00,9.981954394295e-01
1.913426853707e-01,2.285364227899e-04,8.529091553448e-03,3.484402621016e+05,9.903412010767e-01,3.984243676549e+02,2.261028296858e+02,2.127918588888e+02,2.971924450758e+02,2.192621704402e+05,1.011455798473e+05,5.549326494096e+00,9.974006302149e+02,2.940452342582e+02,3.945707368589e+02,1.341870878657e+00,3.632477055810e-01,5.013080125454e-01,1.762137909590e+00,9.982097228867e-01
1.919639278557e-01,2.299918820468e-04,8.556207676157e-03,3.452880006367e+05,9.904413828081e-01,3.989387507354e+02,2.270335434463e+02,2.125010108141e+02,2.971926886031e+02,2.189699242284e+05,1.011436737005e+05,5.506540972964e+00,9.973991453282e+02,2.938796584392e+02,3.951371250467e+02,1.344554186381e+00,3.638930348632e-01,5.013008355491e-01,1.757179774757e+00,9.982238796270e-01
1.925851703407e-01,2.314519612301e-04,8.583323798866e-03,3.421780046615e+05,9.905399362923e-01,3.994486916609e+02,2.279583873584e+02,2.122117799469e+02,2.971925784970e+02,2.186792508216e+05,1.011403316824e+05,5.464273983528e+00,9.973977643888e+02,2.937143750784e+02,3.956980974852e+02,1.347220739127e+00,3.645320176373e-01,5.012937233076e-01,1.752287758699e+00,9.982379087247e-01
1.932064128257e-01,2.329166603397e-04,8.610439921575e-03,3.391095120481e+05,9.906368980874e-01,3.999542740432e+02,2.288774137575e+02,2.119241658749e+02,2.971921190456e+02,2.183901516761e+05,1.011355668935e+05,5.422516353092e+00,9.973964921180e+02,2.935494032237e+02,3.962537607444e+02,1.349870776070e+00,3.651647336319e-01,5.012866749475e-01,1.747460649249e+00,9.982518104796e-01
1.938276553106e-01,2.343859793757e-04,8.637556044284e-03,3.360817787106e+05,9.907323036348e-01,4.004555783880e+02,2.297906745664e+02,2.116381681612e+02,2.971913144385e+02,2.181026281545e+05,1.011293922206e+05,5.381259163733e+00,9.973953249180e+02,2.933847614085e+02,3.968042176458e+02,1.352504525937e+00,3.657912628995e-01,5.012796905089e-01,1.742697257596e+00,9.982655864241e-01
1.944488977956e-01,2.358599183379e-04,8.664672166993e-03,3.330940808201e+05,9.908261873691e-01,4.009526822103e+02,2.306982212918e+02,2.113537868199e+02,2.971901685916e+02,2.178166820539e+05,1.011218203343e+05,5.340493712174e+00,9.973942564182e+02,2.932204680073e+02,3.973495674201e+02,1.355122205897e+00,3.664116849546e-01,5.012727700367e-01,1.737996417853e+00,9.982792354122e-01
1.950701402806e-01,2.373384772265e-04,8.691788289702e-03,3.301457102779e+05,9.909185828062e-01,4.014456619870e+02,2.316001050631e+02,2.110710216462e+02,2.971886843755e+02,2.175323148890e+05,1.011128636850e+05,5.300211480777e+00,9.973932854559e+02,2.930565406046e+02,3.978899076514e+02,1.357724031105e+00,3.670260773333e-01,5.012659131526e-01,1.733356994280e+00,9.982927550589e-01
1.956913827655e-01,2.388216560414e-04,8.718904412411e-03,3.272359701769e+05,9.910095225544e-01,4.019345924868e+02,2.324963766137e+02,2.107898714177e+02,2.971868623464e+02,2.172495270571e+05,1.011025345016e+05,5.260404185860e+00,9.973924196806e+02,2.928929952165e+02,3.984253336397e+02,1.360310216177e+00,3.676345166496e-01,5.012591197426e-01,1.728777877492e+00,9.983061487752e-01
1.963126252505e-01,2.403094547826e-04,8.746020535120e-03,3.243641882377e+05,9.910990382406e-01,4.024195430002e+02,2.333870862156e+02,2.105103363486e+02,2.971847037764e+02,2.169683204340e+05,1.010908448070e+05,5.221063775099e+00,9.973916576542e+02,2.927298489661e+02,3.989559346953e+02,1.362880950147e+00,3.682370802487e-01,5.012523894106e-01,1.724257967849e+00,9.983194181903e-01
1.969338677355e-01,2.418018734502e-04,8.773136657829e-03,3.215297124439e+05,9.911871606107e-01,4.029005789914e+02,2.342722836872e+02,2.102324175285e+02,2.971822099712e+02,2.166886977445e+05,1.010778064071e+05,5.182182400336e+00,9.973909972470e+02,2.925671192410e+02,3.994817957927e+02,1.365436405940e+00,3.688338451438e-01,5.012457213108e-01,1.719796181820e+00,9.983325637507e-01
1.975551102204e-01,2.432989120440e-04,8.800252780538e-03,3.187319059008e+05,9.912739195411e-01,4.033777639306e+02,2.351520184143e+02,2.099561160521e+02,2.971793905186e+02,2.164106616956e+05,1.010634308866e+05,5.143752393885e+00,9.973904327484e+02,2.924048230023e+02,4.000029993734e+02,1.367976749721e+00,3.694248874409e-01,5.012391145999e-01,1.715391458898e+00,9.983455848744e-01
1.981763527054e-01,2.448005705642e-04,8.827368903247e-03,3.159701446350e+05,9.913593441232e-01,4.038511592876e+02,2.360263393528e+02,2.096814326699e+02,2.971762501571e+02,2.161342145997e+05,1.010477296127e+05,5.105766288520e+00,9.973899615932e+02,2.922429765890e+02,4.005196253837e+02,1.370502141945e+00,3.700102834265e-01,5.012325695513e-01,1.711042760714e+00,9.983584826292e-01
1.987975951904e-01,2.463068490107e-04,8.854485025956e-03,3.132438213990e+05,9.914434626697e-01,4.043208234430e+02,2.368952950018e+02,2.094083685790e+02,2.971727880354e+02,2.158593591811e+05,1.010307137466e+05,5.068216801559e+00,9.973895837428e+02,2.920815962897e+02,4.010317502112e+02,1.373012731050e+00,3.705901087777e-01,5.012260860152e-01,1.706749065826e+00,9.983712580623e-01
1.994188376754e-01,2.478177473835e-04,8.881601148665e-03,3.105523438093e+05,9.915263027263e-01,4.047868130713e+02,2.377589334109e+02,2.091369251706e+02,2.971690045240e+02,2.155860983404e+05,1.010123942447e+05,5.031096803681e+00,9.973892990781e+02,2.919206981394e+02,4.015394480463e+02,1.375508659049e+00,3.711644375932e-01,5.012196631878e-01,1.702509374786e+00,9.983839108896e-01
2.000400801603e-01,2.493332656827e-04,8.908717271374e-03,3.078951289207e+05,9.916078911052e-01,4.052491852212e+02,2.386173022106e+02,2.088671030728e+02,2.971649066114e+02,2.153144341690e+05,1.009927818585e+05,4.994399300110e+00,9.973891089512e+02,2.917602972316e+02,4.020427929386e+02,1.377990071828e+00,3.717333416280e-01,5.012133000020e-01,1.698322717871e+00,9.983964408733e-01
2.006613226453e-01,2.508534039081e-04,8.935833394083e-03,3.052716018594e+05,9.916882538903e-01,4.057079966381e+02,2.394704486138e+02,2.085989019258e+02,2.971604941713e+02,2.150443676718e+05,1.009718871456e+05,4.958117455014e+00,9.973890140744e+02,2.916004073260e+02,4.025418581491e+02,1.380457118837e+00,3.722968915859e-01,5.012069960494e-01,1.694188151342e+00,9.984088498416e-01
2.012825651303e-01,2.523781620599e-04,8.962949516792e-03,3.026812030236e+05,9.917674164595e-01,4.061633009132e+02,2.403184193768e+02,2.083323217965e+02,2.971557655675e+02,2.147759002420e+05,1.009497204811e+05,4.922244613824e+00,9.973890143657e+02,2.914410419935e+02,4.030367133747e+02,1.382909938209e+00,3.728551584158e-01,5.012007512072e-01,1.690104745056e+00,9.984211407767e-01
2.019038076152e-01,2.539075401380e-04,8.990065639501e-03,3.001233904566e+05,9.918454034978e-01,4.066151486010e+02,2.411612607920e+02,2.080673637171e+02,2.971507236127e+02,2.145090342843e+05,1.009262920587e+05,4.886774261240e+00,9.973891070025e+02,2.912822155818e+02,4.035274248648e+02,1.385348652539e+00,3.734082117469e-01,5.011945640097e-01,1.686071582416e+00,9.984333137986e-01
2.025250501002e-01,2.554415381425e-04,9.017181762210e-03,2.975976319005e+05,9.919222390383e-01,4.070635892195e+02,2.419990187192e+02,2.078040282702e+02,2.971453801620e+02,2.142437717078e+05,1.009016118847e+05,4.851700030243e+00,9.973892859429e+02,2.911239418007e+02,4.040140574107e+02,1.387773382401e+00,3.739561211803e-01,5.011884341914e-01,1.682087767851e+00,9.984453686210e-01
2.031462925852e-01,2.569801560732e-04,9.044297884919e-03,2.951034072252e+05,9.919979465278e-01,4.075086702151e+02,2.428317385715e+02,2.075423161020e+02,2.971397364052e+02,2.139801144485e+05,1.008756897906e+05,4.817015710902e+00,9.973895518691e+02,2.909662341069e+02,4.044966733583e+02,1.390184241137e+00,3.744989559344e-01,5.011823616477e-01,1.678152421970e+00,9.984573067461e-01
2.037675350701e-01,2.585233939303e-04,9.071414007629e-03,2.926402096252e+05,9.920725487950e-01,4.079504367961e+02,2.436594653060e+02,2.072822282233e+02,2.971337930233e+02,2.137180647963e+05,1.008485354435e+05,4.782715230948e+00,9.973899047801e+02,2.908091059163e+02,4.049753324349e+02,1.392581333239e+00,3.750367843860e-01,5.011763458185e-01,1.674264680355e+00,9.984691290570e-01
2.043887775551e-01,2.600712517137e-04,9.098530130338e-03,2.902075432073e+05,9.921460680835e-01,4.083889331881e+02,2.444822434373e+02,2.070237656228e+02,2.971275493469e+02,2.134576249849e+05,1.008201583496e+05,4.748792636872e+00,9.973903457849e+02,2.906525703276e+02,4.054500929957e+02,1.394964759949e+00,3.755696733265e-01,5.011703856168e-01,1.670423698042e+00,9.984808358158e-01
2.050100200401e-01,2.616237294234e-04,9.125646253047e-03,2.878049193002e+05,9.922185260542e-01,4.088242034146e+02,2.453001170448e+02,2.067669285617e+02,2.971210055525e+02,2.131987964636e+05,1.007905678561e+05,4.715242099340e+00,9.973908759725e+02,2.904966396127e+02,4.059210127985e+02,1.397334624386e+00,3.760976881787e-01,5.011644800979e-01,1.666628652036e+00,9.984924289652e-01
2.056312625251e-01,2.631808270594e-04,9.152762375756e-03,2.854318592475e+05,9.922899437924e-01,4.092562906066e+02,2.461131297681e+02,2.065117171641e+02,2.971141661691e+02,2.129415805254e+05,1.007597731578e+05,4.682057909930e+00,9.973914918394e+02,2.903413256480e+02,4.063881483382e+02,1.399691027212e+00,3.766208937673e-01,5.011586288276e-01,1.662878737889e+00,9.985039096436e-01
2.062525050100e-01,2.647425446218e-04,9.179878498465e-03,2.830878934512e+05,9.923603418544e-01,4.096852376203e+02,2.469213248239e+02,2.062581313051e+02,2.971070360271e+02,2.126859781766e+05,1.007277833008e+05,4.649234462584e+00,9.973921897694e+02,2.901866397327e+02,4.068515554713e+02,1.402034069680e+00,3.771393533792e-01,5.011528312084e-01,1.659173171505e+00,9.985152777081e-01
2.068737474950e-01,2.663088821105e-04,9.206994621174e-03,2.807725592666e+05,9.924297403142e-01,4.101110869927e+02,2.477247450148e+02,2.060061702246e+02,2.970996169232e+02,2.124319897181e+05,1.006946071871e+05,4.616766266509e+00,9.973929718625e+02,2.900325921287e+02,4.073112893975e+02,1.404363855828e+00,3.776531291402e-01,5.011470868130e-01,1.655511188308e+00,9.985265342734e-01
2.074949899800e-01,2.678798395255e-04,9.234110743883e-03,2.784854054102e+05,9.924981587182e-01,4.105338792568e+02,2.485234327040e+02,2.057558334336e+02,2.970919087617e+02,2.121796157226e+05,1.006602535870e+05,4.584647954266e+00,9.973938395738e+02,2.898791934318e+02,4.077674029930e+02,1.406680480119e+00,3.781622822412e-01,5.011413945923e-01,1.651892036055e+00,9.985376814919e-01
2.081162324649e-01,2.694554168668e-04,9.261226866592e-03,2.762259919016e+05,9.925656161022e-01,4.109536527559e+02,2.493174298145e+02,2.055071207773e+02,2.970839143761e+02,2.119288571065e+05,1.006247311404e+05,4.552874283432e+00,9.973947891770e+02,2.897264542817e+02,4.082199466429e+02,1.408984028244e+00,3.786668742770e-01,5.011357541600e-01,1.648314973653e+00,9.985487205931e-01
2.087374749499e-01,2.710356141345e-04,9.288342989301e-03,2.739938893484e+05,9.926321310432e-01,4.113704442459e+02,2.501067778348e+02,2.052600323960e+02,2.970756371959e+02,2.116797150615e+05,1.005880483586e+05,4.521440118732e+00,9.973958183497e+02,2.895743853045e+02,4.086689688518e+02,1.411274579490e+00,3.791669661396e-01,5.011301649487e-01,1.644779273105e+00,9.985596518322e-01
2.093587174349e-01,2.726204313284e-04,9.315459112010e-03,2.717886763522e+05,9.926977216802e-01,4.117842900861e+02,2.508915178345e+02,2.050145682503e+02,2.970670794994e+02,2.114321905480e+05,1.005502136269e+05,4.490340417106e+00,9.973969282869e+02,2.894229967609e+02,4.091145174224e+02,1.413552212509e+00,3.796626171170e-01,5.011246259348e-01,1.641284223717e+00,9.985704751858e-01
2.099799599198e-01,2.742098684487e-04,9.342575234719e-03,2.696099377790e+05,9.927624056932e-01,4.121952262530e+02,2.516716904660e+02,2.047707277332e+02,2.970582418950e+02,2.111862839305e+05,1.005112352099e+05,4.459570244252e+00,9.973981195304e+02,2.892722982543e+02,4.095566394699e+02,1.415817006818e+00,3.801538857803e-01,5.011191365594e-01,1.637829131635e+00,9.985811926728e-01
2.106012024048e-01,2.758039254953e-04,9.369691357428e-03,2.674572679298e+05,9.928262003186e-01,4.126032871264e+02,2.524473359531e+02,2.045285103817e+02,2.970491259583e+02,2.109419957169e+05,1.004711212573e+05,4.429124771888e+00,9.973993905209e+02,2.891222992746e+02,4.099953802397e+02,1.418069036074e+00,3.806408304077e-01,5.011136964259e-01,1.634413314637e+00,9.985918059933e-01
2.112224448898e-01,2.774026024682e-04,9.396807480137e-03,2.653302699853e+05,9.928891223759e-01,4.130085061145e+02,2.532184940967e+02,2.042879158540e+02,2.970397345862e+02,2.106993265180e+05,1.004298798056e+05,4.398999260283e+00,9.974007397207e+02,2.889730091867e+02,4.104307837319e+02,1.420308370277e+00,3.811235081365e-01,5.011083047492e-01,1.631036104167e+00,9.986023157735e-01
2.118436873747e-01,2.790058993675e-04,9.423923602846e-03,2.632285532247e+05,9.929511882825e-01,4.134109173771e+02,2.539852042983e+02,2.040489433972e+02,2.970300711768e+02,2.104582764840e+05,1.003875187793e+05,4.369189039102e+00,9.974021661405e+02,2.888244368308e+02,4.108628944033e+02,1.422535083636e+00,3.816019740417e-01,5.011029603747e-01,1.627696851552e+00,9.986127217684e-01
2.124649298597e-01,2.806138161931e-04,9.451039725555e-03,2.611517296350e+05,9.930124140666e-01,4.138105561327e+02,2.547475055761e+02,2.038115910914e+02,2.970201362118e+02,2.102188445288e+05,1.003440459946e+05,4.339689521846e+00,9.974036699012e+02,2.886765897998e+02,4.112917574825e+02,1.424749259258e+00,3.820762819100e-01,5.010976627419e-01,1.624394928605e+00,9.986230252972e-01
2.130861723447e-01,2.822263529450e-04,9.478155848264e-03,2.590994194516e+05,9.930728153664e-01,4.142074559144e+02,2.555054365416e+02,2.035758570441e+02,2.970099309722e+02,2.099810295903e+05,1.002994691672e+05,4.310496232297e+00,9.974052501805e+02,2.885294753543e+02,4.117174162793e+02,1.426950975368e+00,3.825464858946e-01,5.010924119761e-01,1.621129716537e+00,9.986332289646e-01
2.137074148297e-01,2.838435096232e-04,9.505271970973e-03,2.570712546039e+05,9.931324074436e-01,4.146016478388e+02,2.562590353899e+02,2.033417402419e+02,2.969994581407e+02,2.097448315138e+05,1.002537959176e+05,4.281604779703e+00,9.974069051296e+02,2.883831015441e+02,4.121399114683e+02,1.429140297270e+00,3.830126394086e-01,5.010872072626e-01,1.617900602834e+00,9.986433330041e-01
2.143286573146e-01,2.854652862277e-04,9.532388093682e-03,2.550668741062e+05,9.931912052122e-01,4.149931625472e+02,2.570083399204e+02,2.031092396416e+02,2.969887187085e+02,2.095102500730e+05,1.002070337684e+05,4.253010851406e+00,9.974086352071e+02,2.882374762259e+02,4.125592830114e+02,1.431317288832e+00,3.834747946730e-01,5.010820475005e-01,1.614706988403e+00,9.986533374040e-01
2.149498997996e-01,2.870916827586e-04,9.559504216391e-03,2.530859218834e+05,9.932492232277e-01,4.153820305630e+02,2.577533875426e+02,2.028783536823e+02,2.969777140868e+02,2.092772844795e+05,1.001591901448e+05,4.224710221694e+00,9.974104412899e+02,2.880926066955e+02,4.129755705107e+02,1.433482015549e+00,3.839330030658e-01,5.010769318606e-01,1.611548288553e+00,9.986632441246e-01
2.155711422846e-01,2.887226992158e-04,9.586620339100e-03,2.511280494968e+05,9.933064756873e-01,4.157682811618e+02,2.584942152673e+02,2.026490808998e+02,2.969664492221e+02,2.090459340468e+05,1.001102723771e+05,4.196698752426e+00,9.974123204978e+02,2.879485001297e+02,4.133888121020e+02,1.435634538523e+00,3.843873159182e-01,5.010718599323e-01,1.608423928295e+00,9.986730546972e-01
2.161923847695e-01,2.903583355993e-04,9.613736461809e-03,2.491929162944e+05,9.933629764613e-01,4.161519424742e+02,2.592308597099e+02,2.024214200399e+02,2.969549294341e+02,2.088161982880e+05,1.000602877033e+05,4.168972383488e+00,9.974142691845e+02,2.878051636880e+02,4.137990445691e+02,1.437774914343e+00,3.848377841407e-01,5.010668313677e-01,1.605333342411e+00,9.986827694096e-01
2.168136272545e-01,2.919985919091e-04,9.640852584518e-03,2.472801878394e+05,9.934187391224e-01,4.165330424141e+02,2.599633571057e+02,2.021953697257e+02,2.969431535419e+02,2.085880765909e+05,1.000092432755e+05,4.141527121398e+00,9.974162867192e+02,2.876626042828e+02,4.142063042685e+02,1.439903199449e+00,3.852844575316e-01,5.010618456743e-01,1.602275978629e+00,9.986923876376e-01
2.174348697395e-01,2.936434681452e-04,9.667968707227e-03,2.453895337059e+05,9.934737769468e-01,4.169116090871e+02,2.606917433153e+02,2.019709279766e+02,2.969311154526e+02,2.083615677065e+05,9.995714616169e+04,4.114359045995e+00,9.974183778066e+02,2.875208282231e+02,4.146106275344e+02,1.442019453327e+00,3.857273844654e-01,5.010569021065e-01,1.599251298814e+00,9.987019109828e-01
2.180561122244e-01,2.952929643077e-04,9.695084829936e-03,2.435206296393e+05,9.935281028808e-01,4.172876700037e+02,2.614160538196e+02,2.017480927763e+02,2.969188192775e+02,2.081366702951e+05,9.990400334546e+04,4.087464310695e+00,9.974205434551e+02,2.873798416091e+02,4.150120498983e+02,1.444123733852e+00,3.861666126116e-01,5.010519999375e-01,1.596258775644e+00,9.987113412468e-01
2.186773547094e-01,2.969470803965e-04,9.722200952645e-03,2.416731575716e+05,9.935817295627e-01,4.176612525751e+02,2.621363237272e+02,2.015268620848e+02,2.969062693966e+02,2.079133829859e+05,9.984982172636e+04,4.060839131416e+00,9.974227832479e+02,2.872396503392e+02,4.154106065856e+02,1.446216098979e+00,3.866021883475e-01,5.010471381124e-01,1.593297894151e+00,9.987206799962e-01
2.192985971944e-01,2.986058164116e-04,9.749317075354e-03,2.398468026548e+05,9.936346693222e-01,4.180323846875e+02,2.628525877857e+02,2.013072331605e+02,2.968934691940e+02,2.076917036741e+05,9.979460812053e+04,4.034479784033e+00,9.974250924523e+02,2.871002593370e+02,4.158063330862e+02,1.448296612641e+00,3.870341570264e-01,5.010423158450e-01,1.590368153531e+00,9.987299284116e-01
2.199198396794e-01,3.002691723530e-04,9.776433198063e-03,2.380412564252e+05,9.936869342233e-01,4.184010933618e+02,2.635648803857e+02,2.010892033334e+02,2.968804200334e+02,2.074716303112e+05,9.973836926526e+04,4.008382614973e+00,9.974274636626e+02,2.869616736606e+02,4.161992638564e+02,1.450365334671e+00,3.874625645875e-01,5.010375334902e-01,1.587469061696e+00,9.987390853120e-01
2.205410821643e-01,3.019371482208e-04,9.803549320772e-03,2.362562170835e+05,9.937385361146e-01,4.187674043649e+02,2.642732355573e+02,2.008727701101e+02,2.968671240085e+02,2.072531610221e+05,9.968111181814e+04,3.982544047174e+00,9.974299024322e+02,2.868238984761e+02,4.165894319497e+02,1.452422319629e+00,3.878874559668e-01,5.010327906229e-01,1.584600133577e+00,9.987481519824e-01
2.211623246493e-01,3.036097440148e-04,9.830665443481e-03,2.344913896937e+05,9.937894865551e-01,4.191313421807e+02,2.649776869623e+02,2.006579312630e+02,2.968535824386e+02,2.070362942003e+05,9.962284236204e+04,3.956960573078e+00,9.974324121000e+02,2.866869390055e+02,4.169768689659e+02,1.454467616880e+00,3.883088753378e-01,5.010280862684e-01,1.581760890835e+00,9.987571302426e-01
2.217835671343e-01,3.052869597352e-04,9.857781566190e-03,2.327464852583e+05,9.938397968194e-01,4.194929307938e+02,2.656782678989e+02,2.004446846605e+02,2.968397959608e+02,2.068210283251e+05,9.956356740705e+04,3.931628743895e+00,9.974349913620e+02,2.865508003960e+02,4.173616058272e+02,1.456501273947e+00,3.887268660621e-01,5.010234192981e-01,1.578950864560e+00,9.987660211923e-01
2.224048096192e-01,3.069687953820e-04,9.884897688899e-03,2.310212185194e+05,9.938894779177e-01,4.198521944950e+02,2.663750113213e+02,2.002330277634e+02,2.968257652367e+02,2.066073614347e+05,9.950329338951e+04,3.906545164116e+00,9.974376334925e+02,2.864154873573e+02,4.177436735837e+02,1.458523341172e+00,3.891414710726e-01,5.010187892797e-01,1.576169597938e+00,9.987748243463e-01
2.230260521042e-01,3.086552509550e-04,9.912013811608e-03,2.293153084690e+05,9.939385406636e-01,4.202091572753e+02,2.670679498425e+02,2.000229577503e+02,2.968114922697e+02,2.063952912683e+05,9.944202667003e+04,3.881706505231e+00,9.974403404145e+02,2.862810042667e+02,4.181231028411e+02,1.460533869203e+00,3.895527328323e-01,5.010141960523e-01,1.573416643679e+00,9.987835408898e-01
2.236472945892e-01,3.103463264544e-04,9.939129934317e-03,2.276284802212e+05,9.939869956229e-01,4.205638419995e+02,2.677571157241e+02,1.998144720119e+02,2.967969793493e+02,2.061848157728e+05,9.937977353755e+04,3.857109501893e+00,9.974431136387e+02,2.861473555280e+02,4.184999229301e+02,1.462532904272e+00,3.899606931630e-01,5.010096390491e-01,1.570691560754e+00,9.987921723930e-01
2.242685370741e-01,3.120420218800e-04,9.966246057026e-03,2.259604645424e+05,9.940348531145e-01,4.209162708232e+02,2.684425408803e+02,1.996075680847e+02,2.967822289562e+02,2.059759330307e+05,9.931654021096e+04,3.832750944506e+00,9.974459512009e+02,2.860145455260e+02,4.188741623193e+02,1.464520489854e+00,3.903653933507e-01,5.010051176400e-01,1.567993915729e+00,9.988007195419e-01
2.248897795591e-01,3.137423372320e-04,9.993362179735e-03,2.243109960989e+05,9.940821232415e-01,4.212664662453e+02,2.691242568920e+02,1.994022432448e+02,2.967672412941e+02,2.057686408440e+05,9.925233283981e+04,3.808627667722e+00,9.974488520543e+02,2.858825783447e+02,4.192458496655e+02,1.466496671791e+00,3.907668734825e-01,5.010006310328e-01,1.565323286390e+00,9.988091821412e-01
2.255110220441e-01,3.154472725104e-04,1.002047830244e-02,2.226798121451e+05,9.941288158925e-01,4.216144516187e+02,2.698022950187e+02,1.991984941964e+02,2.967520164870e+02,2.055629364050e+05,9.918715750452e+04,3.784736557157e+00,9.974518162218e+02,2.857514575151e+02,4.196150143212e+02,1.468461501370e+00,3.911651726908e-01,5.009961788069e-01,1.562679263308e+00,9.988175612233e-01
2.261322645291e-01,3.171568277150e-04,1.004759442515e-02,2.210666531503e+05,9.941749407413e-01,4.219602502921e+02,2.704766862000e+02,1.989963172283e+02,2.967365575287e+02,2.053588164639e+05,9.912102021578e+04,3.761074550023e+00,9.974548431488e+02,2.856211859525e+02,4.199816854907e+02,1.470415032730e+00,3.915603294435e-01,5.009917606928e-01,1.560061446405e+00,9.988258578736e-01
2.267535070140e-01,3.188710028460e-04,1.007471054786e-02,2.194712654604e+05,9.942205072576e-01,4.223038842974e+02,2.711474610470e+02,1.987957089027e+02,2.967208683453e+02,2.051562780581e+05,9.905392691685e+04,3.737638645624e+00,9.974579332930e+02,2.854917666491e+02,4.203458909421e+02,1.472357314804e+00,3.919523821188e-01,5.009873763919e-01,1.557469439938e+00,9.988340735642e-01
2.273747494990e-01,3.205897979033e-04,1.010182667057e-02,2.178934017346e+05,9.942655247061e-01,4.226453747134e+02,2.718146498428e+02,1.985966662275e+02,2.967049508458e+02,2.049553186798e+05,9.898588348816e+04,3.714425889271e+00,9.974610873526e+02,2.853632030306e+02,4.207076573645e+02,1.474288390712e+00,3.923413680028e-01,5.009830247286e-01,1.554902853683e+00,9.988422087479e-01
2.279959919840e-01,3.223132128869e-04,1.012894279328e-02,2.163328176356e+05,9.943100021391e-01,4.229847428054e+02,2.724782825567e+02,1.983991858731e+02,2.966888004946e+02,2.047559354206e+05,9.891689574938e+04,3.691433375161e+00,9.974643021165e+02,2.852354981596e+02,4.210670114938e+02,1.476208305806e+00,3.927273239836e-01,5.009787050289e-01,1.552361306878e+00,9.988502638071e-01
2.286172344689e-01,3.240412477968e-04,1.015605891599e-02,2.147892728712e+05,9.943539484257e-01,4.233220093523e+02,2.731383888445e+02,1.982032643923e+02,2.966724197404e+02,2.045581252650e+05,9.884696945601e+04,3.668658253573e+00,9.974675754224e+02,2.851086549068e+02,4.214239794618e+02,1.478117104511e+00,3.931102869333e-01,5.009744171093e-01,1.549844425543e+00,9.988582397291e-01
2.292384769539e-01,3.257739026330e-04,1.018317503870e-02,2.132625322267e+05,9.943973722544e-01,4.236571941984e+02,2.737949980462e+02,1.980088985356e+02,2.966558126285e+02,2.043618854019e+05,9.877611029857e+04,3.646097725819e+00,9.974709057599e+02,2.849826761897e+02,4.217785863550e+02,1.480014827548e+00,3.934902934734e-01,5.009701607560e-01,1.547351840690e+00,9.988661370313e-01
2.298597194389e-01,3.275111773956e-04,1.021029116141e-02,2.117523650717e+05,9.944402821395e-01,4.239903167287e+02,2.744481391921e+02,1.978160851657e+02,2.966389828483e+02,2.041672131285e+05,9.870432390388e+04,3.623749037962e+00,9.974742927110e+02,2.848575649109e+02,4.221308566864e+02,1.481901513897e+00,3.938673795996e-01,5.009659355963e-01,1.544883189869e+00,9.988739556992e-01
2.304809619238e-01,3.292530720845e-04,1.023740728412e-02,2.102585439458e+05,9.944826864353e-01,4.243213966005e+02,2.750978410120e+02,1.976248208998e+02,2.966219287877e+02,2.039741054855e+05,9.863161583775e+04,3.601609474227e+00,9.974777404662e+02,2.847333237039e+02,4.224808151224e+02,1.483777204672e+00,3.942415799330e-01,5.009617407270e-01,1.542438119614e+00,9.988816960735e-01
2.311022044088e-01,3.309995866997e-04,1.026452340683e-02,2.087808440697e+05,9.945245932994e-01,4.246504535558e+02,2.757441319361e+02,1.974351020064e+02,2.966046505229e+02,2.037825591307e+05,9.855799160625e+04,3.579676367567e+00,9.974812499467e+02,2.846099548378e+02,4.228284862902e+02,1.485641942957e+00,3.946129285620e-01,5.009575754736e-01,1.540016284569e+00,9.988893599820e-01
2.317234468938e-01,3.327507212413e-04,1.029163952953e-02,2.073190451657e+05,9.945660107090e-01,4.249775064983e+02,2.763870400918e+02,1.972469249102e+02,2.965871511950e+02,2.035925708638e+05,9.848345665591e+04,3.557947099405e+00,9.974848185595e+02,2.844874605982e+02,4.231738938736e+02,1.487495768649e+00,3.949814596655e-01,5.009534394894e-01,1.537617343987e+00,9.988969485863e-01
2.323446893788e-01,3.345064757091e-04,1.031875565224e-02,2.058729313950e+05,9.946069464759e-01,4.253025736149e+02,2.770265933072e+02,1.970602861954e+02,2.965694325574e+02,2.034041376438e+05,9.840801637472e+04,3.536419094996e+00,9.974884423412e+02,2.843658432991e+02,4.235170607395e+02,1.489338718835e+00,3.953472072366e-01,5.009493325267e-01,1.535240962023e+00,9.989044621106e-01
2.329659318637e-01,3.362668501033e-04,1.034587177495e-02,2.044422904219e+05,9.946474082694e-01,4.256256733215e+02,2.776628191233e+02,1.968751823754e+02,2.965514950523e+02,2.032172563589e+05,9.833167609202e+04,3.515089813655e+00,9.974921199566e+02,2.842451051118e+02,4.238580098789e+02,1.491170831991e+00,3.957102043383e-01,5.009452541919e-01,1.532886810936e+00,9.989119000384e-01
2.335871743487e-01,3.380318444238e-04,1.037298789766e-02,2.030269113798e+05,9.946874036201e-01,4.259468251521e+02,2.782957448068e+02,1.966916093563e+02,2.965333406704e+02,2.030319232671e+05,9.825444107690e+04,3.493956746455e+00,9.974958557156e+02,2.841252476307e+02,4.241967652864e+02,1.492992153368e+00,3.960704823300e-01,5.009412036381e-01,1.530554574048e+00,9.989192633105e-01
2.342084168337e-01,3.398014586706e-04,1.040010402037e-02,2.016265851909e+05,9.947269398817e-01,4.262660486841e+02,2.789253973467e+02,1.965095625519e+02,2.965149703579e+02,2.028481340808e+05,9.817631654192e+04,3.473017430515e+00,9.974996495583e+02,2.840062718013e+02,4.245333508919e+02,1.494802731642e+00,3.964280723910e-01,5.009371805189e-01,1.528243941710e+00,9.989265541053e-01
2.348296593186e-01,3.415756928438e-04,1.042722014308e-02,2.002411087678e+05,9.947660242494e-01,4.265833618298e+02,2.795518034426e+02,1.963290380332e+02,2.964963849335e+02,2.026658851894e+05,9.809730764752e+04,3.452269448184e+00,9.975034979632e+02,2.838881791728e+02,4.248677888802e+02,1.496602606414e+00,3.967830059537e-01,5.009331844390e-01,1.525954605109e+00,9.989337729819e-01
2.354509018036e-01,3.433545469432e-04,1.045433626579e-02,1.988702834380e+05,9.948046637773e-01,4.268987817065e+02,2.801749895137e+02,1.961500321371e+02,2.964775859275e+02,2.024851732535e+05,9.801741949981e+04,3.431710422718e+00,9.975073962437e+02,2.837709714477e+02,4.252001005570e+02,1.498391813609e+00,3.971353145611e-01,5.009292153011e-01,1.523686259246e+00,9.989409192593e-01
2.360721442886e-01,3.451380209690e-04,1.048145238850e-02,1.975139135781e+05,9.948428654153e-01,4.272123255264e+02,2.807949817108e+02,1.959725410964e+02,2.964585752063e+02,2.023059948389e+05,9.793665714778e+04,3.411338010411e+00,9.975113473328e+02,2.836546501857e+02,4.255303072391e+02,1.500170390158e+00,3.974850288220e-01,5.009252727152e-01,1.521438605931e+00,9.989479922435e-01
2.366933867735e-01,3.469261149211e-04,1.050856851121e-02,1.961718055187e+05,9.948806359641e-01,4.275240107892e+02,2.814118059143e+02,1.957965607553e+02,2.964393538380e+02,2.021283461062e+05,9.785502558557e+04,3.391149905661e+00,9.975153567092e+02,2.835392165818e+02,4.258584304300e+02,1.501938375806e+00,3.978321778206e-01,5.009213554893e-01,1.519211354336e+00,9.989549942994e-01
2.373146292585e-01,3.487188287996e-04,1.053568463392e-02,1.948437690807e+05,9.949179820566e-01,4.278338544334e+02,2.820254877337e+02,1.956220870415e+02,2.964199226169e+02,2.019522232710e+05,9.777252975664e+04,3.371143843255e+00,9.975194201654e+02,2.834246718008e+02,4.261844909819e+02,1.503695808392e+00,3.981767912386e-01,5.009174633394e-01,1.517004217851e+00,9.989619263280e-01
2.379358717435e-01,3.505161626043e-04,1.056280075662e-02,1.935296179232e+05,9.949549102063e-01,4.281418726643e+02,2.826360525104e+02,1.954491160660e+02,2.964002821792e+02,2.017776227335e+05,9.768917455310e+04,3.351317596145e+00,9.975235346905e+02,2.833110170719e+02,4.265085089399e+02,1.505442722800e+00,3.985188987284e-01,5.009135961240e-01,1.514816913347e+00,9.989687885112e-01
2.385571142285e-01,3.523181163354e-04,1.058991687933e-02,1.922291691101e+05,9.949914268103e-01,4.284480814044e+02,2.832435253231e+02,1.952776440220e+02,2.963804338124e+02,2.016045409765e+05,9.760496481452e+04,3.331668970513e+00,9.975276996808e+02,2.831982536126e+02,4.268305039886e+02,1.507179152921e+00,3.988585293575e-01,5.009097535149e-01,1.512649162645e+00,9.989755807654e-01
2.391783567134e-01,3.541246899928e-04,1.061703300204e-02,1.909422419664e+05,9.950275381478e-01,4.287524969029e+02,2.838479309945e+02,1.951076668783e+02,2.963603805182e+02,2.014329742451e+05,9.751990532654e+04,3.312195800942e+00,9.975319172102e+02,2.830863824050e+02,4.271504960541e+02,1.508905134981e+00,3.991957110347e-01,5.009059347413e-01,1.510500694512e+00,9.989823033910e-01
2.397995991984e-01,3.559358835765e-04,1.064414912475e-02,1.896686578407e+05,9.950632503616e-01,4.290551355150e+02,2.844492940943e+02,1.949391803296e+02,2.963401233974e+02,2.012629184842e+05,9.743400082381e+04,3.292895958624e+00,9.975361865609e+02,2.829754041537e+02,4.274685050829e+02,1.510620706988e+00,3.995304714403e-01,5.009021394204e-01,1.508371243744e+00,9.989889575062e-01
2.404208416834e-01,3.577516970865e-04,1.067126524746e-02,1.884082414866e+05,9.950985694745e-01,4.293560129330e+02,2.850476389366e+02,1.947721802019e+02,2.963196621694e+02,2.010943697697e+05,9.734725599339e+04,3.273767350941e+00,9.975405062864e+02,2.828653195928e+02,4.277845502884e+02,1.512325904442e+00,3.998628381883e-01,5.008983672722e-01,1.506260548359e+00,9.989955439248e-01
2.410420841683e-01,3.595721305229e-04,1.069838137017e-02,1.871608210602e+05,9.951335013944e-01,4.296551442402e+02,2.856429895818e+02,1.946066624676e+02,2.962989966866e+02,2.009273243291e+05,9.725967547578e+04,3.254807919106e+00,9.975448747111e+02,2.827561294988e+02,4.280986502067e+02,1.514020760454e+00,4.001928387135e-01,5.008946180250e-01,1.504168349692e+00,9.990020629662e-01
2.416633266533e-01,3.613971838856e-04,1.072549749288e-02,1.859262275230e+05,9.951680519197e-01,4.299525446405e+02,2.862353698445e+02,1.944426230836e+02,2.962781267185e+02,2.007617783800e+05,9.717126386336e+04,3.236015631466e+00,9.975492906161e+02,2.826478345684e+02,4.284108234190e+02,1.515705308951e+00,4.005204998011e-01,5.008908913359e-01,1.502094394813e+00,9.990085144411e-01
2.422845691383e-01,3.632268571746e-04,1.075261361559e-02,1.847042930615e+05,9.952022267506e-01,4.302482302605e+02,2.868248033042e+02,1.942800575538e+02,2.962570580069e+02,2.005977276656e+05,9.708202569530e+04,3.217388479180e+00,9.975537565713e+02,2.825404350517e+02,4.287210893494e+02,1.517379589477e+00,4.008458469492e-01,5.008871865776e-01,1.500038439159e+00,9.990148987445e-01
2.429058116232e-01,3.650611503899e-04,1.077972973830e-02,1.834948510528e+05,9.952360314655e-01,4.305422174005e+02,2.874113133059e+02,1.941189609648e+02,2.962357925316e+02,2.004351674495e+05,9.699196546142e+04,3.198924487643e+00,9.975582723258e+02,2.824339306813e+02,4.290294675202e+02,1.519043644952e+00,4.011689055242e-01,5.008835035969e-01,1.498000243791e+00,9.990212172374e-01
2.435270541082e-01,3.669000635315e-04,1.080684586101e-02,1.822977392824e+05,9.952694715362e-01,4.308345210812e+02,2.879949229527e+02,1.939593289038e+02,2.962143298748e+02,2.002740935276e+05,9.690108760796e+04,3.180621715917e+00,9.975628370620e+02,2.823283216696e+02,4.293359761191e+02,1.520697511253e+00,4.014897008955e-01,5.008798420103e-01,1.495979570279e+00,9.990274703173e-01
2.441482965932e-01,3.687435965995e-04,1.083396198372e-02,1.811127989492e+05,9.953025523334e-01,4.311251555569e+02,2.885756551088e+02,1.938011571863e+02,2.961926696418e+02,2.001145019423e+05,9.680939653752e+04,3.162478256160e+00,9.975674506744e+02,2.822236083613e+02,4.296406325098e+02,1.522341220865e+00,4.018082582540e-01,5.008762013059e-01,1.493976182414e+00,9.990336584414e-01
2.447695390782e-01,3.705917495938e-04,1.086107810642e-02,1.799398740109e+05,9.953352791233e-01,4.314141349422e+02,2.891535324031e+02,1.936444416866e+02,2.961708123152e+02,1.999563887947e+05,9.671689660837e+04,3.144492227875e+00,9.975721126518e+02,2.821197910839e+02,4.299434538503e+02,1.523974805874e+00,4.021246022440e-01,5.008725808148e-01,1.491989848288e+00,9.990397820059e-01
2.453907815631e-01,3.724445225144e-04,1.088819422913e-02,1.787788100003e+05,9.953676570644e-01,4.317014737271e+02,2.897285772376e+02,1.934891780194e+02,2.961487598195e+02,1.997997498885e+05,9.662359213297e+04,3.126661775038e+00,9.975768193478e+02,2.820168699089e+02,4.302444576033e+02,1.525598301060e+00,4.024387571220e-01,5.008689801617e-01,1.490020341946e+00,9.990458408656e-01
2.460120240481e-01,3.743019153613e-04,1.091531035184e-02,1.776294544203e+05,9.953996912319e-01,4.319871863435e+02,2.903008117912e+02,1.933353616482e+02,2.961265144178e+02,1.996445808706e+05,9.652948737782e+04,3.108985072369e+00,9.975815691028e+02,2.819148447416e+02,4.305436611170e+02,1.527211741942e+00,4.027507472033e-01,5.008653994671e-01,1.488067441762e+00,9.990518350896e-01
2.466332665331e-01,3.761639281346e-04,1.094242647455e-02,1.764916576640e+05,9.954313866254e-01,4.322712866289e+02,2.908702580178e+02,1.931829881798e+02,2.961040763920e+02,1.994908775394e+05,9.643458656609e+04,3.091460323926e+00,9.975863659103e+02,2.818137155421e+02,4.308410810951e+02,1.528815161698e+00,4.030605962333e-01,5.008618383796e-01,1.486130928527e+00,9.990577653874e-01
2.472545090180e-01,3.780305608341e-04,1.096954259726e-02,1.753652729576e+05,9.954627481357e-01,4.325537878992e+02,2.914369376445e+02,1.930320533619e+02,2.960814452854e+02,1.993386358390e+05,9.633889388031e+04,3.074085762022e+00,9.975912113467e+02,2.817134823154e+02,4.311367336605e+02,1.530408591442e+00,4.033683274540e-01,5.008582961841e-01,1.484210585643e+00,9.990636328520e-01
2.478757515030e-01,3.799018134600e-04,1.099665871997e-02,1.742501559588e+05,9.954937805484e-01,4.328347034235e+02,2.920008721756e+02,1.928825529771e+02,2.960586218352e+02,1.991878517445e+05,9.624241346138e+04,3.056859642896e+00,9.975961026826e+02,2.816141450334e+02,4.314306348266e+02,1.531992062314e+00,4.036739638217e-01,5.008547722930e-01,1.482306200658e+00,9.990694378335e-01
2.484969939880e-01,3.817776860122e-04,1.102377484268e-02,1.731461637016e+05,9.955244885641e-01,4.331140468728e+02,2.925620829030e+02,1.927344825530e+02,2.960356100286e+02,1.990385209370e+05,9.614514940526e+04,3.039780244636e+00,9.976010359898e+02,2.815157034265e+02,4.317228009494e+02,1.533565608222e+00,4.039775280755e-01,5.008512665626e-01,1.480417566676e+00,9.990751798069e-01
2.491182364729e-01,3.836581784908e-04,1.105089096539e-02,1.720531549983e+05,9.955548768157e-01,4.333918318794e+02,2.931205909087e+02,1.925878374679e+02,2.960124108390e+02,1.988906389505e+05,9.604710576511e+04,3.022845873139e+00,9.976060122089e+02,2.814181570668e+02,4.320132482969e+02,1.535129263868e+00,4.042790426275e-01,5.008477789160e-01,1.478544480741e+00,9.990808592035e-01
2.497394789579e-01,3.855432908956e-04,1.107800708810e-02,1.709709913165e+05,9.955849498508e-01,4.336680714990e+02,2.936764170612e+02,1.924426132451e+02,2.959890240069e+02,1.987442014717e+05,9.594828655480e+04,3.006054861269e+00,9.976110329725e+02,2.813215055814e+02,4.323019925120e+02,1.536683061676e+00,4.045785295161e-01,5.008443089820e-01,1.476686741954e+00,9.990864767577e-01
2.503607214429e-01,3.874330232268e-04,1.110512321081e-02,1.698995367496e+05,9.956147121280e-01,4.339427782459e+02,2.942295820160e+02,1.922988055605e+02,2.959654495104e+02,1.985992043422e+05,9.584869574977e+04,2.989405568166e+00,9.976160986348e+02,2.812257486579e+02,4.325890486467e+02,1.538227031881e+00,4.048760105577e-01,5.008408562686e-01,1.474844151539e+00,9.990920331762e-01
2.509819639279e-01,3.893273754843e-04,1.113223933351e-02,1.688386576323e+05,9.956441680195e-01,4.342159645722e+02,2.947801062188e+02,1.921564101320e+02,2.959416883962e+02,1.984556434406e+05,9.574833728609e+04,2.972896374958e+00,9.976212077459e+02,2.811308859634e+02,4.328744316375e+02,1.539761204658e+00,4.051715072112e-01,5.008374202904e-01,1.473016514384e+00,9.990975287049e-01
2.516032064128e-01,3.912263476681e-04,1.115935545622e-02,1.677882215007e+05,9.956733218185e-01,4.344876435034e+02,2.953280099158e+02,1.920154224001e+02,2.959177432664e+02,1.983135143475e+05,9.564721505923e+04,2.956525681159e+00,9.976263578353e+02,2.810369169095e+02,4.331581569388e+02,1.541285613656e+00,4.054650404418e-01,5.008340007806e-01,1.471203641088e+00,9.991029630784e-01
2.522244488978e-01,3.931299397783e-04,1.118647157893e-02,1.667480969836e+05,9.957021777540e-01,4.347578285000e+02,2.958733131586e+02,1.918758375032e+02,2.958936141106e+02,1.981728123252e+05,9.554533292592e+04,2.940291909233e+00,9.976315498146e+02,2.809438405971e+02,4.334402403897e+02,1.542800295847e+00,4.057566307597e-01,5.008305976400e-01,1.469405347372e+00,9.991083369494e-01
2.528456913828e-01,3.950381518147e-04,1.121358770164e-02,1.657181545327e+05,9.957307399743e-01,4.350265326249e+02,2.964160358010e+02,1.917376505359e+02,2.958693010014e+02,1.980335325843e+05,9.544269470553e+04,2.924193506140e+00,9.976367840708e+02,2.808516559527e+02,4.337206973870e+02,1.544305287842e+00,4.060462983622e-01,5.008272106048e-01,1.467621451212e+00,9.991136512815e-01
2.534669338677e-01,3.969509837775e-04,1.124070382435e-02,1.646982678612e+05,9.957590125493e-01,4.352937679447e+02,2.969561974955e+02,1.916008570231e+02,2.958448067953e+02,1.978956707824e+05,9.533930417977e+04,2.908228943616e+00,9.976420592327e+02,2.807603623034e+02,4.339995422924e+02,1.545800620614e+00,4.063340635189e-01,5.008238392996e-01,1.465851770786e+00,9.991189061142e-01
2.540881763527e-01,3.988684356666e-04,1.126781994706e-02,1.636883130047e+05,9.957869994813e-01,4.355595462402e+02,2.974938176984e+02,1.914654526181e+02,2.958201333829e+02,1.977592227071e+05,9.523516509266e+04,2.892396715899e+00,9.976473747788e+02,2.806699590379e+02,4.342767891403e+02,1.547286323869e+00,4.066199462908e-01,5.008204833468e-01,1.464096126803e+00,9.991241013599e-01
2.547094188377e-01,4.007905074821e-04,1.129493606977e-02,1.626881674042e+05,9.958147047056e-01,4.358238795742e+02,2.980289156752e+02,1.913314328092e+02,2.957952798180e+02,1.976241839716e+05,9.513028115256e+04,2.876695335490e+00,9.976527317790e+02,2.805804453816e+02,4.345524521999e+02,1.548762429288e+00,4.069039660073e-01,5.008171421423e-01,1.462354344332e+00,9.991292372153e-01
2.553306613226e-01,4.027171992238e-04,1.132205219248e-02,1.616977096995e+05,9.958421320789e-01,4.360867801666e+02,2.985615105030e+02,1.911987928764e+02,2.957702461153e+02,1.974905499636e+05,9.502465603322e+04,2.861123337498e+00,9.976581286131e+02,2.804918203574e+02,4.348265458502e+02,1.550228970300e+00,4.071861419426e-01,5.008138154772e-01,1.460626252299e+00,9.991343142320e-01
2.559519038076e-01,4.046485108919e-04,1.134916831519e-02,1.607168206258e+05,9.958692853942e-01,4.363482598220e+02,2.990916210715e+02,1.910675282050e+02,2.957450329733e+02,1.973583161741e+05,9.491829337408e+04,2.845679279203e+00,9.976635639645e+02,2.804040830222e+02,4.350990840173e+02,1.551685978777e+00,4.074664933542e-01,5.008105032451e-01,1.458911681507e+00,9.991393325851e-01
2.565731462926e-01,4.065844424863e-04,1.137628443790e-02,1.597453831391e+05,9.958961683842e-01,4.366083298398e+02,2.996192660828e+02,1.909376343321e+02,2.957196412208e+02,1.972274782494e+05,9.481119677998e+04,2.830361740185e+00,9.976690383497e+02,2.803172325051e+02,4.353700800870e+02,1.553133484504e+00,4.077450392750e-01,5.008072051701e-01,1.457210464293e+00,9.991442925967e-01
2.571943887776e-01,4.085249940070e-04,1.140340056060e-02,1.587832822156e+05,9.959227847153e-01,4.368670012607e+02,3.001444640528e+02,1.908091068839e+02,2.956940724796e+02,1.970980319267e+05,9.470336982027e+04,2.815169320133e+00,9.976745526238e+02,2.802312679590e+02,4.356395471471e+02,1.554571516305e+00,4.080217983290e-01,5.008039207546e-01,1.455522435303e+00,9.991491947619e-01
2.578156312625e-01,4.104701654540e-04,1.143051668331e-02,1.578304043440e+05,9.959491379814e-01,4.371242853275e+02,3.006672333152e+02,1.906819414026e+02,2.956683299619e+02,1.969699728617e+05,9.459481602859e+04,2.800100635233e+00,9.976801047250e+02,2.801461884348e+02,4.359074984425e+02,1.556000104367e+00,4.082967887482e-01,5.008006495514e-01,1.453847432950e+00,9.991540390788e-01
2.584368737475e-01,4.124199568274e-04,1.145763280602e-02,1.568866369074e+05,9.959752317217e-01,4.373801936008e+02,3.011875920288e+02,1.905561331652e+02,2.956424134523e+02,1.968432964284e+05,9.448553890479e+04,2.785154320564e+00,9.976856933760e+02,2.800619927498e+02,4.361739474972e+02,1.557419281405e+00,4.085700287219e-01,5.007973915827e-01,1.452185299715e+00,9.991588254425e-01
2.590581162325e-01,4.143743681271e-04,1.148474892873e-02,1.559518690053e+05,9.960010694223e-01,4.376347373864e+02,3.017055581763e+02,1.904316774930e+02,2.956163224394e+02,1.967179980302e+05,9.437554191677e+04,2.770329031437e+00,9.976913202402e+02,2.799786797117e+02,4.364389075459e+02,1.558829079398e+00,4.088415360186e-01,5.007941466171e-01,1.450535880186e+00,9.991635543674e-01
2.596793587174e-01,4.163333993531e-04,1.151186505144e-02,1.550259917647e+05,9.960266545039e-01,4.378879275123e+02,3.022211495632e+02,1.903085698531e+02,2.955900577573e+02,1.965940732194e+05,9.426482850130e+04,2.755623443486e+00,9.976969861285e+02,2.798962481979e+02,4.367023913113e+02,1.560229528345e+00,4.091113281729e-01,5.007909142340e-01,1.448899020287e+00,9.991682264983e-01
2.603006012024e-01,4.182970505054e-04,1.153898117415e-02,1.541088982374e+05,9.960519903234e-01,4.381397744489e+02,3.027343838189e+02,1.901868058238e+02,2.955636195968e+02,1.964715176617e+05,9.415340206481e+04,2.741036251726e+00,9.977026902822e+02,2.798146971304e+02,4.369644111236e+02,1.561620656830e+00,4.093794225781e-01,5.007876939835e-01,1.447274567633e+00,9.991728423489e-01
2.609218436874e-01,4.202653215840e-04,1.156609729686e-02,1.532004831000e+05,9.960770801768e-01,4.383902887025e+02,3.032452784002e+02,1.900663809903e+02,2.955370082938e+02,1.963503270308e+05,9.404126598210e+04,2.726566167529e+00,9.977084302702e+02,2.797340253955e+02,4.372249793112e+02,1.563002493862e+00,4.096458364208e-01,5.007844855375e-01,1.445662372767e+00,9.991774019169e-01
2.615430861723e-01,4.222382125890e-04,1.159321341957e-02,1.523006419006e+05,9.961019273104e-01,4.386394811309e+02,3.037538505989e+02,1.899472906974e+02,2.955102287871e+02,1.962304967544e+05,9.392842359274e+04,2.712211917633e+00,9.977142038971e+02,2.796542316592e+02,4.374841085189e+02,1.564375071042e+00,4.099105867382e-01,5.007812889186e-01,1.444062290128e+00,9.991819046779e-01
2.621643286573e-01,4.242157235203e-04,1.162032954228e-02,1.514092714467e+05,9.961265349278e-01,4.388873625430e+02,3.042601175422e+02,1.898295302214e+02,2.954832810888e+02,1.961120221773e+05,9.381487820525e+04,2.697972247703e+00,9.977200134390e+02,2.795753145076e+02,4.377418113115e+02,1.565738420369e+00,4.101736901092e-01,5.007781039485e-01,1.442474176663e+00,9.991863511819e-01
2.627855711423e-01,4.261978543779e-04,1.164744566499e-02,1.505262703505e+05,9.961509061721e-01,4.391339433315e+02,3.047640961906e+02,1.897130949608e+02,2.954561634109e+02,1.959948987673e+05,9.370063310092e+04,2.683845921643e+00,9.977258604968e+02,2.794972725835e+02,4.379980998062e+02,1.567092572166e+00,4.104351627499e-01,5.007749301365e-01,1.440897890600e+00,9.991907422843e-01
2.634068136273e-01,4.281846051618e-04,1.167456178770e-02,1.496515390084e+05,9.961750441226e-01,4.393792335726e+02,3.052658033380e+02,1.895979804282e+02,2.954288759492e+02,1.958791221061e+05,9.358569153244e+04,2.669831721391e+00,9.977317431989e+02,2.794201045777e+02,4.382529857703e+02,1.568437555460e+00,4.106950208639e-01,5.007717670947e-01,1.439333291735e+00,9.991950785780e-01
2.640280561122e-01,4.301759758721e-04,1.170167791040e-02,1.487849792463e+05,9.961989518067e-01,4.396232434387e+02,3.057652556184e+02,1.894841821262e+02,2.954014230258e+02,1.957646877602e+05,9.347005672090e+04,2.655928444258e+00,9.977376575589e+02,2.793438091173e+02,4.385064810351e+02,1.569773400100e+00,4.109532807846e-01,5.007686149117e-01,1.437780242721e+00,9.991993597118e-01
2.646492985972e-01,4.321719665086e-04,1.172879403311e-02,1.479264936091e+05,9.962226322199e-01,4.398659834593e+02,3.062624695108e+02,1.893716953047e+02,2.953738044037e+02,1.956515910314e+05,9.335373185797e+04,2.642134900344e+00,9.977436052116e+02,2.792683845405e+02,4.387585977597e+02,1.571100138964e+00,4.112099581232e-01,5.007654734134e-01,1.436238609850e+00,9.992035855865e-01
2.652705410822e-01,4.341725770715e-04,1.175591015582e-02,1.470759859086e+05,9.962460883033e-01,4.401074640914e+02,3.067574613379e+02,1.892605151735e+02,2.953460181495e+02,1.955398271846e+05,9.323672010953e+04,2.628449916280e+00,9.977495875706e+02,2.791938291993e+02,4.390093479988e+02,1.572417804712e+00,4.114650680488e-01,5.007623422058e-01,1.434708261608e+00,9.992077567545e-01
2.658917835671e-01,4.361778075607e-04,1.178302627853e-02,1.462333615790e+05,9.962693229443e-01,4.403476954281e+02,3.072502472666e+02,1.891506370545e+02,2.953180658603e+02,1.954293915944e+05,9.311902461398e+04,2.614872336228e+00,9.977556038800e+02,2.791201415080e+02,4.392587434157e+02,1.573726428492e+00,4.117186258666e-01,5.007592211037e-01,1.433189067692e+00,9.992118733888e-01
2.665130260521e-01,4.381876579763e-04,1.181014240124e-02,1.453985277778e+05,9.962923389858e-01,4.405866871060e+02,3.077408433090e+02,1.890420564242e+02,2.952899493208e+02,1.953202797887e+05,9.300064848132e+04,2.601401021807e+00,9.977616544077e+02,2.790473199673e+02,4.395067951925e+02,1.575026039469e+00,4.119706467824e-01,5.007561098309e-01,1.431680898669e+00,9.992159357648e-01
2.671342685371e-01,4.402021283181e-04,1.183725852395e-02,1.445713932824e+05,9.963151392232e-01,4.408244484264e+02,3.082292653224e+02,1.889347688724e+02,2.952616695534e+02,1.952124874075e+05,9.288159479395e+04,2.588034851122e+00,9.977677399607e+02,2.789753631326e+02,4.397535141497e+02,1.576316665428e+00,4.122211457045e-01,5.007530078827e-01,1.430183626351e+00,9.992199445469e-01
2.677555110220e-01,4.422212185863e-04,1.186437464666e-02,1.437518682442e+05,9.963377263964e-01,4.410609887110e+02,3.087155290108e+02,1.888287700034e+02,2.952332271580e+02,1.951060101035e+05,9.276186660813e+04,2.574772716249e+00,9.977738582739e+02,2.789042695367e+02,4.399989110970e+02,1.577598334468e+00,4.124701373484e-01,5.007499148318e-01,1.428697124904e+00,9.992239001072e-01
2.683767535070e-01,4.442449287808e-04,1.189149076937e-02,1.429398635395e+05,9.963601031994e-01,4.412963176234e+02,3.091996499334e+02,1.887240551954e+02,2.952046228261e+02,1.950008433086e+05,9.264146695410e+04,2.561613521713e+00,9.977800036756e+02,2.788340375092e+02,4.402429971565e+02,1.578871077180e+00,4.127176367270e-01,5.007468310063e-01,1.427221271817e+00,9.992278013975e-01
2.689979959920e-01,4.462732589016e-04,1.191860689208e-02,1.421352909924e+05,9.963822723134e-01,4.415304448642e+02,3.096816435061e+02,1.886206197389e+02,2.951758562805e+02,1.948969823520e+05,9.252039883532e+04,2.548556187392e+00,9.977861813202e+02,2.787646652882e+02,4.404857834681e+02,1.580134924965e+00,4.129636581549e-01,5.007437562853e-01,1.425755946867e+00,9.992316488951e-01
2.696192384770e-01,4.483062089488e-04,1.194572301479e-02,1.413380639065e+05,9.964042363591e-01,4.417633797914e+02,3.101615249976e+02,1.885184590424e+02,2.951469291104e+02,1.947944226774e+05,9.239866522954e+04,2.535599648107e+00,9.977923930122e+02,2.786961511674e+02,4.407272808003e+02,1.581389907805e+00,4.132082154806e-01,5.007406901246e-01,1.424301030874e+00,9.992354435844e-01
2.702404809619e-01,4.503437789222e-04,1.197283913749e-02,1.405480971156e+05,9.964259979053e-01,4.419951313722e+02,3.106393095303e+02,1.884175686477e+02,2.951178432429e+02,1.946931598620e+05,9.227626908870e+04,2.522742854226e+00,9.977986366791e+02,2.786284935100e+02,4.409674995058e+02,1.582636054019e+00,4.134513227829e-01,5.007376322443e-01,1.422856405522e+00,9.992391858163e-01
2.708617234469e-01,4.523859688220e-04,1.199995526020e-02,1.397653068619e+05,9.964475594823e-01,4.422257083511e+02,3.111150120831e+02,1.883179441758e+02,2.950885993954e+02,1.945931895605e+05,9.215321334021e+04,2.509984770474e+00,9.978049100880e+02,2.785616907119e+02,4.412064496926e+02,1.583873391079e+00,4.136929942015e-01,5.007345825452e-01,1.421421953862e+00,9.992428754987e-01
2.714829659319e-01,4.544327786481e-04,1.202707138291e-02,1.389896104984e+05,9.964689235864e-01,4.424551196113e+02,3.115886474953e+02,1.882195812037e+02,2.950591965359e+02,1.944945073827e+05,9.202950088884e+04,2.497324373443e+00,9.978112128878e+02,2.784957411082e+02,4.414441415828e+02,1.585101947434e+00,4.139332435100e-01,5.007315408668e-01,1.419997561426e+00,9.992465124949e-01
2.721042084168e-01,4.564842084006e-04,1.205418750562e-02,1.382209259408e+05,9.964900926754e-01,4.426833743581e+02,3.120602304695e+02,1.881224750731e+02,2.950296342419e+02,1.943971087023e+05,9.190513461560e+04,2.484760651937e+00,9.978175459285e+02,2.784306428290e+02,4.416805856941e+02,1.586321753979e+00,4.141720839882e-01,5.007285069547e-01,1.418583116766e+00,9.992500973013e-01
2.727254509018e-01,4.585402580793e-04,1.208130362833e-02,1.374591721565e+05,9.965110691648e-01,4.429104816995e+02,3.125297755721e+02,1.880266211267e+02,2.949999156624e+02,1.943009888854e+05,9.178011737527e+04,2.472292608523e+00,9.978239086335e+02,2.783663939762e+02,4.419157924234e+02,1.587532841558e+00,4.144095288727e-01,5.007254806850e-01,1.417178510075e+00,9.992536303465e-01
2.733466933868e-01,4.606009276844e-04,1.210841975104e-02,1.367042694833e+05,9.965318554318e-01,4.431364504010e+02,3.129972972337e+02,1.879320148283e+02,2.949700432313e+02,1.942061434196e+05,9.165445199805e+04,2.459919259492e+00,9.978303001987e+02,2.783029927164e+02,4.421497718046e+02,1.588735239563e+00,4.146455913710e-01,5.007224619380e-01,1.415783632375e+00,9.992571117643e-01
2.739679358717e-01,4.626662172158e-04,1.213553587375e-02,1.359561396279e+05,9.965524538193e-01,4.433612888867e+02,3.134628097494e+02,1.878386517517e+02,2.949400143616e+02,1.941125679038e+05,9.152814129503e+04,2.447639635196e+00,9.978367207682e+02,2.782404372731e+02,4.423825335109e+02,1.589928975984e+00,4.148802846036e-01,5.007194505366e-01,1.414398375492e+00,9.992605417509e-01
2.745891783567e-01,4.647361266735e-04,1.216265199646e-02,1.352147055405e+05,9.965728666328e-01,4.435850054258e+02,3.139263272802e+02,1.877465275238e+02,2.949098263183e+02,1.940202579882e+05,9.140118805882e+04,2.435452778787e+00,9.978431708604e+02,2.781787258825e+02,4.426140870397e+02,1.591114078316e+00,4.151136214253e-01,5.007164461652e-01,1.413022632632e+00,9.992639207221e-01
2.752104208417e-01,4.668106560575e-04,1.218976811917e-02,1.344798911048e+05,9.965930961364e-01,4.438076084667e+02,3.143878638554e+02,1.876556377115e+02,2.948794818991e+02,1.939292092544e+05,9.127359505779e+04,2.423357743976e+00,9.978496490465e+02,2.781178567046e+02,4.428444420425e+02,1.592290575261e+00,4.153456144261e-01,5.007134485538e-01,1.411656299401e+00,9.992672488489e-01
2.758316633267e-01,4.688898053679e-04,1.221688424188e-02,1.337516207268e+05,9.966131445630e-01,4.440291067273e+02,3.148474333780e+02,1.875659776878e+02,2.948489876716e+02,1.938394170816e+05,9.114536503201e+04,2.411353596144e+00,9.978561540889e+02,2.780578277277e+02,4.430736084184e+02,1.593458497606e+00,4.155762762138e-01,5.007104578141e-01,1.410299274043e+00,9.992705261201e-01
2.764529058116e-01,4.709735746045e-04,1.224400036458e-02,1.330298198407e+05,9.966330141153e-01,4.442495087832e+02,3.153050496242e+02,1.874775428464e+02,2.948183432750e+02,1.937508768755e+05,9.101650069913e+04,2.399439412918e+00,9.978626871198e+02,2.779986369367e+02,4.433015959055e+02,1.594617875794e+00,4.158056190118e-01,5.007074737912e-01,1.408951456099e+00,9.992737530171e-01
2.770741482966e-01,4.730619637675e-04,1.227111648729e-02,1.323144151287e+05,9.966527069584e-01,4.444688228798e+02,3.157607262424e+02,1.873903286940e+02,2.947875472159e+02,1.936635841563e+05,9.088700475793e+04,2.387614284533e+00,9.978692483444e+02,2.779402823760e+02,4.435284138928e+02,1.595768738886e+00,4.160336549239e-01,5.007044962293e-01,1.407612745794e+00,9.992769299869e-01
2.776953907816e-01,4.751549728569e-04,1.229823261000e-02,1.316053345172e+05,9.966722252216e-01,4.446870569377e+02,3.162144767539e+02,1.873043308426e+02,2.947565984325e+02,1.935775345496e+05,9.075687988903e+04,2.375877314100e+00,9.978758367567e+02,2.778827621449e+02,4.437540714263e+02,1.596911114605e+00,4.162603961423e-01,5.007015249868e-01,1.406283044036e+00,9.992800572206e-01
2.783166332665e-01,4.772526018725e-04,1.232534873271e-02,1.309025070520e+05,9.966915710026e-01,4.449042187611e+02,3.166663145551e+02,1.872195449477e+02,2.947254974415e+02,1.934927237215e+05,9.062612875409e+04,2.364227616362e+00,9.978824511858e+02,2.778260743502e+02,4.439785774175e+02,1.598045030351e+00,4.164858548577e-01,5.006985600574e-01,1.404962253046e+00,9.992831346451e-01
2.789378757515e-01,4.793548508145e-04,1.235246485542e-02,1.302058625759e+05,9.967107463736e-01,4.451203164291e+02,3.171162529216e+02,1.871359665743e+02,2.946942439743e+02,1.934091472402e+05,9.049475399529e+04,2.352664315478e+00,9.978890930262e+02,2.777702170061e+02,4.442019410326e+02,1.599170515185e+00,4.167100427751e-01,5.006956012862e-01,1.403650277550e+00,9.992861625109e-01
2.795591182365e-01,4.814617196828e-04,1.237958097813e-02,1.295153312234e+05,9.967297533695e-01,4.453353584025e+02,3.175643050107e+02,1.870535910298e+02,2.946628399614e+02,1.933268004064e+05,9.036275823286e+04,2.341186545716e+00,9.978957634806e+02,2.777151878803e+02,4.444241717962e+02,1.600287601079e+00,4.169329709569e-01,5.006926482654e-01,1.402347025077e+00,9.992891421702e-01
2.801803607214e-01,4.835732084774e-04,1.240669710084e-02,1.288308440473e+05,9.967485939836e-01,4.455493529532e+02,3.180104838602e+02,1.869724136598e+02,2.946312889896e+02,1.932456785603e+05,9.023014406438e+04,2.329793452200e+00,9.979024590168e+02,2.776609847377e+02,4.446452790242e+02,1.601396319488e+00,4.171546506852e-01,5.006897008983e-01,1.401052404137e+00,9.992920740489e-01
2.808016032064e-01,4.856893171983e-04,1.243381322355e-02,1.281523334340e+05,9.967672701845e-01,4.457623079070e+02,3.184548023898e+02,1.868924300078e+02,2.945995926201e+02,1.931657772440e+05,9.009691406689e+04,2.318484191637e+00,9.979091763648e+02,2.776076055081e+02,4.448652715737e+02,1.602496699467e+00,4.173750935117e-01,5.006867593041e-01,1.399766323390e+00,9.992949576562e-01
2.814228456914e-01,4.878100458455e-04,1.246092934626e-02,1.274797329316e+05,9.967857839216e-01,4.459742307673e+02,3.188972734021e+02,1.868136357246e+02,2.945677495594e+02,1.930870921071e+05,8.996307080034e+04,2.307257932946e+00,9.979159153121e+02,2.775550481822e+02,4.450841579671e+02,1.603588768722e+00,4.175943110692e-01,5.006838236917e-01,1.398488692015e+00,9.992977924745e-01
2.820440881764e-01,4.899353944191e-04,1.248804546897e-02,1.268129771214e+05,9.968041371227e-01,4.461851289016e+02,3.193379095834e+02,1.867360265046e+02,2.945357576471e+02,1.930096188420e+05,8.982861680873e+04,2.296113855931e+00,9.979226794838e+02,2.775033107625e+02,4.453019465761e+02,1.604672554545e+00,4.178123145542e-01,5.006808939290e-01,1.397219420280e+00,9.993005787396e-01
2.826653306613e-01,4.920653629190e-04,1.251516159167e-02,1.261520013588e+05,9.968223316822e-01,4.463950098396e+02,3.197767235043e+02,1.866595979758e+02,2.945036178502e+02,1.929333530749e+05,8.969355461798e+04,2.285051149331e+00,9.979294733188e+02,2.774523911790e+02,4.455186459144e+02,1.605748085361e+00,4.180291143502e-01,5.006779693218e-01,1.395958420449e+00,9.993033177585e-01
2.832865731463e-01,4.941999513452e-04,1.254227771438e-02,1.254967414211e+05,9.968403694445e-01,4.466038813601e+02,3.202137276226e+02,1.865843455876e+02,2.944713322689e+02,1.928582902474e+05,8.955788673532e+04,2.274069011543e+00,9.979362928104e+02,2.774022872028e+02,4.457342647206e+02,1.606815391521e+00,4.182447210420e-01,5.006750497010e-01,1.394705607020e+00,9.993060102854e-01
2.839078156313e-01,4.963391596977e-04,1.256939383709e-02,1.248471339147e+05,9.968582522329e-01,4.468117511347e+02,3.206489342859e+02,1.865102648215e+02,2.944389015658e+02,1.927844258249e+05,8.942161564975e+04,2.263166650947e+00,9.979431345766e+02,2.773529966067e+02,4.459488116129e+02,1.607874503138e+00,4.184591454286e-01,5.006721352313e-01,1.393460895573e+00,9.993086563381e-01
2.845290581162e-01,4.984829879766e-04,1.259650995980e-02,1.242031164608e+05,9.968759818507e-01,4.470186265667e+02,3.210823557317e+02,1.864373512583e+02,2.944063260866e+02,1.927117553733e+05,8.928474383286e+04,2.252343286174e+00,9.979499976754e+02,2.773045172186e+02,4.461622949289e+02,1.608925449192e+00,4.186723981546e-01,5.006692259418e-01,1.392224202255e+00,9.993112559577e-01
2.851503006012e-01,5.006314361818e-04,1.262362608251e-02,1.235646277056e+05,9.968935600765e-01,4.472245147782e+02,3.215140040871e+02,1.863656005739e+02,2.943736063460e+02,1.926402745563e+05,8.914727373926e+04,2.241598146524e+00,9.979568818195e+02,2.772568469185e+02,4.463747227118e+02,1.609968257495e+00,4.188844898575e-01,5.006663218681e-01,1.390995443723e+00,9.993138091491e-01
2.857715430862e-01,5.027845043133e-04,1.265074220522e-02,1.229316072487e+05,9.969109886651e-01,4.474294227275e+02,3.219438913702e+02,1.862950084970e+02,2.943407431212e+02,1.925699790905e+05,8.900920780643e+04,2.230930471359e+00,9.979637874303e+02,2.772099836064e+02,4.465861028274e+02,1.611002955296e+00,4.190954311248e-01,5.006634230721e-01,1.389774537492e+00,9.993163159055e-01
2.863927855711e-01,5.049421923711e-04,1.267785832793e-02,1.223039954661e+05,9.969282693506e-01,4.476333574764e+02,3.223720294926e+02,1.862255707221e+02,2.943077371913e+02,1.925008646592e+05,8.887054845479e+04,2.220339508552e+00,9.979707177300e+02,2.771639251382e+02,4.467964432299e+02,1.612029570613e+00,4.193052320454e-01,5.006605293270e-01,1.388561402740e+00,9.993187768083e-01
2.870140280561e-01,5.071045003552e-04,1.270497445064e-02,1.216817331154e+05,9.969454038309e-01,4.478363263554e+02,3.227984302590e+02,1.861572827655e+02,2.942745882880e+02,1.924329267641e+05,8.873129808928e+04,2.209824514175e+00,9.979776743036e+02,2.771186692153e+02,4.470057521224e+02,1.613048133452e+00,4.195139020315e-01,5.006576400256e-01,1.387355960796e+00,9.993211934730e-01
2.876352705411e-01,5.092714282657e-04,1.273209057335e-02,1.210647616153e+05,9.969623937659e-01,4.480383366705e+02,3.232231053708e+02,1.860901401353e+02,2.942412974393e+02,1.923661608881e+05,8.859145909916e+04,2.199384753545e+00,9.979846503507e+02,2.770742135080e+02,4.472140376659e+02,1.614058674042e+00,4.197214513379e-01,5.006547555719e-01,1.386158134198e+00,9.993235656353e-01
2.882565130261e-01,5.114429761025e-04,1.275920669606e-02,1.204530232843e+05,9.969792408103e-01,4.482393954995e+02,3.236460664277e+02,1.860241384300e+02,2.942078661718e+02,1.923005626060e+05,8.845103385607e+04,2.189019501014e+00,9.979916458136e+02,2.770305557397e+02,4.474213077863e+02,1.615061221646e+00,4.199278900298e-01,5.006518762051e-01,1.384967846039e+00,9.993258930479e-01
2.888777555110e-01,5.136191438656e-04,1.278632281877e-02,1.198464613723e+05,9.969959465984e-01,4.484395096543e+02,3.240673249266e+02,1.859592733408e+02,2.941742952235e+02,1.922361275876e+05,8.831002471565e+04,2.178728040604e+00,9.979986631609e+02,2.769876936853e+02,4.476275701317e+02,1.616055804415e+00,4.201332277785e-01,5.006490017687e-01,1.383785019844e+00,9.993281761889e-01
2.894989979960e-01,5.157999315550e-04,1.281343894147e-02,1.192450200234e+05,9.970125127343e-01,4.486386857413e+02,3.244868922612e+02,1.858955406238e+02,2.941405844177e+02,1.921728515685e+05,8.816843401953e+04,2.168509665839e+00,9.980057034677e+02,2.769456251486e+02,4.478328321303e+02,1.617042449723e+00,4.203374740839e-01,5.006461319711e-01,1.382609579743e+00,9.993304158581e-01
2.901202404810e-01,5.179853391708e-04,1.284055506418e-02,1.186486441669e+05,9.970289407934e-01,4.488369303715e+02,3.249047797236e+02,1.858329360383e+02,2.941067334552e+02,1.921107302864e+05,8.802626409559e+04,2.158363678662e+00,9.980127652381e+02,2.769043479163e+02,4.480371012000e+02,1.618021185191e+00,4.205406384507e-01,5.006432666820e-01,1.381441451103e+00,9.993326126216e-01
2.907414829659e-01,5.201753667128e-04,1.286767118689e-02,1.180572791803e+05,9.970452323283e-01,4.490342503938e+02,3.253209985079e+02,1.857714552174e+02,2.940727436668e+02,1.920497593451e+05,8.788351725567e+04,2.148289388091e+00,9.980198459429e+02,2.768638596642e+02,4.482403849821e+02,1.618992040080e+00,4.207427303810e-01,5.006404060498e-01,1.380280561210e+00,9.993347665291e-01
2.913627254509e-01,5.223700141812e-04,1.289478730960e-02,1.174708708848e+05,9.970613888764e-01,4.492306527669e+02,3.257355597129e+02,1.857110937027e+02,2.940386175133e+02,1.919899342539e+05,8.774019579482e+04,2.138286111526e+00,9.980269450642e+02,2.768241579807e+02,4.484426912159e+02,1.619955044701e+00,4.209437593500e-01,5.006375504022e-01,1.379126838847e+00,9.993368776889e-01
2.919839679359e-01,5.245692815759e-04,1.292190343231e-02,1.168893658682e+05,9.970774119575e-01,4.494261442880e+02,3.261484743412e+02,1.856518470990e+02,2.940043536572e+02,1.919312505870e+05,8.759630199552e+04,2.128353174311e+00,9.980340650562e+02,2.767852404836e+02,4.486440274681e+02,1.620910228754e+00,4.211437343332e-01,5.006346996090e-01,1.377980213447e+00,9.993389467790e-01
2.926052104208e-01,5.267731688970e-04,1.294901955502e-02,1.163127115539e+05,9.970933030629e-01,4.496207315166e+02,3.265597532987e+02,1.855937110956e+02,2.939699506340e+02,1.918737040055e+05,8.745183812932e+04,2.118489910425e+00,9.980412063086e+02,2.767471048361e+02,4.488444010553e+02,1.621857620953e+00,4.213426642011e-01,5.006318534447e-01,1.376840614849e+00,9.993409745246e-01
2.932264529058e-01,5.289816761443e-04,1.297613567773e-02,1.157408562010e+05,9.971090636591e-01,4.498144207764e+02,3.269694073949e+02,1.855366814617e+02,2.939354091407e+02,1.918172902519e+05,8.730680645449e+04,2.108695662689e+00,9.980483673295e+02,2.767097487442e+02,4.490438190464e+02,1.622797249046e+00,4.215405579582e-01,5.006290118326e-01,1.375707973294e+00,9.993429613757e-01
2.938476953908e-01,5.311948033180e-04,1.300325180044e-02,1.151737488401e+05,9.971246951925e-01,4.500072182775e+02,3.273774473445e+02,1.854807540051e+02,2.939007319097e+02,1.917620051068e+05,8.716120921327e+04,2.098969782197e+00,9.980555459495e+02,2.766731699268e+02,4.492422883860e+02,1.623729140433e+00,4.217374247896e-01,5.006261749586e-01,1.374582219782e+00,9.993449073502e-01
2.944689378758e-01,5.334125504180e-04,1.303036792315e-02,1.146113390980e+05,9.971401990954e-01,4.501991303636e+02,3.277838837706e+02,1.854259244897e+02,2.938659211416e+02,1.917078442988e+05,8.701504863297e+04,2.089311626969e+00,9.980627419370e+02,2.766373660558e+02,4.494398161412e+02,1.624653323407e+00,4.219332737330e-01,5.006233430689e-01,1.373463286800e+00,9.993468124030e-01
2.950901803607e-01,5.356349174443e-04,1.305748404586e-02,1.140535768872e+05,9.971555767860e-01,4.503901636287e+02,3.281887272063e+02,1.853721885232e+02,2.938309740791e+02,1.916548033882e+05,8.686832692983e+04,2.079720561894e+00,9.980699591069e+02,2.766023346712e+02,4.496364096173e+02,1.625569828078e+00,4.221281131855e-01,5.006205160257e-01,1.372351108652e+00,9.993486775884e-01
2.957114228457e-01,5.378619043970e-04,1.308460016856e-02,1.135004126846e+05,9.971708296474e-01,4.505803246403e+02,3.285919880937e+02,1.853195417116e+02,2.937958913608e+02,1.916028779413e+05,8.672104630758e+04,2.070195959032e+00,9.980771964107e+02,2.765680732873e+02,4.498320760776e+02,1.626478684727e+00,4.223219512608e-01,5.006176935203e-01,1.371245620608e+00,9.993505041869e-01
2.963326653307e-01,5.400935112759e-04,1.311171629127e-02,1.129517977109e+05,9.971859590408e-01,4.507696197502e+02,3.289936767859e+02,1.852679797584e+02,2.937606765669e+02,1.915520636248e+05,8.657320895480e+04,2.060737197817e+00,9.980844499949e+02,2.765345794769e+02,4.500268225602e+02,1.627379922654e+00,4.225147964607e-01,5.006148756534e-01,1.370146758302e+00,9.993522922844e-01
2.969539078156e-01,5.423297380812e-04,1.313883241398e-02,1.124076840075e+05,9.972009663152e-01,4.509580549421e+02,3.293938035468e+02,1.852174984986e+02,2.937253305516e+02,1.915023562406e+05,8.642481704809e+04,2.051343666201e+00,9.980917178589e+02,2.765018508990e+02,4.502206557278e+02,1.628273569468e+00,4.227066574358e-01,5.006120626042e-01,1.369054457268e+00,9.993540417142e-01
2.975751503006e-01,5.445705848128e-04,1.316594853669e-02,1.118680244834e+05,9.972158528063e-01,4.511456357562e+02,3.297923785494e+02,1.851680938862e+02,2.936898519070e+02,1.914537517122e+05,8.627587275456e+04,2.042014761809e+00,9.980989998853e+02,2.764698852890e+02,4.504135817935e+02,1.629159650870e+00,4.228975430528e-01,5.006092546582e-01,1.367968652704e+00,9.993557524590e-01
2.981963927856e-01,5.468160514707e-04,1.319306465940e-02,1.113327727663e+05,9.972306198351e-01,4.513323676964e+02,3.301894118750e+02,1.851197618164e+02,2.936542390086e+02,1.914062458993e+05,8.612637822417e+04,2.032749891314e+00,9.981062982472e+02,2.764386803233e+02,4.506056069245e+02,1.630038192910e+00,4.230874621295e-01,5.006064521613e-01,1.366889280712e+00,9.993574254193e-01
2.988176352705e-01,5.490661380550e-04,1.322018078211e-02,1.108018824992e+05,9.972452687063e-01,4.515182574945e+02,3.305849135226e+02,1.850724976819e+02,2.936184943978e+02,1.913598341340e+05,8.597633557858e+04,2.023548464615e+00,9.981136175079e+02,2.764082332810e+02,4.507967384981e+02,1.630909228524e+00,4.232764225173e-01,5.006036552714e-01,1.365816282066e+00,9.993590628945e-01
2.994388777555e-01,5.513208445656e-04,1.324729690482e-02,1.102753064668e+05,9.972598006901e-01,4.517033145126e+02,3.309788934402e+02,1.850262960938e+02,2.935826205496e+02,1.913145109395e+05,8.582574694360e+04,2.014409884214e+00,9.981209540867e+02,2.763785408254e+02,4.509869864907e+02,1.631772803865e+00,4.234644307815e-01,5.006008643823e-01,1.364749606289e+00,9.993606655547e-01
3.000601202405e-01,5.535801710024e-04,1.327441302753e-02,1.097529969128e+05,9.972742170473e-01,4.518875495293e+02,3.313713615283e+02,1.849811518469e+02,2.935466156015e+02,1.912702710379e+05,8.567461454826e+04,2.005333536366e+00,9.981283049073e+02,2.763495997420e+02,4.511763622775e+02,1.632628969605e+00,4.236514911317e-01,5.005980783509e-01,1.363689207918e+00,9.993622287830e-01
3.006813627255e-01,5.558441173657e-04,1.330152915024e-02,1.092349089157e+05,9.972885190204e-01,4.520709663991e+02,3.317623274783e+02,1.849370629666e+02,2.935104791475e+02,1.912271125129e+05,8.552294070831e+04,1.996318819235e+00,9.981356708885e+02,2.763214092586e+02,4.513648703399e+02,1.633477737216e+00,4.238376071977e-01,5.005952918239e-01,1.362635021991e+00,9.993637434411e-01
3.013026052104e-01,5.581126836552e-04,1.332864527295e-02,1.087210079929e+05,9.973027078011e-01,4.522535467783e+02,3.321518005639e+02,1.848940342347e+02,2.934742117885e+02,1.911850404500e+05,8.537072723523e+04,1.987365244909e+00,9.981430530568e+02,2.762939737390e+02,4.515524930792e+02,1.634319008006e+00,4.240227925366e-01,5.005924977131e-01,1.361586919024e+00,9.993652085755e-01
3.019238476954e-01,5.603858698711e-04,1.335576139565e-02,1.082112743086e+05,9.973167845162e-01,4.524352487340e+02,3.325397903604e+02,1.848520726488e+02,2.934378144958e+02,1.911440621690e+05,8.521797451548e+04,1.978472567562e+00,9.981504510507e+02,2.762672992545e+02,4.517391894435e+02,1.635152588318e+00,4.242070857213e-01,5.005897013456e-01,1.360544698256e+00,9.993666661743e-01
3.025450901804e-01,5.626636760132e-04,1.338287751836e-02,1.077056809718e+05,9.973307503329e-01,4.526160663342e+02,3.329263087599e+02,1.848111623150e+02,2.934012885359e+02,1.911041611111e+05,8.506468340742e+04,1.969640656807e+00,9.981578635669e+02,2.762413744977e+02,4.519249542040e+02,1.635978517070e+00,4.243905447704e-01,5.005869461765e-01,1.359508258810e+00,9.993682200728e-01
3.031663326653e-01,5.649461020817e-04,1.340999364107e-02,1.072041250075e+05,9.973446068739e-01,4.527961749716e+02,3.333113670779e+02,1.847712262424e+02,2.933646371236e+02,1.910652573129e+05,8.491086391938e+04,1.960868638450e+00,9.981652918195e+02,2.762161416672e+02,4.521099624776e+02,1.636797761886e+00,4.245731779614e-01,5.005843253564e-01,1.358478046942e+00,9.993698972371e-01
3.037875751503e-01,5.672331480765e-04,1.343710976378e-02,1.067063580006e+05,9.973583567777e-01,4.529760285612e+02,3.336949584411e+02,1.847321454713e+02,2.933278656680e+02,1.910272277920e+05,8.475653883109e+04,1.952153402637e+00,9.981727362145e+02,2.761915108153e+02,4.522946663254e+02,1.637612484867e+00,4.247548088646e-01,5.005819103035e-01,1.357455415801e+00,9.993712323724e-01
3.044088176353e-01,5.695248139977e-04,1.346422588649e-02,1.062121155399e+05,9.973720026565e-01,4.531559840723e+02,3.340770588187e+02,1.846939612276e+02,2.932909706182e+02,1.909901170261e+05,8.460169844409e+04,1.943489814288e+00,9.981801920834e+02,2.761675132512e+02,4.524794211420e+02,1.638423780608e+00,4.249350028430e-01,5.005794673206e-01,1.356441491896e+00,9.993710860459e-01
3.050300601202e-01,5.718210998451e-04,1.349134200920e-02,1.057216925407e+05,9.973855402624e-01,4.533349686519e+02,3.344577617242e+02,1.846572347923e+02,2.932539166542e+02,1.909545096612e+05,8.444620183252e+04,1.934877499324e+00,9.981876632177e+02,2.761445749829e+02,4.526631595011e+02,1.639225248329e+00,4.251132745034e-01,5.005758342590e-01,1.355432645111e+00,9.993694261896e-01
3.056513026052e-01,5.741220056189e-04,1.351845813191e-02,1.052366893894e+05,9.973989463906e-01,4.535088788872e+02,3.348374496017e+02,1.846229727556e+02,2.932166615333e+02,1.909214481504e+05,8.428987756528e+04,1.926335459512e+00,9.981951606179e+02,2.761234606206e+02,4.528417976815e+02,1.639997545532e+00,4.252897994518e-01,5.005686402203e-01,1.354415043558e+00,9.993719908556e-01
3.062725450902e-01,5.764275313190e-04,1.354557425462e-02,1.047594475038e+05,9.974121907115e-01,4.536728187151e+02,3.352160145639e+02,1.845910392183e+02,2.931793392312e+02,1.908907771189e+05,8.413328464713e+04,1.917908498487e+00,9.982026625340e+02,2.761040694617e+02,4.530104608911e+02,1.640723593007e+00,4.254673725916e-01,5.005581266522e-01,1.353374537626e+00,9.993911842375e-01
3.068937875752e-01,5.787376769455e-04,1.357269037733e-02,1.042891145802e+05,9.974253402812e-01,4.538336832910e+02,3.355904954507e+02,1.845574259184e+02,2.931424287993e+02,1.908583138740e+05,8.397841069058e+04,1.909623255625e+00,9.982100708557e+02,2.760833693842e+02,4.531760140718e+02,1.641446259812e+00,4.256557950449e-01,5.005603226284e-01,1.352343673147e+00,9.994248718254e-01
3.075150300601e-01,5.810524424982e-04,1.359980650004e-02,1.038146235027e+05,9.974387447563e-01,4.540277906818e+02,3.359575820753e+02,1.845153090728e+02,2.931059412446e+02,1.908169925028e+05,8.382528404854e+04,1.901347341311e+00,9.982173740832e+02,2.760562195528e+02,4.533746583278e+02,1.642327273272e+00,4.258716347439e-01,5.006146173790e-01,1.351443797985e+00,9.994059646115e-01
3.081362725451e-01,5.833718279773e-04,1.362692262274e-02,1.033101987449e+05,9.974528905064e-01,4.543002173953e+02,3.363345400392e+02,1.844669834654e+02,2.930670469228e+02,1.907693562641e+05,8.366206075505e+04,1.892582192178e+00,9.982251442377e+02,2.760244450695e+02,4.536514289450e+02,1.643519032638e+00,4.260975863949e-01,5.007152387976e-01,1.350739110358e+00,9.991822968118e-01
3.087575150301e-01,5.856958333827e-04,1.365403874545e-02,1.027454058736e+05,9.974671074830e-01,4.545717724385e+02,3.367699355968e+02,1.844343883463e+02,2.930207743557e+02,1.907384952725e+05,8.346792603843e+04,1.882540856342e+00,9.982343875948e+02,2.760047180774e+02,4.539275340281e+02,1.644636864145e+00,4.261666671350e-01,5.006118288560e-01,1.349799148885e+00,9.986573086033e-01
3.093787575150e-01,5.880244587144e-04,1.368115486816e-02,1.021921837040e+05,9.974773909726e-01,4.545706962960e+02,3.372100597391e+02,1.844277699077e+02,2.929749821314e+02,1.907347051022e+05,8.327582012342e+04,1.872442345361e+00,9.982435170816e+02,2.760040064774e+02,4.539312011574e+02,1.644654390894e+00,4.258465029638e-01,4.999573931848e-01,1.348034209441e+00,9.985627157288e-01
3.100000000000e-01,5.903577039724e-04,1.370827099087e-02,1.021921837040e+05,9.974773909726e-01,4.545706962961e+02,3.372100597391e+02,1.844277699077e+02,2.929749821314e+02,1.907347051022e+05,8.327582012342e+04,1.872442345361e+00,9.982435170816e+02,2.760040064774e+02,4.539312011574e+02,1.644654390894e+00,4.258465029637e-01,4.999573931848e-01,1.348034209441e+00,1.002524951800e+00
