x,A,r,p,alpha_g,u_g,u_l,T_g,T_l,h_g,h_l,rho_g,rho_l,a_mix,u_mix,Ma_mix,quality_static,quality_flow,slip,mdot
0.000000000000e+00,2.039265260097e-03,2.547780000000e-02,1.998615988943e+06,9.775820723514e-01,1.101738370825e+01,1.101738370825e+01,2.950906193789e+02,2.951357827927e+02,3.018188431890e+05,9.408701832354e+04,2.290079350203e+01,9.986384790403e+02,3.499786147829e+02,1.101738370825e+01,3.148016262389e-02,5.000000000000e-01,5.000000000000e-01,1.000000000000e+00,1.005972134484e+00
6.212424849699e-04,2.021768411380e-03,2.536826507502e-02,1.999282448923e+06,9.773971992854e-01,1.101700320338e+01,1.101776111657e+01,2.951196321693e+02,2.951356756659e+02,3.018485176646e+05,9.408719335547e+04,2.290608427107e+01,9.986388057447e+02,3.499561038982e+02,1.101703571047e+01,3.148119317752e-02,4.979571868252e-01,4.979399889913e-01,9.999312098725e-01,1.001474329098e+00
1.242484969940e-03,2.004346947691e-03,2.525873015004e-02,1.998784756379e+06,9.772114301338e-01,1.113468230541e+01,1.102407807068e+01,2.950990090656e+02,2.951355210443e+02,3.018274769279e+05,9.408608262424e+04,2.290204837720e+01,9.986386156548e+02,3.498996690409e+02,1.112989134883e+01,3.180880787723e-02,4.958194313661e-01,4.983150835710e-01,1.010032969108e+00,1.002327306553e+00
1.863727454910e-03,1.987000869030e-03,2.514919522506e-02,1.998536308513e+06,9.770250437192e-01,1.125998444375e+01,1.103129197347e+01,2.950891043878e+02,2.951353512166e+02,3.018173925099e+05,9.408514118972e+04,2.290000160950e+01,9.986385420375e+02,3.498501060352e+02,1.124998057848e+01,3.215657329928e-02,4.937132331094e-01,4.988427243635e-01,1.020731249869e+00,1.003490843365e+00
2.484969939880e-03,1.969730175397e-03,2.503966030008e-02,1.998502077417e+06,9.768382378623e-01,1.136626295175e+01,1.103843732668e+01,2.950883649234e+02,2.951351741823e+02,3.018166741716e+05,9.408436973812e+04,2.289966862976e+01,9.986385671779e+02,3.498064203000e+02,1.135178207454e+01,3.245161156507e-02,4.916377434097e-01,4.989534884437e-01,1.029698553823e+00,1.003728424824e+00
3.106212424850e-03,1.952534866791e-03,2.493012537510e-02,1.998504802510e+06,9.766513101102e-01,1.146640304215e+01,1.104626559894e+01,2.950892133484e+02,2.951349920267e+02,3.018175788634e+05,9.408361141239e+04,2.289963077541e+01,9.986386102462e+02,3.497635650697e+02,1.144766388025e+01,3.272972094153e-02,4.895806686244e-01,4.989113789886e-01,1.038034341963e+00,1.003623007426e+00
3.727454909820e-03,1.935414943212e-03,2.482059045012e-02,1.998486565948e+06,9.764645437996e-01,1.156856102100e+01,1.105526545117e+01,2.950891732676e+02,2.951348060799e+02,3.018175760091e+05,9.408281767239e+04,2.289942453476e+01,9.986386446830e+02,3.497199333591e+02,1.154544568553e+01,3.301340468252e-02,4.875398718337e-01,4.988833774075e-01,1.046429963360e+00,1.003541749695e+00
4.348697394790e-03,1.918370404662e-03,2.471105552513e-02,1.998455090263e+06,9.762781864393e-01,1.167350319306e+01,1.106557319376e+01,2.950885735981e+02,2.951346175866e+02,3.018170016572e+05,9.408200092992e+04,2.289911181333e+01,9.986386737030e+02,3.496758060073e+02,1.164586421117e+01,3.330474688582e-02,4.855184623108e-01,4.988851164415e-01,1.054938862060e+00,1.003518419006e+00
4.969939879760e-03,1.901401251139e-03,2.460152060015e-02,1.998421779283e+06,9.760924593924e-01,1.178023065683e+01,1.107723763473e+01,2.950879010936e+02,2.951344273860e+02,3.018163531677e+05,9.408117534148e+04,2.289878394302e+01,9.986387022828e+02,3.496315658585e+02,1.174796708373e+01,3.360099095997e-02,4.835195100491e-01,4.988961444494e-01,1.063462845637e+00,1.003507907134e+00
5.591182364729e-03,1.884507482644e-03,2.449198567517e-02,1.998389062356e+06,9.759075648716e-01,1.188830493032e+01,1.109032583113e+01,2.950872594901e+02,2.951342359044e+02,3.018157365394e+05,9.408034495762e+04,2.289846037699e+01,9.986387314256e+02,3.495873334285e+02,1.185133919455e+01,3.390093994058e-02,4.815450301491e-01,4.989071334504e-01,1.071952719094e+00,1.003490015779e+00
6.212424849699e-03,1.867689099176e-03,2.438245075019e-02,1.998355923332e+06,9.757236869233e-01,1.199775467551e+01,1.110491862168e+01,2.950866056037e+02,2.951340433278e+02,3.018151076571e+05,9.407950960607e+04,2.289813296140e+01,9.986387606282e+02,3.495431264065e+02,1.195601239298e+01,3.420468460041e-02,4.795964865089e-01,4.989179996338e-01,1.080400053729e+00,1.003465186654e+00
6.833667334669e-03,1.850946100737e-03,2.427291582521e-02,1.998321609804e+06,9.755409916530e-01,1.210867732776e+01,1.112109285634e+01,2.950859077011e+02,2.951338497292e+02,3.018144341158e+05,9.407866888831e+04,2.289779563878e+01,9.986387895327e+02,3.494989666779e+02,1.206208408833e+01,3.451250286371e-02,4.776751276716e-01,4.989299678318e-01,1.088802825782e+00,1.003436943178e+00
7.454909819639e-03,1.834278487325e-03,2.416338090023e-02,1.998285995256e+06,9.753596283947e-01,1.222112144005e+01,1.113891628259e+01,2.950851609046e+02,2.951336551241e+02,3.018137109588e+05,9.407782275159e+04,2.289744735299e+01,9.986388180782e+02,3.494548909487e+02,1.216960478219e+01,3.482453700722e-02,4.757820399386e-01,4.989432691221e-01,1.097155336300e+00,1.003406727957e+00
8.076152304609e-03,1.817686258940e-03,2.405384597525e-02,1.998249121142e+06,9.751797311532e-01,1.233510936521e+01,1.115844868033e+01,2.950843675896e+02,2.951334594933e+02,3.018129406447e+05,9.407697115396e+04,2.289708838639e+01,9.986388462878e+02,3.494109377399e+02,1.227859978523e+01,3.514085696529e-02,4.739181308846e-01,4.989576059687e-01,1.105450203572e+00,1.003374842502e+00
8.697394789579e-03,1.801169415583e-03,2.394431105027e-02,1.998210987983e+06,9.750014198067e-01,1.245066298979e+01,1.117974317252e+01,2.950835284358e+02,2.951332627947e+02,3.018121239016e+05,9.407611392041e+04,2.289671868929e+01,9.986388741716e+02,3.493671415259e+02,1.238909379169e+01,3.546153120632e-02,4.720841311257e-01,4.989726664764e-01,1.113680591553e+00,1.003341515613e+00
9.318637274549e-03,1.784727957254e-03,2.383477612529e-02,1.998171556893e+06,9.748248010408e-01,1.256780875238e+01,1.120284670743e+01,2.950826424769e+02,2.951330649723e+02,3.018112597786e+05,9.407525078018e+04,2.289633789339e+01,9.986389017246e+02,3.493235329058e+02,1.250111564963e+01,3.578664038360e-02,4.702806108170e-01,4.989882304731e-01,1.121840642883e+00,1.003307094772e+00
9.939879759519e-03,1.768361883953e-03,2.372524120031e-02,1.998130782342e+06,9.746499691149e-01,1.268657532818e+01,1.122780032028e+01,2.950817084907e+02,2.951328659613e+02,3.018103470639e+05,9.407438142094e+04,2.289594557497e+01,9.986389289412e+02,3.492801396486e+02,1.261469613724e+01,3.611627088196e-02,4.685079964330e-01,4.990041304185e-01,1.129925271762e+00,1.003271937683e+00
1.056112224449e-02,1.752071195679e-03,2.361570627533e-02,1.998088622663e+06,9.744770065277e-01,1.280699209826e+01,1.125463951545e+01,2.950807254398e+02,2.951326656921e+02,3.018093847360e+05,9.407350551259e+04,2.289554133949e+01,9.986389558184e+02,3.492369870806e+02,1.272986649833e+01,3.645051059666e-02,4.667665839511e-01,4.990202237119e-01,1.137930013722e+00,1.003236345041e+00
1.118236472946e-02,1.735855892433e-03,2.350617135035e-02,1.998045038344e+06,9.743059846174e-01,1.292908901713e+01,1.128339476306e+01,2.950796923945e+02,2.951324640918e+02,3.018083718840e+05,9.407262271376e+04,2.289512480849e+01,9.986389823551e+02,3.491940981088e+02,1.284665831712e+01,3.678944858088e-02,4.650565497517e-01,4.990363887137e-01,1.145850986217e+00,1.003200556704e+00
1.180360721443e-02,1.719715974215e-03,2.339663642537e-02,1.997999989754e+06,9.741369641240e-01,1.305289682133e+01,1.131409202952e+01,2.950786084310e+02,2.951322610856e+02,3.018073076040e+05,9.407173267468e+04,2.289469560155e+01,9.986390085504e+02,3.491514932261e+02,1.296510372110e+01,3.713317563477e-02,4.633779605547e-01,4.990525255813e-01,1.153684872571e+00,1.003164764764e+00
1.242484969940e-02,1.703651441024e-03,2.328710150039e-02,1.997953436569e+06,9.739699957312e-01,1.317844713363e+01,1.134675329632e+01,2.950774726048e+02,2.951320565973e+02,3.018061909711e+05,9.407083503986e+04,2.289425333199e+01,9.986390344035e+02,3.491091905653e+02,1.308523548587e+01,3.748178460922e-02,4.617307828241e-01,4.990685545292e-01,1.161428894193e+00,1.003129123546e+00
1.304609218437e-02,1.687662292861e-03,2.317756657540e-02,1.997905337865e+06,9.738051206014e-01,1.330577247970e+01,1.138139705020e+01,2.950762839525e+02,2.951318505501e+02,3.018050210414e+05,9.406992945030e+04,2.289379760774e+01,9.986390599136e+02,3.490672059778e+02,1.320708705739e+01,3.783537047083e-02,4.601148916917e-01,4.990844124265e-01,1.169080774620e+00,1.003093756151e+00
1.366733466934e-02,1.671748529726e-03,2.306803165042e-02,1.997855652167e+06,9.736423709064e-01,1.343490629235e+01,1.141803873772e+01,2.950750414923e+02,2.951316428669e+02,3.018037968526e+05,9.406901554506e+04,2.289332803186e+01,9.986390850794e+02,3.490255531140e+02,1.333069256279e+01,3.819403033347e-02,4.585300794136e-01,4.991000494334e-01,1.176638703104e+00,1.003058759953e+00
1.428857715431e-02,1.655910151618e-03,2.295849672544e-02,1.997804337377e+06,9.734817703568e-01,1.356588292593e+01,1.145669118107e+01,2.950737442199e+02,2.951314334704e+02,3.018025174197e+05,9.406809296220e+04,2.289284420206e+01,9.986391098997e+02,3.489842435053e+02,1.345608683076e+01,3.855786351728e-02,4.569760633750e-01,4.991154262293e-01,1.184101300413e+00,1.003024211629e+00
1.490981963928e-02,1.640147158538e-03,2.284896180046e-02,1.997751350667e+06,9.733233347246e-01,1.369873767694e+01,1.149736495383e+01,2.950723911030e+02,2.951312222836e+02,3.018011817292e+05,9.406716133944e+04,2.289234570993e+01,9.986391343728e+02,3.489432866497e+02,1.358330541755e+01,3.892697162329e-02,4.554524936577e-01,4.991305117944e-01,1.191467586874e+00,1.002990171509e+00
1.553106212425e-02,1.624459550486e-03,2.273942687548e-02,1.997696648385e+06,9.731670723593e-01,1.383350680589e+01,1.154006871857e+01,2.950709810771e+02,2.951310092294e+02,3.017997887349e+05,9.406622031466e+04,2.289183214015e+01,9.986391584965e+02,3.489026900988e+02,1.371238463394e+01,3.930145861032e-02,4.539589601708e-01,4.991452816352e-01,1.198736952374e+00,1.002956687072e+00
1.615230460922e-02,1.608847327461e-03,2.262989195050e-02,1.997640185957e+06,9.730129846924e-01,1.397022755966e+01,1.158480952895e+01,2.950695130406e+02,2.951307942313e+02,3.017983373528e+05,9.406526952626e+04,2.289130306984e+01,9.986391822681e+02,3.488624595482e+02,1.384336157232e+01,3.968143087178e-02,4.524949993417e-01,4.991597163813e-01,1.205909128221e+00,1.002923795680e+00
1.677354709419e-02,1.593310489464e-03,2.252035702552e-02,1.997581917803e+06,9.728610667286e-01,1.410893819475e+01,1.163159309986e+01,2.950679858515e+02,2.951305772130e+02,3.017968264575e+05,9.406430861338e+04,2.289075806779e+01,9.986392056846e+02,3.488225989284e+02,1.397627413425e+01,4.006699731376e-02,4.510601003692e-01,4.991738006954e-01,1.212984160778e+00,1.002891526689e+00
1.739478957916e-02,1.577849036495e-03,2.241082210054e-02,1.997521797238e+06,9.727113075219e-01,1.424967800172e+01,1.168042404926e+01,2.950663983224e+02,2.951303580988e+02,3.017952548780e+05,9.406333721616e+04,2.289019669373e+01,9.986392287421e+02,3.487831104955e+02,1.411116105895e+01,4.045826943542e-02,4.496537110463e-01,4.991875224389e-01,1.219962386779e+00,1.002859903062e+00
1.801603206413e-02,1.562462968554e-03,2.230128717556e-02,1.997459776378e+06,9.725636906342e-01,1.439248733091e+01,1.173130611482e+01,2.950647492178e+02,2.951301368135e+02,3.017936213936e+05,9.406235497582e+04,2.288961849755e+01,9.986392514361e+02,3.487439949216e+02,1.424806195282e+01,4.085536141209e-02,4.482752431625e-01,4.992008720363e-01,1.226844410166e+00,1.002828942612e+00
1.863727454910e-02,1.547152285640e-03,2.219175225058e-02,1.997395806047e+06,9.724181945762e-01,1.453740761934e+01,1.178424234864e+01,2.950630372494e+02,2.951299132826e+02,3.017919247301e+05,9.406136153482e+04,2.288902301851e+01,9.986392737614e+02,3.487052513848e+02,1.438701731981e+01,4.125839018102e-02,4.469240775007e-01,4.992138419926e-01,1.233631080323e+00,1.002798658938e+00
1.925851703407e-02,1.531916987754e-03,2.208221732560e-02,1.997329835679e+06,9.722747932289e-01,1.468448141889e+01,1.183923529231e+01,2.950612610728e+02,2.951296874320e+02,3.017901635561e+05,9.406035653690e+04,2.288840978443e+01,9.986392957122e+02,3.486668776563e+02,1.452806859291e+01,4.166747553014e-02,4.455995684456e-01,4.992264265259e-01,1.240323471603e+00,1.002769062154e+00
1.987975951904e-02,1.516757074895e-03,2.197268240062e-02,1.997261813219e+06,9.721334562465e-01,1.483375242577e+01,1.189628713502e+01,2.950594192836e+02,2.951294591885e+02,3.017883364794e+05,9.405933962711e+04,2.288777831090e+01,9.986393172816e+02,3.486288701868e+02,1.467125816670e+01,4.208274018972e-02,4.443010482222e-01,4.992386212848e-01,1.246922864034e+00,1.002740159438e+00
2.050100200401e-02,1.501672547064e-03,2.186314747564e-02,1.997191685032e+06,9.719941494391e-01,1.498526551120e+01,1.195539985624e+01,2.950575104140e+02,2.951292284792e+02,3.017864420430e+05,9.405831045190e+04,2.288712810039e+01,9.986393384620e+02,3.485912241898e+02,1.481662943092e+01,4.250430992737e-02,4.430278307832e-01,4.992504231311e-01,1.253430725145e+00,1.002711955469e+00
2.112224448898e-02,1.486663404261e-03,2.175361255065e-02,1.997119395793e+06,9.718568351358e-01,1.513906675359e+01,1.201657535506e+01,2.950555329293e+02,2.951289952323e+02,3.017844787215e+05,9.405726865905e+04,2.288645864145e+01,9.986393592448e+02,3.485539337230e+02,1.496422680529e+01,4.293231364642e-02,4.417792153648e-01,4.992618299684e-01,1.259848692848e+00,1.002684452763e+00
2.174348697395e-02,1.471729646486e-03,2.164407762567e-02,1.997044888395e+06,9.717214725289e-01,1.529520347197e+01,1.207981556742e+01,2.950534852238e+02,2.951287593766e+02,3.017824449179e+05,9.405621389774e+04,2.288576940779e+01,9.986393796204e+02,3.485169917664e+02,1.511409577545e+01,4.336688348778e-02,4.405544897297e-01,4.992728406072e-01,1.266178559316e+00,1.002657651948e+00
2.236472945892e-02,1.456871273738e-03,2.153454270069e-02,1.996968103841e+06,9.715880179976e-01,1.545372426094e+01,1.214512257253e+01,2.950513656178e+02,2.951285208416e+02,3.017803389595e+05,9.405514581851e+04,2.288505985742e+01,9.986393995783e+02,3.484803902977e+02,1.526628293016e+01,4.380815493554e-02,4.393529331176e-01,4.992834546545e-01,1.272422255820e+00,1.002631551984e+00
2.298597194389e-02,1.442088286018e-03,2.142500777571e-02,1.996888981141e+06,9.714564254136e-01,1.561467902716e+01,1.221249868967e+01,2.950491723534e+02,2.951282795575e+02,3.017781590943e+05,9.405406407323e+04,2.288432943175e+01,9.986394191067e+02,3.484441203644e+02,1.542083599979e+01,4.425626692643e-02,4.381738189202e-01,4.992936724235e-01,1.278581838486e+00,1.002606150347e+00
2.360721442886e-02,1.427380683325e-03,2.131547285073e-02,1.996807457206e+06,9.713266464275e-01,1.577811902730e+01,1.228194656635e+01,2.950469035915e+02,2.951280354554e+02,3.017759034876e+05,9.405296831508e+04,2.288357755461e+01,9.986394381930e+02,3.484081721527e+02,1.557780389609e+01,4.471136196328e-02,4.370164170986e-01,4.993034948579e-01,1.284659474951e+00,1.002581443188e+00
2.422845691383e-02,1.412748465661e-03,2.120593792575e-02,1.996723466737e+06,9.711986307371e-01,1.594409690773e+01,1.235346925855e+01,2.950445574076e+02,2.951277884673e+02,3.017735702181e+05,9.405185819856e+04,2.288280363131e+01,9.986394568231e+02,3.483725350532e+02,1.573723675332e+01,4.517358623268e-02,4.358799963611e-01,4.993129234662e-01,1.290657431855e+00,1.002557425460e+00
2.484969939880e-02,1.398191633024e-03,2.109640300077e-02,1.996636942111e+06,9.710723263373e-01,1.611266674583e+01,1.242707030401e+01,2.950421317879e+02,2.951275385257e+02,3.017711572740e+05,9.405073337940e+04,2.288200704767e+01,9.986394749817e+02,3.483371977230e+02,1.589918597090e+01,4.564308972694e-02,4.347638261171e-01,4.993219602651e-01,1.296578063184e+00,1.002534091042e+00
2.547094188377e-02,1.383710185414e-03,2.098686807579e-02,1.996547813269e+06,9.709476797539e-01,1.628388409310e+01,1.250275378922e+01,2.950396246261e+02,2.951272855643e+02,3.017686625490e+05,9.404959351458e+04,2.288118716898e+01,9.986394926524e+02,3.483021481442e+02,1.606370425738e+01,4.612002637069e-02,4.336671782226e-01,4.993306077292e-01,1.302423799399e+00,1.002511432841e+00
2.609218436874e-02,1.369304122833e-03,2.087733315081e-02,1.996456007597e+06,9.708246362594e-01,1.645780602008e+01,1.258052441057e+01,2.950370337187e+02,2.951270295174e+02,3.017660838386e+05,9.404843826227e+04,2.288034333896e+01,9.986395098172e+02,3.482673736792e+02,1.623084567605e+01,4.660455415213e-02,4.325893285329e-01,4.993388687457e-01,1.308197137334e+00,1.002489442883e+00
2.671342685371e-02,1.354973445279e-03,2.076779822583e-02,1.996361449798e+06,9.707031400731e-01,1.663449116324e+01,1.266038753057e+01,2.950343567612e+02,2.951267703202e+02,3.017634188358e+05,9.404726728182e+04,2.287947487865e+01,9.986395264569e+02,3.482328611225e+02,1.640066569215e+01,4.709683525926e-02,4.315295582752e-01,4.993467465732e-01,1.313900630852e+00,1.002468112407e+00
2.733466933868e-02,1.340718152752e-03,2.065826330085e-02,1.996264061771e+06,9.705831345464e-01,1.681399977385e+01,1.274234922932e+01,2.950315913439e+02,2.951265079090e+02,3.017606651269e+05,9.404608023372e+04,2.287858108536e+01,9.986395425507e+02,3.481985967487e+02,1.657322122165e+01,4.759703622128e-02,4.304871552571e-01,4.993542448041e-01,1.319536882192e+00,1.002447431935e+00
2.795591182365e-02,1.326538245254e-03,2.054872837587e-02,1.996163762474e+06,9.704645623319e-01,1.699639376888e+01,1.282641635193e+01,2.950287349474e+02,2.951262422209e+02,3.017578201869e+05,9.404487677960e+04,2.287766123140e+01,9.986395580761e+02,3.481645663574e+02,1.674857068186e+01,4.810532805532e-02,4.294614149206e-01,4.993613673297e-01,1.325108534024e+00,1.002427391350e+00
2.857715430862e-02,1.312433722783e-03,2.043919345089e-02,1.996060467794e+06,9.703473655398e-01,1.718173678417e+01,1.291259655228e+01,2.950257849383e+02,2.951259731939e+02,3.017548813752e+05,9.404365658220e+04,2.287671456298e+01,9.986395730094e+02,3.481307553146e+02,1.692677404381e+01,4.862188641885e-02,4.284516412558e-01,4.993681183078e-01,1.330618262145e+00,1.002407979964e+00
2.919839679359e-02,1.298404585339e-03,2.032965852590e-02,1.995954090399e+06,9.702314858794e-01,1.737009422980e+01,1.300089833349e+01,2.950227385639e+02,2.951257007670e+02,3.017518459305e+05,9.404241930535e+04,2.287574029890e+01,9.986395873248e+02,3.480971485905e+02,1.710789288652e+01,4.914689176798e-02,4.274571475851e-01,4.993745021326e-01,1.336068768805e+00,1.002389186581e+00
2.981963927856e-02,1.284450832924e-03,2.022012360092e-02,1.995844539594e+06,9.701168647884e-01,1.756153334784e+01,1.309133108551e+01,2.950195929480e+02,2.951254248804e+02,3.017487109661e+05,9.404116461402e+04,2.287473762926e+01,9.986396009950e+02,3.480637307948e+02,1.729199045324e+01,4.968052952184e-02,4.264772572278e-01,4.993805234062e-01,1.341462776637e+00,1.002370999557e+00
3.044088176353e-02,1.270572465536e-03,2.011058867594e-02,1.995731721165e+06,9.700034435502e-01,1.775612327264e+01,1.318390512011e+01,2.950163450849e+02,2.951251454750e+02,3.017454734644e+05,9.403989217426e+04,2.287370571410e+01,9.986396139908e+02,3.480304862081e+02,1.747913170978e+01,5.022299023348e-02,4.255113040557e-01,4.993861869124e-01,1.346803023146e+00,1.002353406856e+00
3.106212424850e-02,1.256769483176e-03,2.000105375096e-02,1.995615537223e+06,9.698911633990e-01,1.795393509359e+01,1.327863170376e+01,2.950129918347e+02,2.951248624931e+02,3.017421302719e+05,9.403860165329e+04,2.287264368201e+01,9.986396262809e+02,3.479973988101e+02,1.766938340504e+01,5.077446976747e-02,4.245586329491e-01,4.993914975919e-01,1.352092255749e+00,1.002336396106e+00
3.168336673347e-02,1.243041885843e-03,1.989151882598e-02,1.995495886032e+06,9.697799656144e-01,1.815504192068e+01,1.337552308842e+01,2.950095299175e+02,2.951245758780e+02,3.017386780930e+05,9.403729271949e+04,2.287155062867e+01,9.986396378322e+02,3.479644523059e+02,1.786281413373e+01,5.133516948458e-02,4.236186001618e-01,4.993964605187e-01,1.357333227319e+00,1.002319954647e+00
3.230460921844e-02,1.229389673538e-03,1.978198390100e-02,1.995372661838e+06,9.696697916056e-01,1.835951895285e+01,1.347459254084e+01,2.950059559070e+02,2.951242855743e+02,3.017351134844e+05,9.403596504242e+04,2.287042561525e+01,9.986396486096e+02,3.479316301479e+02,1.805949440153e+01,5.190529643383e-02,4.226905736024e-01,4.994010808785e-01,1.362528692219e+00,1.002304069579e+00
3.292585170341e-02,1.215812846261e-03,1.967244897602e-02,1.995245754686e+06,9.695605829858e-01,1.856744354924e+01,1.357585437027e+01,2.950022662248e+02,2.951239915278e+02,3.017314328486e+05,9.403461829294e+04,2.286926766689e+01,9.986396585754e+02,3.478989155561e+02,1.825949669276e+01,5.248506355237e-02,4.217739330412e-01,4.994053639483e-01,1.367681402793e+00,1.002288727811e+00
3.354709418838e-02,1.202311404011e-03,1.956291405104e-02,1.995115050226e+06,9.694522816379e-01,1.877889530363e+01,1.367932395515e+01,2.949984571337e+02,2.951236936854e+02,3.017276324273e+05,9.403325214323e+04,2.286807577096e+01,9.986396676901e+02,3.478662915352e+02,1.846289554064e+01,5.307468987340e-02,4.208680702478e-01,4.994093150770e-01,1.372794106288e+00,1.002273916102e+00
3.416833667335e-02,1.188885346790e-03,1.945337912606e-02,1.994980429517e+06,9.693448297711e-01,1.899395612203e+01,1.378501776876e+01,2.949945247306e+02,2.951233919956e+02,3.017237082947e+05,9.403186626690e+04,2.286684887534e+01,9.986396759114e+02,3.478337408889e+02,1.866976760032e+01,5.367440074273e-02,4.199723890678e-01,4.994129396681e-01,1.377869542183e+00,1.002259621102e+00
3.478957915832e-02,1.175534674595e-03,1.934384420108e-02,1.994841768814e+06,9.692381699700e-01,1.921271030368e+01,1.389295340413e+01,2.949904649396e+02,2.951230864083e+02,3.017196563500e+05,9.403046033910e+04,2.286558588658e+01,9.986396831948e+02,3.478012462322e+02,1.888019172478e+01,5.428442804421e-02,4.190863054432e-01,4.994162431624e-01,1.382910439904e+00,1.002245829394e+00
3.541082164329e-02,1.162259387429e-03,1.923430927610e-02,1.994698939352e+06,9.691322452359e-01,1.943524462560e+01,1.400314959841e+01,2.949862735042e+02,2.951227768749e+02,3.017154723096e+05,9.402903403659e+04,2.286428566795e+01,9.986396894929e+02,3.477687900004e+02,1.909424904383e+01,5.490501043467e-02,4.182092473821e-01,4.994192310235e-01,1.387919516893e+00,1.002232527532e+00
3.603206412826e-02,1.149059485290e-03,1.912477435112e-02,1.994551807110e+06,9.690269990220e-01,1.966164843087e+01,1.411562625681e+01,2.949819459793e+02,2.951224633483e+02,3.017111516994e+05,9.402758703797e+04,2.286294703748e+01,9.986396947557e+02,3.477363544574e+02,1.931202304624e+01,5.553639358869e-02,4.173406548845e-01,4.994219087231e-01,1.392899477017e+00,1.002219702076e+00
3.665330661323e-02,1.135934968179e-03,1.901523942614e-02,1.994400232572e+06,9.689223752608e-01,1.989201372078e+01,1.423040447636e+01,2.949774777227e+02,2.951221457833e+02,3.017066898457e+05,9.402611902376e+04,2.286156876576e+01,9.986396989304e+02,3.477039216994e+02,1.953359966525e+01,5.617883045375e-02,4.164799798271e-01,4.994242817285e-01,1.397853009296e+00,1.002207339629e+00
3.727454909820e-02,1.122885836096e-03,1.890570450116e-02,1.994244070473e+06,9.688183183868e-01,2.012643525107e+01,1.434750656961e+01,2.949728638862e+02,2.951218241363e+02,3.017020818666e+05,9.402462967664e+04,2.286014957378e+01,9.986397019609e+02,3.476714736589e+02,1.975906736764e+01,5.683258151638e-02,4.156266858119e-01,4.994263554907e-01,1.402782786920e+00,1.002195426868e+00
3.789579158317e-02,1.109912089040e-03,1.879616957617e-02,1.994083169528e+06,9.687147733531e-01,2.036501063252e+01,1.446695608833e+01,2.949680994061e+02,2.951214983658e+02,3.016973226626e+05,9.402311868162e+04,2.285868813060e+01,9.986397037883e+02,3.476389921045e+02,1.998851724643e+01,5.749791507975e-02,4.147802479836e-01,4.994281354342e-01,1.407691466552e+00,1.002183950584e+00
3.851703406814e-02,1.097013727012e-03,1.868663465119e-02,1.993917372152e+06,9.686116856428e-01,2.060784043599e+01,1.458877784754e+01,2.949631789934e+02,2.951211684320e+02,3.016924069060e+05,9.402158572630e+04,2.285718305083e+01,9.986397043501e+02,3.476064586404e+02,2.022204311765e+01,5.817510755336e-02,4.139401528182e-01,4.994296269476e-01,1.412581687880e+00,1.002172897705e+00
3.913827655311e-02,1.084190750011e-03,1.857709972621e-02,1.993746514164e+06,9.685090012760e-01,2.085502830218e+01,1.471299794980e+01,2.949580971234e+02,2.951208342977e+02,3.016873290308e+05,9.402003050114e+04,2.285563289213e+01,9.986397035803e+02,3.475738547025e+02,2.045974162101e+01,5.886444375549e-02,4.131058978869e-01,4.994308353756e-01,1.417456073421e+00,1.002162255335e+00
3.975951903808e-02,1.071443158039e-03,1.846756480123e-02,1.993570424475e+06,9.684066668120e-01,2.110668105649e+01,1.483964381002e+01,2.949528480241e+02,2.951204959275e+02,3.016820832213e+05,9.401845269973e+04,2.285403615244e+01,9.986397014094e+02,3.475411615538e+02,2.070171232515e+01,5.956621722906e-02,4.122769915979e-01,4.994317660126e-01,1.422317228547e+00,1.002152010781e+00
4.038076152305e-02,1.058770951094e-03,1.835802987625e-02,1.993388924758e+06,9.683046293481e-01,2.136290882899e+01,1.496874418085e+01,2.949474256651e+02,2.951201532890e+02,3.016766634001e+05,9.401685201910e+04,2.285239126716e+01,9.986396977641e+02,3.475083602771e+02,2.094805783723e+01,6.028073057156e-02,4.114529529191e-01,4.994324240970e-01,1.427167741721e+00,1.002142151584e+00
4.100200400802e-02,1.046174129176e-03,1.824849495127e-02,1.993201829100e+06,9.682028365140e-01,2.162382517997e+01,1.510032917877e+01,2.949418237446e+02,2.951198063519e+02,3.016710632161e+05,9.401522816013e+04,2.285069660612e+01,9.986396925668e+02,3.474754317665e+02,2.119888391749e+01,6.100829577998e-02,4.106333110850e-01,4.994328148072e-01,1.432010184941e+00,1.002132665548e+00
4.162324649299e-02,1.033652692287e-03,1.813896002629e-02,1.993008943641e+06,9.681012364634e-01,2.188954723133e+01,1.523443031102e+01,2.949360356767e+02,2.951194550889e+02,3.016652760303e+05,9.401358082787e+04,2.284895047040e+01,9.986396857359e+02,3.474423567165e+02,2.145429959881e+01,6.174923461135e-02,4.098176052877e-01,4.994329432591e-01,1.436847114361e+00,1.002123540774e+00
4.224448897796e-02,1.021206640425e-03,1.802942510131e-02,1.992810066185e+06,9.679997778620e-01,2.216019580404e+01,1.537108050342e+01,2.949300545775e+02,2.951190994758e+02,3.016592949027e+05,9.401190973204e+04,2.284715108902e+01,9.986396771851e+02,3.474091156104e+02,2.171441731167e+01,6.250387895986e-02,4.090053843576e-01,4.994328145043e-01,1.441681071094e+00,1.002114765684e+00
4.286573146293e-02,1.008835973590e-03,1.791989017633e-02,1.992604985794e+06,9.678984098732e-01,2.243589556208e+01,1.551031412927e+01,2.949238732500e+02,2.951187394914e+02,3.016531125769e+05,9.401021458742e+04,2.284529661542e+01,9.986396668237e+02,3.473756887057e+02,2.197935301469e+01,6.327257125156e-02,4.081962064317e-01,4.994324335310e-01,1.446514582173e+00,1.002106329057e+00
4.348697394790e-02,9.965406917838e-04,1.781035525135e-02,1.992393482358e+06,9.677970821405e-01,2.271677516319e+01,1.565216703933e+01,2.949174841689e+02,2.951183751178e+02,3.016467214644e+05,9.400849511445e+04,2.284338512369e+01,9.986396545558e+02,3.473420560189e+02,2.224922633122e+01,6.405566485739e-02,4.073896386147e-01,4.994318052649e-01,1.451350161680e+00,1.002098220055e+00
4.410821643287e-02,9.843207950048e-04,1.770082032637e-02,1.992175326143e+06,9.676957447681e-01,2.300296741679e+01,1.579667659308e+01,2.949108794640e+02,2.951180063409e+02,3.016401136281e+05,9.400675103971e+04,2.284141460471e+01,9.986396402805e+02,3.473081973083e+02,2.252416069214e+01,6.485352452580e-02,4.065852566320e-01,4.994309345732e-01,1.456190312009e+00,1.002090428260e+00
4.472945891784e-02,9.721762832536e-04,1.759128540139e-02,1.991950277308e+06,9.675943482990e-01,2.329460944954e+01,1.594388169126e+01,2.949040509024e+02,2.951176331506e+02,3.016332807641e+05,9.400498209655e+04,2.283938296198e+01,9.986396238913e+02,3.472740920547e+02,2.280428348535e+01,6.566652683598e-02,4.057826444770e-01,4.994298262691e-01,1.461037525279e+00,1.002082943701e+00
4.535070140281e-02,9.601071565300e-04,1.748175047641e-02,1.991718085405e+06,9.674928436914e-01,2.359184287888e+01,1.609382280995e+01,2.948969898705e+02,2.951172555406e+02,3.016262141836e+05,9.400318802578e+04,2.283728800725e+01,9.986396052759e+02,3.472397194411e+02,2.308972621228e+01,6.649506067289e-02,4.049813940532e-01,4.994284851184e-01,1.465894284874e+00,1.002075756893e+00
4.597194388778e-02,9.481134148341e-04,1.737221555142e-02,1.991478488836e+06,9.673911822925e-01,2.389481399502e+01,1.624654203603e+01,2.948896873535e+02,2.951168735092e+02,3.016189047925e+05,9.400136857631e+04,2.283512745590e+01,9.986395843161e+02,3.472050583304e+02,2.338062465183e+01,6.733952772536e-02,4.041811048132e-01,4.994269158485e-01,1.470763067121e+00,1.002068858867e+00
4.659318637275e-02,9.361950581659e-04,1.726268062644e-02,1.991231214288e+06,9.672893158118e-01,2.420367395195e+01,1.640208310446e+01,2.948821339154e+02,2.951164870596e+02,3.016113430700e+05,9.399952350600e+04,2.283289892207e+01,9.986395608870e+02,3.471700872412e+02,2.367711903216e+01,6.820034300856e-02,4.033813833939e-01,4.994251231582e-01,1.475646343077e+00,1.002062241214e+00
4.721442885772e-02,9.243520865253e-04,1.715314570146e-02,1.990975976137e+06,9.671871962921e-01,2.451857896793e+01,1.656049143715e+01,2.948743196759e+02,2.951160961999e+02,3.016035190469e+05,9.399765258242e+04,2.283059991346e+01,9.986395348574e+02,3.471347843222e+02,2.397935421082e+01,6.907793541245e-02,4.025818432500e-01,4.994231117306e-01,1.480546580455e+00,1.002055896118e+00
4.783567134269e-02,9.125844999125e-04,1.704361077648e-02,1.990712475808e+06,9.670847760791e-01,2.483969053601e+01,1.672181418376e+01,2.948662342873e+02,2.951157009436e+02,3.015954222806e+05,9.399575558382e+04,2.282822782587e+01,9.986395060885e+02,3.470991273244e+02,2.428747986361e+01,6.997274827750e-02,4.017821042859e-01,4.994208862472e-01,1.485466245650e+00,1.002049816401e+00
4.845691382766e-02,9.008922983273e-04,1.693407585150e-02,1.990440401102e+06,9.669820077897e-01,2.516717564518e+01,1.688610026446e+01,2.948578669094e+02,2.951153013102e+02,3.015870418307e+05,9.399383230003e+04,2.282577993746e+01,9.986394744343e+02,3.470630935722e+02,2.460165068286e+01,7.088523999957e-02,4.009817924864e-01,4.994184514053e-01,1.490407805889e+00,1.002043995570e+00
4.907815631263e-02,8.892754817698e-04,1.682454092652e-02,1.990159425486e+06,9.668788442801e-01,2.550120701283e+01,1.705340041470e+01,2.948492061824e+02,2.951148973254e+02,3.015783662314e+05,9.399188253356e+04,2.282325340257e+01,9.986394397407e+02,3.470266599315e+02,2.492202658551e+01,7.181588466553e-02,4.001805395473e-01,4.994158119363e-01,1.495373731497e+00,1.002038427860e+00
4.969939879760e-02,8.777340502400e-04,1.671500600154e-02,1.989869207334e+06,9.667752386111e-01,2.584196332921e+01,1.722376723225e+01,2.948402401988e+02,2.951144890214e+02,3.015693834625e+05,9.398990610073e+04,2.282064524522e+01,9.986394018453e+02,3.469898027771e+02,2.524877293172e+01,7.276517272163e-02,3.993779825048e-01,4.994129726279e-01,1.500366498266e+00,1.002033108288e+00
5.032064128257e-02,8.662680037379e-04,1.660547107656e-02,1.989569389126e+06,9.666711440140e-01,2.618962951448e+01,1.739725522648e+01,2.948309564731e+02,2.951140764376e+02,3.015600809194e+05,9.398790283283e+04,2.281795235231e+01,9.986393605768e+02,3.469524979567e+02,2.558206075457e+01,7.373361167659e-02,3.985737633659e-01,4.994099383480e-01,1.505388589955e+00,1.002028032713e+00
5.094188376754e-02,8.548773422634e-04,1.649593615158e-02,1.989259596595e+06,9.665665138546e-01,2.654439698934e+01,1.757392087008e+01,2.948213419095e+02,2.951136596213e+02,3.015504453799e+05,9.398587257750e+04,2.281517146623e+01,9.986393157547e+02,3.469147207539e+02,2.592206700148e+01,7.472172684155e-02,3.977675287386e-01,4.994067140717e-01,1.510442500884e+00,1.002023197887e+00
5.156312625251e-02,8.435620658166e-04,1.638640122660e-02,1.988939437825e+06,9.664613015968e-01,2.690646395994e+01,1.775382265334e+01,2.948113827677e+02,2.951132386277e+02,3.015404629697e+05,9.398381520012e+04,2.281229917718e+01,9.986392671885e+02,3.468764458479e+02,2.626897478829e+01,7.573006210922e-02,3.969589294624e-01,4.994033049111e-01,1.515530738664e+00,1.002018601529e+00
5.218436873747e-02,8.323221743975e-04,1.627686630162e-02,1.988608502292e+06,9.663554607650e-01,2.727603571800e+01,1.793702114118e+01,2.948010646259e+02,2.951128135208e+02,3.015301191249e+05,9.398173058532e+04,2.280933191495e+01,9.986392146771e+02,3.468376472722e+02,2.662297366646e+01,7.675918077478e-02,3.961476202392e-01,4.993997161475e-01,1.520655827035e+00,1.002014242386e+00
5.280561122244e-02,8.211576680061e-04,1.616733137664e-02,1.988266359840e+06,9.662489449064e-01,2.765332495708e+01,1.812357903292e+01,2.947903723425e+02,2.951123843742e+02,3.015193985529e+05,9.397961863863e+04,2.280626594018e+01,9.986391580086e+02,3.467982983689e+02,2.698425990452e+01,7.780966640100e-02,3.953332592645e-01,4.993959532680e-01,1.525820308828e+00,1.002010120317e+00
5.342685370741e-02,8.100685466424e-04,1.605779645166e-02,1.987912559601e+06,9.661417075519e-01,2.803855210609e+01,1.831356122509e+01,2.947792900136e+02,2.951119512712e+02,3.015082851900e+05,9.397747928824e+04,2.280309733512e+01,9.986390969593e+02,3.467583717422e+02,2.735303678441e+01,7.888212373065e-02,3.945155078590e-01,4.993920220035e-01,1.531026749056e+00,1.002006236367e+00
5.404809619238e-02,7.990548103063e-04,1.594826152668e-02,1.987546628841e+06,9.660337021765e-01,2.843194568109e+01,1.850703487741e+01,2.947678009291e+02,2.951115143061e+02,3.014967621560e+05,9.397531248690e+04,2.279982199376e+01,9.986390312930e+02,3.467178392080e+02,2.772951491388e+01,7.997717964909e-02,3.936940300997e-01,4.993879283712e-01,1.536277738137e+00,1.002002592857e+00
5.466933867735e-02,7.881164589980e-04,1.583872660169e-02,1.987168071731e+06,9.659248821596e-01,2.883374265650e+01,1.870406948201e+01,2.947558875252e+02,2.951110735848e+02,3.014848117067e+05,9.397311821398e+04,2.279643561140e+01,9.986389607606e+02,3.466766717402e+02,2.811391255574e+01,8.109548420038e-02,3.928684924516e-01,4.993836787198e-01,1.541575895248e+00,1.001999193478e+00
5.529058116232e-02,7.772534927173e-04,1.572919167671e-02,1.986776368041e+06,9.658152007436e-01,2.924418885712e+01,1.890473693618e+01,2.947435313336e+02,2.951106292253e+02,3.014724151819e+05,9.397089647765e+04,2.279293367346e+01,9.986388850990e+02,3.466348394151e+02,2.850645597522e+01,8.223771166027e-02,3.920385633983e-01,4.993792797781e-01,1.546923871824e+00,1.001996043388e+00
5.591182364729e-02,7.664659114643e-04,1.561965675173e-02,1.986370971752e+06,9.657046109928e-01,2.966353937216e+01,1.910911161877e+01,2.947307129273e+02,2.951101813590e+02,3.014595529506e+05,9.396864731729e+04,2.278931144368e+01,9.986388040303e+02,3.465923113511e+02,2.890737980647e+01,8.340456167011e-02,3.912039130717e-01,4.993747387061e-01,1.552324355205e+00,1.001993149317e+00
5.653306613226e-02,7.557537152390e-04,1.551012182675e-02,1.985951309570e+06,9.655930657513e-01,3.009205899282e+01,1.931727047046e+01,2.947174118628e+02,2.951097301315e+02,3.014462043527e+05,9.396637080601e+04,2.278556395141e+01,9.986387172610e+02,3.465490556455e+02,2.931692743950e+01,8.459676043524e-02,3.903642128812e-01,4.993700631494e-01,1.557780072440e+00,1.001990519681e+00
5.715430861723e-02,7.451169040413e-04,1.540058690177e-02,1.985516779346e+06,9.654805176002e-01,3.053002267489e+01,1.952929307803e+01,2.947036066186e+02,2.951092757035e+02,3.014323476356e+05,9.396406705347e+04,2.278168597823e+01,9.986386244812e+02,3.465050393069e+02,2.973535142884e+01,8.581506199251e-02,3.895191351399e-01,4.993652612967e-01,1.563293794246e+00,1.001988164694e+00
5.777555110220e-02,7.345554778714e-04,1.529105197679e-02,1.985066748394e+06,9.653669188141e-01,3.097771602796e+01,1.974526176299e+01,2.946892745286e+02,2.951088182518e+02,3.014179598880e+05,9.396173620879e+04,2.277767204351e+01,9.986385253633e+02,3.464602281839e+02,3.016291392529e+01,8.706024955130e-02,3.886683526894e-01,4.993603419384e-01,1.568868339138e+00,1.001986096493e+00
5.839679358717e-02,7.240694367291e-04,1.518151705181e-02,1.984600551685e+06,9.652522213174e-01,3.143543583317e+01,1.996526167466e+01,2.946743917120e+02,2.951083579711e+02,3.014030169673e+05,9.395937846385e+04,2.277351638915e+01,9.986384195609e+02,3.464145868891e+02,3.059988713228e+01,8.833313691284e-02,3.878115385214e-01,4.993553145281e-01,1.574506577746e+00,1.001984329259e+00
5.901803607214e-02,7.136587806145e-04,1.507198212683e-02,1.984117489935e+06,9.651363766396e-01,3.190349059108e+01,2.018938088792e+01,2.946589329975e+02,2.951078950744e+02,3.013874934239e+05,9.395699405671e+04,2.276921296315e+01,9.986383067079e+02,3.463680787184e+02,3.104655378838e+01,8.963456997324e-02,3.869483653957e-01,4.993501892451e-01,1.580211437299e+00,1.001982879342e+00
5.963927855711e-02,7.033235095276e-04,1.496244720185e-02,1.983616827546e+06,9.650193358695e-01,3.238220110186e+01,2.041771050603e+01,2.946428718427e+02,2.951074297950e+02,3.013713624187e+05,9.395458327540e+04,2.276475540212e+01,9.986381864173e+02,3.463206655652e+02,3.150320767762e+01,9.096542831544e-02,3.860785054536e-01,4.993449770570e-01,1.585985906319e+00,1.001981765384e+00
6.026052104208e-02,6.930636234683e-04,1.485291227687e-02,1.983097790418e+06,9.649010496099e-01,3.287190107978e+01,2.065034476862e+01,2.946261802481e+02,2.951069623876e+02,3.013545956360e+05,9.395214646202e+04,2.276013701258e+01,9.986380582795e+02,3.462723078290e+02,3.197015416941e+01,9.232662689620e-02,3.852016298264e-01,4.993396897826e-01,1.591833039501e+00,1.001981008442e+00
6.088176352705e-02,6.828791224368e-04,1.474337735189e-02,1.982559563603e+06,9.647814679302e-01,3.337293780419e+01,2.088738116510e+01,2.946088286648e+02,2.951064931301e+02,3.013371631901e+05,9.394968401712e+04,2.275535075090e+01,9.986379218610e+02,3.462229643186e+02,3.244771078990e+01,9.371911783426e-02,3.843174082371e-01,4.993343401518e-01,1.597755962818e+00,1.001980632097e+00
6.150300601202e-02,6.727700064329e-04,1.463384242691e-02,1.982001288795e+06,9.646605403188e-01,3.388567280948e+01,2.112892055400e+01,2.945907858967e+02,2.951060223253e+02,3.013190335255e+05,9.394719640456e+04,2.275038920177e+01,9.986377767033e+02,3.461725921488e+02,3.293620782676e+01,9.514389230620e-02,3.834255085939e-01,4.993289418614e-01,1.603757878822e+00,1.001980662561e+00
6.212424849699e-02,6.627362754567e-04,1.452430750193e-02,1.981422061647e+06,9.645382156343e-01,3.441048261637e+01,2.137506728822e+01,2.945720189947e+02,2.951055503026e+02,3.013001733103e+05,9.394468415675e+04,2.274524455524e+01,9.986376223205e+02,3.461211466298e+02,3.343598896942e+01,9.660198255723e-02,3.825255965723e-01,4.993235096232e-01,1.609842072185e+00,1.001981128769e+00
6.274549098196e-02,6.527779295082e-04,1.441477257694e-02,1.980820928893e+06,9.644144420550e-01,3.494775950726e+01,2.162592934678e+01,2.945524931458e+02,2.951050774200e+02,3.012805473232e+05,9.394214788032e+04,2.273990858188e+01,9.986374581983e+02,3.460685811506e+02,3.394741198705e+01,9.809446403419e-02,3.816173351848e-01,4.993180592006e-01,1.616011915458e+00,1.001982062455e+00
6.336673346693e-02,6.428949685873e-04,1.430523765196e-02,1.980196885266e+06,9.642891670273e-01,3.549791234841e+01,2.188161847323e+01,2.945321715528e+02,2.951046040667e+02,3.012601183323e+05,9.393958826244e+04,2.273437260626e+01,9.986372837914e+02,3.460148470532e+02,3.447084944645e+01,9.962245764890e-02,3.807003843329e-01,4.993126074297e-01,1.622270875065e+00,1.001983498216e+00
6.398797595190e-02,6.330873926942e-04,1.419570272698e-02,1.979548870191e+06,9.641623372112e-01,3.606136746200e+01,2.214225032109e+01,2.945110153078e+02,2.951041306649e+02,3.012388469659e+05,9.393700607756e+04,2.272862747827e+01,9.986370985223e+02,3.459598934992e+02,3.500668947249e+01,1.011871321800e-01,3.797744003412e-01,4.993071722211e-01,1.628622517543e+00,1.001985473540e+00
6.460921843687e-02,6.233552018287e-04,1.408616780200e-02,1.978875764239e+06,9.640338984251e-01,3.663856955114e+01,2.240794460657e+01,2.944889832563e+02,2.951036576728e+02,3.012166915760e+05,9.393440219489e+04,2.272266354235e+01,9.986369017780e+02,3.459036673273e+02,3.555533655347e+01,1.027897068227e-01,3.788390354718e-01,4.993017725432e-01,1.635070516034e+00,1.001988028808e+00
6.523046092184e-02,6.136983959909e-04,1.397663287702e-02,1.978176385319e+06,9.639037955890e-01,3.722998268129e+01,2.267882526884e+01,2.944660318530e+02,2.951031855870e+02,3.011936080916e+05,9.393177758646e+04,2.271647060419e+01,9.986366929089e+02,3.458461129016e+02,3.611721239441e+01,1.044314538954e-01,3.778939374224e-01,4.992964283876e-01,1.641618657050e+00,1.001991207229e+00
6.585170340681e-02,6.041169751808e-04,1.386709795204e-02,1.977449484582e+06,9.637719726677e-01,3.783609132176e+01,2.295502063797e+01,2.944421150087e+02,2.951027149459e+02,3.011695498646e+05,9.392913333587e+04,2.271003789491e+01,9.986364712252e+02,3.457871719501e+02,3.669275682109e+01,1.061137017147e-01,3.769387488142e-01,4.992911607251e-01,1.648270847519e+00,1.001995054684e+00
6.647294589178e-02,5.946109393984e-04,1.375756302706e-02,1.976693742023e+06,9.636383726155e-01,3.845740145103e+01,2.323666361113e+01,2.944171839267e+02,2.951022463328e+02,3.011444675039e+05,9.392647064771e+04,2.270335403222e+01,9.986362359946e+02,3.457267833934e+02,3.728242873819e+01,1.078378376481e-01,3.759731066776e-01,4.992859914586e-01,1.655031122137e+00,1.001999619457e+00
6.709418837675e-02,5.851802886436e-04,1.364802810208e-02,1.975907761743e+06,9.635029373239e-01,3.909444173040e+01,2.352389183741e+01,2.943911869299e+02,2.951017803793e+02,3.011183087011e+05,9.392379085789e+04,2.269640697851e+01,9.986359864396e+02,3.456648831640e+02,3.788670714503e+01,1.096053113589e-01,3.749966419411e-01,4.992809433768e-01,1.661903651003e+00,1.002004951814e+00
6.771543086172e-02,5.758250229166e-04,1.353849317710e-02,1.975090066846e+06,9.633656075719e-01,3.974776475041e+01,2.381684791241e+01,2.943640692757e+02,2.951013177693e+02,3.010910180445e+05,9.392109544475e+04,2.268918399534e+01,9.986357217339e+02,3.456014040132e+02,3.850609221282e+01,1.114176382552e-01,3.740089789195e-01,4.992760400973e-01,1.668892747546e+00,1.002011103448e+00
6.833667334669e-02,5.665451422172e-04,1.342895825212e-02,1.974239093944e+06,9.632263229754e-01,4.041794835551e+01,2.411567958356e+01,2.943357729605e+02,2.951008592430e+02,3.010625368209e+05,9.391838604158e+04,2.268167159426e+01,9.986354409990e+02,3.455362753061e+02,3.914110642759e+01,1.132764031589e-01,3.730097347749e-01,4.992713059668e-01,1.676002876695e+00,1.002018126833e+00
6.895791583166e-02,5.573406465455e-04,1.331942332714e-02,1.973353187222e+06,9.630850219281e-01,4.110559705277e+01,2.442053996717e+01,2.943062365104e+02,2.951004056019e+02,3.010328028058e+05,9.391566445077e+04,2.267385548335e+01,9.986351433008e+02,3.454694227996e+02,3.979229580337e+01,1.151832642116e-01,3.719985188971e-01,4.992667658614e-01,1.683238663356e+00,1.002026074584e+00
6.957915831663e-02,5.482115359014e-04,1.320988840216e-02,1.972430592032e+06,9.629416415217e-01,4.181134351156e+01,2.473158777647e+01,2.942753947582e+02,2.950999577139e+02,3.010017500396e+05,9.391293266028e+04,2.266572050915e+01,9.986348276449e+02,3.454007683985e+02,4.046023117065e+01,1.171399570367e-01,3.709749321212e-01,4.992624448146e-01,1.690604901289e+00,1.002034998959e+00
7.020040080160e-02,5.391578102851e-04,1.310035347718e-02,1.971469447959e+06,9.627961174307e-01,4.253585016228e+01,2.504898755784e+01,2.942431786064e+02,2.950995165199e+02,3.009693085884e+05,9.391019286311e+04,2.265725059361e+01,9.986344929728e+02,3.453302298833e+02,4.114550954549e+01,1.191482991784e-01,3.699385656869e-01,4.992583674136e-01,1.698106562752e+00,1.002044951614e+00
7.082164328657e-02,5.301794696964e-04,1.299081855219e-02,1.970467781319e+06,9.626483837498e-01,4.327981090318e+01,2.537290992994e+01,2.942095147730e+02,2.950990830403e+02,3.009354042901e+05,9.390744748002e+04,2.264842866526e+01,9.986341381561e+02,3.452577206055e+02,4.184875558563e+01,1.212101948430e-01,3.688889998692e-01,4.992545569514e-01,1.705748809367e+00,1.002055983638e+00
7.144288577154e-02,5.212765141354e-04,1.288128362721e-02,1.969423497005e+06,9.624983727853e-01,4.404395292576e+01,2.570353182116e+01,2.941743255206e+02,2.950986583835e+02,3.008999584824e+05,9.390469918500e+04,2.263923658419e+01,9.986337619916e+02,3.451831491466e+02,4.257062314129e+01,1.233276399689e-01,3.678258022875e-01,4.992510343931e-01,1.713537004651e+00,1.002068145769e+00
7.206412825651e-02,5.124489436021e-04,1.277174870223e-02,1.968334369648e+06,9.623460148215e-01,4.482903866990e+01,2.604103670874e+01,2.941375283667e+02,2.950982437542e+02,3.008628877131e+05,9.390195093178e+04,2.262965506001e+01,9.986333631949e+02,3.451064189472e+02,4.331179691078e+01,1.255027276598e-01,3.667485260377e-01,4.992478172828e-01,1.721476728108e+00,1.002081488577e+00
7.268537074148e-02,5.036967580965e-04,1.266221377725e-02,1.967198034020e+06,9.621912379144e-01,4.563586792015e+01,2.638561488134e+01,2.940990357739e+02,2.950978404606e+02,3.008241034307e+05,9.389920597741e+04,2.261966356249e+01,9.986329403949e+02,3.450274279202e+02,4.407299421429e+01,1.277376540177e-01,3.656567079865e-01,4.992449187530e-01,1.729573789559e+00,1.002096062349e+00
7.330661322645e-02,4.950199576186e-04,1.255267885227e-02,1.966011974653e+06,9.620339678040e-01,4.646528005472e+01,2.673746377146e+01,2.940587548168e+02,2.950974499212e+02,3.007835116514e+05,9.389646789790e+04,2.260924022440e+01,9.986324921272e+02,3.449460680736e+02,4.485496690372e+01,1.300347244258e-01,3.645498677914e-01,4.992423468249e-01,1.737834240820e+00,1.002111916364e+00
7.392785571142e-02,4.864185421683e-04,1.244314392729e-02,1.964773514647e+06,9.618741280752e-01,4.731815645856e+01,2.709678841821e+01,2.940165868195e+02,2.950970736675e+02,3.007410125972e+05,9.389374059021e+04,2.259836173689e+01,9.986320168286e+02,3.448622251828e+02,4.565850343111e+01,1.323963603346e-01,3.634275084523e-01,4.992401043741e-01,1.746264381160e+00,1.002129096953e+00
7.454909819639e-02,4.778925117457e-04,1.233360900231e-02,1.963479803626e+06,9.617116407396e-01,4.819542311485e+01,2.746380208690e+01,2.939724269533e+02,2.950967133434e+02,3.006965002930e+05,9.389102825890e+04,2.258700323764e+01,9.986315128319e+02,3.447757785608e+02,4.648443110182e+01,1.348251066124e-01,3.622891194108e-01,4.992381907438e-01,1.754870755417e+00,1.002147642562e+00
7.517034068136e-02,4.694418663508e-04,1.222407407733e-02,1.962127804664e+06,9.615464274212e-01,4.909805339671e+01,2.783872695097e+01,2.939261637792e+02,2.950963707032e+02,3.006498621076e+05,9.388833539485e+04,2.257513819086e+01,9.986309783602e+02,3.446866009775e+02,4.733361853872e+01,1.373236395163e-01,3.611341832361e-01,4.992366071719e-01,1.763660151672e+00,1.002167571767e+00
7.579158316633e-02,4.610666059836e-04,1.211453915235e-02,1.960714279823e+06,9.613784112412e-01,5.002707109610e+01,2.822179452687e+01,2.938776787193e+02,2.950960476136e+02,3.006009782203e+05,9.388566677047e+04,2.256273825625e+01,9.986304115203e+02,3.445945587503e+02,4.820697837663e+01,1.398947753309e-01,3.599621863049e-01,4.992353693989e-01,1.772639618947e+00,1.002188857846e+00
7.641282565130e-02,4.527667306441e-04,1.200500422737e-02,1.959235773580e+06,9.612075191363e-01,5.098355374885e+01,2.861324534020e+01,2.938268454455e+02,2.950957460714e+02,3.005497210069e+05,9.388302749742e+04,2.254977313929e+01,9.986298102910e+02,3.444995119098e+02,4.910547018725e+01,1.425414797108e-01,3.587726315764e-01,4.992345299648e-01,1.781816537854e+00,1.002211384995e+00
7.703406813627e-02,4.445422403322e-04,1.189546930239e-02,1.957688593335e+06,9.610336834448e-01,5.196863633668e+01,2.901332735555e+01,2.937735292067e+02,2.950954682520e+02,3.004959543622e+05,9.388042321161e+04,2.253621041176e+01,9.986291725033e+02,3.444013140691e+02,5.003010359796e+01,1.452668777794e-01,3.575650460862e-01,4.992342058283e-01,1.791198772200e+00,1.002234894243e+00
7.765531062124e-02,4.363931350481e-04,1.178593437741e-02,1.956068786586e+06,9.608568399627e-01,5.298351545933e+01,2.942229341511e+01,2.937175861526e+02,2.950952166043e+02,3.004395330316e+05,9.387786044773e+04,2.252201529284e+01,9.986284958083e+02,3.442998111056e+02,5.098194151540e+01,1.480742651345e-01,3.563389661588e-01,4.992345898695e-01,1.800794884063e+00,1.002258959762e+00
7.827655310621e-02,4.283194147916e-04,1.167639945243e-02,1.954372116054e+06,9.606769175999e-01,5.402945405942e+01,2.984039957183e+01,2.936588627763e+02,2.950949939942e+02,3.003803020716e+05,9.387534721498e+04,2.250715039547e+01,9.986277776334e+02,3.441948371091e+02,5.196210331621e+01,1.509671201132e-01,3.550938717590e-01,4.992358983705e-01,1.810614295877e+00,1.002283087499e+00
7.889779559118e-02,4.203210795628e-04,1.156686452745e-02,1.952594036547e+06,9.604938138351e-01,5.510778671555e+01,3.026790834418e+01,2.935971955950e+02,2.950948038679e+02,3.003180965634e+05,9.387289365786e+04,2.249157547377e+01,9.986270151343e+02,3.440862057200e+02,5.297176785176e+01,1.539491178989e-01,3.538290375562e-01,4.992381856888e-01,1.820667159716e+00,1.002307068905e+00
7.951903807615e-02,4.123981293616e-04,1.145732960246e-02,1.950729678948e+06,9.603073539065e-01,5.621992533823e+01,3.070510174711e+01,2.935324110371e+02,2.950946503546e+02,3.002527415297e+05,9.387051246986e+04,2.247524724194e+01,9.986262051646e+02,3.439736960681e+02,5.401217619194e+01,1.570241469314e-01,3.525432928177e-01,4.992409799195e-01,1.830963655527e+00,1.002331679504e+00
8.014028056112e-02,4.045505641882e-04,1.134779467748e-02,1.948773848628e+06,9.601172451945e-01,5.736736514924e+01,3.115230513166e+01,2.934643252825e+02,2.950945381650e+02,3.001840517813e+05,9.386821846808e+04,2.245811933419e+01,9.986253442983e+02,3.438570369336e+02,5.508463467850e+01,1.601963280139e-01,3.512347634835e-01,4.992428176488e-01,1.841512687642e+00,1.002359577862e+00
8.076152304609e-02,3.967783840424e-04,1.123825975250e-02,1.946721029143e+06,9.599230649504e-01,5.855169055802e+01,3.160991109781e+01,2.933927429958e+02,2.950944721041e+02,3.001118305543e+05,9.386602655824e+04,2.244014243749e+01,9.986244289386e+02,3.437359009546e+02,5.619051973986e+01,1.634700349420e-01,3.499008240192e-01,4.992410191641e-01,1.852320633767e+00,1.002395754093e+00
8.138276553106e-02,3.890815889243e-04,1.112872482752e-02,1.944565365040e+06,9.597243534614e-01,5.977458020727e+01,3.207837437340e+01,2.933174535230e+02,2.950944560610e+02,3.000358654762e+05,9.386394750184e+04,2.242126438025e+01,9.986234555148e+02,3.436099322051e+02,5.733128721198e+01,1.668499127603e-01,3.485386719546e-01,4.992323849322e-01,1.863391813796e+00,1.002446215435e+00
8.200400801603e-02,3.814601788339e-04,1.101918990254e-02,1.942300569024e+06,9.595208998243e-01,6.103781030580e+01,3.255813627816e+01,2.932382232028e+02,2.950944915571e+02,2.999559205308e+05,9.386198177852e+04,2.240142965438e+01,9.986224208209e+02,3.434788360801e+02,5.850849015358e+01,1.703408886012e-01,3.471469999233e-01,4.992156369670e-01,1.874732932633e+00,1.002513310380e+00
8.262525050100e-02,3.739141537712e-04,1.090965497756e-02,1.939919703378e+06,9.593132512732e-01,6.234325534136e+01,3.304945881105e+01,2.931547848700e+02,2.950945763928e+02,2.998717252984e+05,9.386011372097e+04,2.238057769828e+01,9.986213222122e+02,3.433425440930e+02,5.972380820680e+01,1.739481728504e-01,3.457288830961e-01,4.991958448060e-01,1.886362366712e+00,1.002587198483e+00
8.324649298597e-02,3.664435137361e-04,1.080012005258e-02,1.937414870066e+06,9.591032861646e-01,6.369288692432e+01,3.355223527218e+01,2.930668315405e+02,2.950947045629e+02,2.997829688901e+05,9.385831086740e+04,2.235863977718e+01,9.986201574797e+02,3.432014064787e+02,6.097908589993e+01,1.776772610741e-01,3.442948943823e-01,4.991891987869e-01,1.898320228373e+00,1.002636593628e+00
8.386773547094e-02,3.590482587288e-04,1.069058512760e-02,1.934777033964e+06,9.588943499782e-01,6.508877609583e+01,3.406599471303e+01,2.929740294576e+02,2.950948692090e+02,2.996893143616e+05,9.385653613064e+04,2.233553584102e+01,9.986189240927e+02,3.430562545398e+02,6.227636322477e+01,1.815339682651e-01,3.428635828154e-01,4.992233698210e-01,1.910667122570e+00,1.002607983006e+00
8.448897795591e-02,3.517283887491e-04,1.058105020262e-02,1.931996403857e+06,9.586901034121e-01,6.653311118120e+01,3.459043392605e+01,2.928760684413e+02,2.950950704064e+02,2.995904518996e+05,9.385478068299e+04,2.231117485246e+01,9.986176175869e+02,3.429080523494e+02,6.361785764537e+01,1.855245369991e-01,3.414546544922e-01,4.993260190991e-01,1.923454077606e+00,1.002447741203e+00
8.511022044088e-02,3.444839037971e-04,1.047151527764e-02,1.929063744043e+06,9.584912654252e-01,6.802825232551e+01,3.512665902026e+01,2.927727496542e+02,2.950953283100e+02,2.994861900512e+05,9.385312009713e+04,2.228546292970e+01,9.986162291465e+02,3.427568472695e+02,6.500583476480e+01,1.896558311895e-01,3.400706491276e-01,4.994958347337e-01,1.936655925241e+00,1.002157997262e+00
8.573146292585e-02,3.373148038728e-04,1.036198035266e-02,1.925972346053e+06,9.582904303035e-01,6.957686397856e+01,3.567860901302e+01,2.926640572063e+02,2.950956988512e+02,2.993765281047e+05,9.385178176129e+04,2.225832050072e+01,9.986147429022e+02,3.426000229791e+02,6.644232904752e+01,1.939355650644e-01,3.386686366241e-01,4.996619780359e-01,1.950100239423e+00,1.001874888969e+00
8.635270541082e-02,3.302210889761e-04,1.025244542768e-02,1.922718862139e+06,9.580674610839e-01,7.118218231846e+01,3.625284894476e+01,2.925500687185e+02,2.950962833779e+02,2.992615582311e+05,9.385118593103e+04,2.222969920286e+01,9.986131341003e+02,3.424305892742e+02,6.792879403918e+01,1.983724473423e-01,3.371362817862e-01,4.996605997359e-01,1.963492094840e+00,1.001914531411e+00
8.697394789579e-02,3.232027591072e-04,1.014291050270e-02,1.919298685678e+06,9.577910921712e-01,7.284833914709e+01,3.685392193348e+01,2.924304617428e+02,2.950972164278e+02,2.991409463555e+05,9.385189034113e+04,2.219956773721e+01,9.986113698090e+02,3.422372646336e+02,6.946591212295e+01,2.029758863264e-01,3.353034977973e-01,4.992808074779e-01,1.976678066410e+00,1.002686468767e+00
8.759519038076e-02,3.162598142659e-04,1.003337557771e-02,1.915689735182e+06,9.574342105274e-01,7.458018240810e+01,3.747403172210e+01,2.923034038515e+02,2.950986119478e+02,2.990127781610e+05,9.385435040400e+04,2.216781183255e+01,9.986094138828e+02,3.420088394499e+02,7.105382685248e+01,2.077543579481e-01,3.330291621589e-01,4.984275930540e-01,1.990183040917e+00,1.004377889611e+00
8.821643286573e-02,3.093922544523e-04,9.923840652734e-03,1.911826511621e+06,9.570064655661e-01,7.638165949082e+01,3.808295631190e+01,2.921642369336e+02,2.951004559736e+02,2.988722067489e+05,9.385844665879e+04,2.213403646483e+01,9.986072397785e+02,3.417446528815e+02,7.269319910579e+01,2.127120307307e-01,3.303760782032e-01,4.973728140866e-01,2.005665181696e+00,1.006449471923e+00
8.883767535070e-02,3.026000796664e-04,9.814305727753e-03,1.907602128821e+06,9.565919849250e-01,7.825318079848e+01,3.863595596808e+01,2.920063835722e+02,2.951024560842e+02,2.987124214061e+05,9.386285777197e+04,2.209751459693e+01,9.986048659629e+02,3.414691274745e+02,7.438837935696e+01,2.178480377044e-01,3.277980318534e-01,4.969012776978e-01,2.025397815008e+00,1.007328429984e+00
8.945891783567e-02,2.958832899081e-04,9.704770802773e-03,1.902992487030e+06,9.563532221511e-01,8.019232688933e+01,3.912224728772e+01,2.918298368207e+02,2.951038871214e+02,2.985334741984e+05,9.386453198032e+04,2.205795411887e+01,9.986024475848e+02,3.412403107899e+02,7.615495665288e+01,2.231710447005e-01,3.261422017596e-01,4.980127422738e-01,2.049788354425e+00,1.005070101354e+00
9.008016032064e-02,2.892418851776e-04,9.595235877792e-03,1.898325895868e+06,9.564591751803e-01,8.220626898203e+01,3.965342775594e+01,2.916586983804e+02,2.951035139805e+02,2.983604780331e+05,9.385861628869e+04,2.201725045310e+01,9.986004164893e+02,3.411368454914e+02,7.803325425238e+01,2.287447260057e-01,3.262952415618e-01,5.010162033140e-01,2.073118860947e+00,9.994104126399e-01
9.070140280561e-02,2.826758654747e-04,9.485700952811e-03,1.894216613278e+06,9.569655787186e-01,8.431383738928e+01,4.053439049692e+01,2.915419955233e+02,2.950997518677e+02,2.982446235717e+05,9.383906385343e+04,2.197867380949e+01,9.985994143588e+02,3.412141162907e+02,8.008147469915e+01,2.346956672535e-01,3.286021865394e-01,5.044701974180e-01,2.080056869134e+00,9.936876044003e-01
9.132264529058e-02,2.761852307995e-04,9.376166027830e-03,1.890138979809e+06,9.576924704261e-01,8.639372851681e+01,4.218220607223e+01,2.914817406714e+02,2.950913870840e+02,2.981892520262e+05,9.380031380748e+04,2.193597172436e+01,9.985994804084e+02,3.414107368765e+02,8.220856424558e+01,2.407907993688e-01,3.321084353500e-01,5.045629502229e-01,2.048108350921e+00,9.934597153825e-01
9.194388777555e-02,2.697699811520e-04,9.266631102850e-03,1.882638866834e+06,9.582244764509e-01,8.824883774117e+01,4.455185560826e+01,2.913195172803e+02,2.950799158612e+02,2.980323114294e+05,9.374539197998e+04,2.186142676182e+01,9.985987042680e+02,3.414693709073e+02,8.417358172419e+01,2.465040466163e-01,3.342872116054e-01,4.986622356727e-01,1.980811720103e+00,1.000096479541e+00
9.256513026052e-02,2.634301165322e-04,9.157096177869e-03,1.871216370310e+06,9.583307558395e-01,9.112005506479e+01,4.592338556351e+01,2.909096045023e+02,2.950756344422e+02,2.976187439662e+05,9.371684345220e+04,2.176050257321e+01,9.985945035696e+02,3.411897065897e+02,8.691152252944e+01,2.547307871569e-01,3.338501050880e-01,4.985952134852e-01,1.984175468483e+00,1.003958220818e+00
9.318637274549e-02,2.571656369400e-04,9.047561252888e-03,1.863542115286e+06,9.581876221407e-01,9.376671358625e+01,4.688799381546e+01,2.906296682898e+02,2.950750036814e+02,2.973360953071e+05,9.370704392329e+04,2.169287852179e+01,9.985911676882e+02,3.409148235590e+02,8.937740780525e+01,2.621693209823e-01,3.323644716253e-01,4.988845129458e-01,1.999802208542e+00,1.004683685102e+00
9.380761523046e-02,2.509765423756e-04,8.938026327907e-03,1.857531582356e+06,9.579178687203e-01,9.629782340319e+01,4.770681887602e+01,2.904147428030e+02,2.950759902319e+02,2.971193977348e+05,9.370555395160e+04,2.163947836413e+01,9.985882161504e+02,3.406398986689e+02,9.170650384936e+01,2.692183276467e-01,3.303318972669e-01,4.989217649157e-01,2.018533737356e+00,1.004135254157e+00
9.442885771543e-02,2.448628328388e-04,8.828491402927e-03,1.851042148326e+06,9.575860369333e-01,9.895583147523e+01,4.848830014195e+01,2.901775638779e+02,2.950777604074e+02,2.968799747169e+05,9.370689044374e+04,2.158212777530e+01,9.985848681008e+02,3.403229119540e+02,9.413434963396e+01,2.766030329650e-01,3.279358817406e-01,4.989538580117e-01,2.040818737418e+00,1.003635330184e+00
9.505010020040e-02,2.388245083297e-04,8.718956477946e-03,1.843638618497e+06,9.572224778566e-01,1.017993581820e+02,4.927312700846e+01,2.899010454183e+02,2.950800371416e+02,2.966005190653e+05,9.370948919383e+04,2.151703689254e+01,9.985809896177e+02,3.399612924501e+02,9.672040021591e+01,2.845041549255e-01,3.253116645585e-01,4.990394486288e-01,2.066021873638e+00,1.003423822456e+00
9.567134268537e-02,2.328615688482e-04,8.609421552965e-03,1.835534194669e+06,9.568383058604e-01,1.048035103799e+02,5.007568558569e+01,2.895958203618e+02,2.950827472652e+02,2.962919594645e+05,9.371324284251e+04,2.144582623402e+01,9.985766941070e+02,3.395661849167e+02,9.944410709019e+01,2.928563311291e-01,3.225407565932e-01,4.991079525353e-01,2.092902157088e+00,1.003368575142e+00
9.629258517034e-02,2.269740143945e-04,8.499886627984e-03,1.826847972839e+06,9.564336711368e-01,1.079570860836e+02,5.090219955725e+01,2.892677685601e+02,2.950858906811e+02,2.959603414527e+05,9.371826092139e+04,2.136939403817e+01,9.985720355223e+02,3.391412649593e+02,1.022949855238e+02,3.016294273009e-01,3.196371705929e-01,4.990969867910e-01,2.120872713215e+00,1.003435378567e+00
9.691382765531e-02,2.211618449684e-04,8.390351703004e-03,1.817533686274e+06,9.560043757533e-01,1.112699837675e+02,5.175625353814e+01,2.889152474933e+02,2.950895055524e+02,2.956040275609e+05,9.372466172967e+04,2.128728467747e+01,9.985669840110e+02,3.386828684044e+02,1.052803962158e+02,3.108524405495e-01,3.165788395281e-01,4.989688199615e-01,2.149884818952e+00,1.003679304473e+00
9.753507014028e-02,2.154250605700e-04,8.280816778023e-03,1.807519638104e+06,9.555512609829e-01,1.147586279181e+02,5.264003973680e+01,2.885357340504e+02,2.950936519759e+02,2.952204986254e+05,9.373263366886e+04,2.119880386923e+01,9.985614931968e+02,3.381882682823e+02,1.084140385733e+02,3.205730320686e-01,3.133682383004e-01,4.987337109381e-01,2.180063474343e+00,1.004102834446e+00
9.815631262525e-02,2.097636611993e-04,8.171281853042e-03,1.796828942850e+06,9.550933365216e-01,1.184411069527e+02,5.355517322448e+01,2.881314993499e+02,2.950983928542e+02,2.948121566861e+05,9.374246087369e+04,2.110399593740e+01,9.985555590708e+02,3.376649149914e+02,1.117144504078e+02,3.308441163057e-01,3.101058453570e-01,4.985197394874e-01,2.211571727278e+00,1.004525261001e+00
9.877755511022e-02,2.041776468563e-04,8.061746928061e-03,1.785565897561e+06,9.546784586698e-01,1.223179416449e+02,5.450322267858e+01,2.877081569972e+02,2.951037680199e+02,2.943847959438e+05,9.375440504750e+04,2.100360722387e+01,9.985492197388e+02,3.371345253767e+02,1.151909087052e+02,3.416763933520e-01,3.070351364365e-01,4.985867033169e-01,2.244233196379e+00,1.004404564556e+00
9.939879759519e-02,1.986670175410e-04,7.952212003081e-03,1.773604671308e+06,9.543760169719e-01,1.262822373606e+02,5.548276365749e+01,2.872582493118e+02,2.951097731168e+02,2.939307408610e+05,9.376832525423e+04,2.089667067761e+01,9.985424191109e+02,3.366212744184e+02,1.187626707160e+02,3.528079766234e-01,3.044740274646e-01,4.990911026707e-01,2.276062492853e+00,1.002501030492e+00
1.000200400802e-01,1.938414739778e-04,7.855040262122e-03,1.761104341958e+06,9.542327092268e-01,1.300416047717e+02,5.648428558674e+01,2.867855972473e+02,2.951163598652e+02,2.934537368410e+05,9.378416352697e+04,2.078471511052e+01,9.985352403965e+02,3.361539305276e+02,1.221810935081e+02,3.634676926619e-01,3.026450921978e-01,4.997895748224e-01,2.302261654208e+00,1.000322889029e+00
1.006412825651e-01,1.902519289923e-04,7.781970821313e-03,1.749363676119e+06,9.542335006001e-01,1.333087629927e+02,5.749435612965e+01,2.863495827345e+02,2.951234395746e+02,2.930143484856e+05,9.380277605895e+04,2.067860061925e+01,9.985282926590e+02,3.357774228907e+02,1.251910610037e+02,3.728394241816e-01,3.015712048577e-01,5.002885245474e-01,2.318640853932e+00,1.000329395105e+00
1.012625250501e-01,1.872925313407e-04,7.721208735304e-03,1.739196324130e+06,9.543351387173e-01,1.360806022033e+02,5.850719072050e+01,2.859902431272e+02,2.951308978469e+02,2.926535032847e+05,9.382444419225e+04,2.058504676530e+01,9.985219713127e+02,3.355051179108e+02,1.277836884362e+02,3.808695653644e-01,3.011083778188e-01,5.005180708989e-01,2.325878247229e+00,1.000344739598e+00
1.018837675351e-01,1.847330650463e-04,7.668269746773e-03,1.729990577976e+06,9.545058931156e-01,1.385316258117e+02,5.952430633715e+01,2.856800808269e+02,2.951386408176e+02,2.923431493853e+05,9.384820209568e+04,2.049897930528e+01,9.985160206252e+02,3.353018199005e+02,1.301083553074e+02,3.880335494333e-01,3.010539477136e-01,5.006074551773e-01,2.327311888811e+00,1.000246649415e+00
1.025050100200e-01,1.824565767345e-04,7.620874764347e-03,1.721129155785e+06,9.547249157748e-01,1.408034019347e+02,6.054744613771e+01,2.853892490460e+02,2.951466155305e+02,2.920527616304e+05,9.387325007569e+04,2.041536121775e+01,9.985101730671e+02,3.351352122127e+02,1.322865971485e+02,3.947260458701e-01,3.012588842615e-01,5.006567444588e-01,2.325505218081e+00,1.000156413746e+00
1.031262525050e-01,1.803939849739e-04,7.577677007189e-03,1.712385851385e+06,9.549782353166e-01,1.429614529439e+02,6.157658033138e+01,2.851058990207e+02,2.951547921581e+02,2.917701806169e+05,9.389924963780e+04,2.033240847985e+01,9.985043333726e+02,3.349900534562e+02,1.343735946264e+02,4.011271177757e-01,3.016401243756e-01,5.006983845237e-01,2.321685487804e+00,1.000108493321e+00
1.037474949900e-01,1.785004539368e-04,7.537802012283e-03,1.703739890422e+06,9.552562041583e-01,1.450304014452e+02,6.261080496311e+01,2.848282645621e+02,2.951631471059e+02,2.914935610742e+05,9.392608305129e+04,2.025001407243e+01,9.984984968846e+02,3.348608216132e+02,1.363890167337e+02,4.073006094790e-01,3.021521559078e-01,5.007337861081e-01,2.316379761140e+00,1.000084450252e+00
1.043687374749e-01,1.767449301775e-04,7.500643879586e-03,1.695195099708e+06,9.555519938605e-01,1.470246528134e+02,6.364926961037e+01,2.845560656101e+02,2.951716580998e+02,2.912225910610e+05,9.395366299777e+04,2.016825170608e+01,9.984926694037e+02,3.347443365687e+02,1.383440145650e+02,4.132826143770e-01,3.027644760654e-01,5.007610896587e-01,2.309918930938e+00,1.000067071423e+00
1.049899799599e-01,1.751048551691e-04,7.465762286539e-03,1.686732780827e+06,9.558606465008e-01,1.489576531576e+02,6.469139829850e+01,2.842880946212e+02,2.951803056320e+02,2.909560198351e+05,9.398189090958e+04,2.008699432785e+01,9.984868467248e+02,3.346374836719e+02,1.402492822709e+02,4.191081068744e-01,3.034531038339e-01,5.007814423494e-01,2.302588243190e+00,1.000051398152e+00
1.056112224449e-01,1.735632310167e-04,7.432825324908e-03,1.678325361851e+06,9.561784654486e-01,1.508414017116e+02,6.573678805615e+01,2.840227773376e+02,2.951890732270e+02,2.906922262930e+05,9.401067276741e+04,2.000603367216e+01,9.984810199382e+02,3.345374044304e+02,1.421145134187e+02,4.248090393978e-01,3.041989146902e-01,5.007970607868e-01,2.294626892674e+00,1.000037920601e+00
1.062324649299e-01,1.721068734183e-04,7.401575459943e-03,1.669950168004e+06,9.565026309584e-01,1.526853690902e+02,6.678510879617e+01,2.837588101103e+02,2.951979471798e+02,2.904298682983e+05,9.403993085236e+04,1.992519748282e+01,9.984751817377e+02,3.344418334123e+02,1.439473617994e+02,4.304107543327e-01,3.049870681772e-01,5.008095451377e-01,2.286218767064e+00,1.000027272281e+00
1.068537074148e-01,1.707253127544e-04,7.371808114129e-03,1.661591418109e+06,9.568309566314e-01,1.544967598898e+02,6.783607067630e+01,2.834952525730e+02,2.952069159354e+02,2.901679767813e+05,9.406960299593e+04,1.984436731392e+01,9.984693274758e+02,3.343490654065e+02,1.457536215882e+02,4.359324929203e-01,3.058060858203e-01,5.008197275315e-01,2.277501605702e+00,1.000019203823e+00
1.074749498998e-01,1.694100716263e-04,7.343357584767e-03,1.653237451000e+06,9.571617285580e-01,1.562812653904e+02,6.888942295769e+01,2.832313895931e+02,2.952159698484e+02,2.899058144830e+05,9.409963792374e+04,1.976345590205e+01,9.984634541389e+02,3.342577778895e+02,1.475378607942e+02,4.413894621265e-01,3.066468929454e-01,5.008280517862e-01,2.268581426301e+00,1.000013155593e+00
1.080961923848e-01,1.681541722970e-04,7.316087441057e-03,1.644878516011e+06,9.574935932032e-01,1.580436151560e+02,6.994495454534e+01,2.829666187102e+02,2.952251014868e+02,2.896427605757e+05,9.412999195337e+04,1.968238950724e+01,9.984575598877e+02,3.341668941330e+02,1.493038867970e+02,4.467943695749e-01,3.075021341620e-01,5.008348348521e-01,2.259542753060e+00,1.000008689511e+00
1.087174348697e-01,1.669517904850e-04,7.289883773248e-03,1.636506004864e+06,9.578254761749e-01,1.597878502760e+02,7.100249000914e+01,2.827004080258e+02,2.952343039800e+02,2.893782673861e+05,9.416062749153e+04,1.960110199219e+01,9.984516431616e+02,3.340755151231e+02,1.510549707277e+02,4.521581615224e-01,3.083657525167e-01,5.008403410775e-01,2.250454177810e+00,1.000005537817e+00
1.093386773547e-01,1.657980056355e-04,7.264650322165e-03,1.628112299641e+06,9.581565221620e-01,1.615174618196e+02,7.206188424502e+01,2.824322855422e+02,2.952435713244e+02,2.891118493074e+05,9.419151227395e+04,1.951953386661e+01,9.984457026357e+02,3.339828851655e+02,1.527939562258e+02,4.574903775386e-01,3.092327170011e-01,5.008447854599e-01,2.241371614298e+00,1.000003521695e+00
1.099599198397e-01,1.646886167187e-04,7.240304886088e-03,1.619690661997e+06,9.584860498483e-01,1.632354921745e+02,7.312301816458e+01,2.821618315583e+02,2.952528983143e+02,2.888430748809e+05,9.422261873029e+04,1.943763161688e+01,9.984397371741e+02,3.338883662560e+02,1.545233383947e+02,4.627994084591e-01,3.100988203932e-01,5.008483354492e-01,2.232340735815e+00,1.000002494864e+00
1.105811623246e-01,1.636200036952e-04,7.216776617964e-03,1.611235061955e+06,9.588135175544e-01,1.649446239298e+02,7.418579562867e+01,2.818886686103e+02,2.952622804362e+02,2.885715564071e+05,9.425392337691e+04,1.935534646612e+01,9.984337457151e+02,3.337914151315e+02,1.562453341475e+02,4.680927281665e-01,3.109605184967e-01,5.008511213558e-01,2.223399001548e+00,1.000002327110e+00
1.112024048096e-01,1.625890215326e-04,7.194003957379e-03,1.602740006997e+06,9.591384966330e-01,1.666472542247e+02,7.525014113664e+01,2.816124516780e+02,2.952717138680e+02,2.882969398499e+05,9.428540629270e+04,1.927263309152e+01,9.984277264753e+02,3.336915638909e+02,1.579619414781e+02,4.733770900176e-01,3.118148028494e-01,5.008532482882e-01,2.214577297896e+00,1.000002903674e+00
1.118236472946e-01,1.615929178927e-04,7.171933024125e-03,1.594200406222e+06,9.594606504437e-01,1.683455526352e+02,7.631599800601e+01,2.813328602833e+02,2.952811959836e+02,2.880188966863e+05,9.431705070041e+04,1.918944867703e+01,9.984216721065e+02,3.335884045105e+02,1.596749854530e+02,4.786586802598e-01,3.126591017989e-01,5.008548048072e-01,2.205901213818e+00,1.000004125848e+00
1.124448897796e-01,1.606292683332e-04,7.150516353447e-03,1.585611464114e+06,9.597797181882e-01,1.700415047097e+02,7.738332682939e+01,2.810495922659e+02,2.952907242548e+02,2.877371174581e+05,9.434884260539e+04,1.910575224343e+01,9.984155806023e+02,3.334815765178e+02,1.613861525651e+02,4.839432338371e-01,3.134912026526e-01,5.008558663919e-01,2.197392018111e+00,1.000005907572e+00
1.130661322645e-01,1.596959246801e-04,7.129711888214e-03,1.576968621188e+06,9.600955014632e-01,1.717369481706e+02,7.845210408027e+01,2.807623598613e+02,2.953002965852e+02,2.874513078353e+05,9.438077054532e+04,1.902150386701e+01,9.984094517250e+02,3.333707586147e+02,1.630970192479e+02,4.892361283443e-01,3.143091864393e-01,5.008564967008e-01,2.189067459490e+00,1.000008168937e+00
1.136873747495e-01,1.587909734428e-04,7.109482167050e-03,1.568267472530e+06,9.604078534471e-01,1.734336036165e+02,7.952232099319e+01,2.804708849003e+02,2.953099114822e+02,2.871611836129e+05,9.441282534863e+04,1.893666419732e+01,9.984032852135e+02,3.332556598081e+02,1.648090762290e+02,4.945424672574e-01,3.151113766859e-01,5.008567517525e-01,2.180942425352e+00,1.000010838573e+00
1.143086172345e-01,1.579127019869e-04,7.089793663881e-03,1.559503714778e+06,9.607166701496e-01,1.751330984972e+02,8.059398257024e+01,2.801748954393e+02,2.953195680757e+02,2.868664672414e+05,9.444499994791e+04,1.885119407414e+01,9.983970805907e+02,3.331360128365e+02,1.665237474119e+02,4.998671443355e-01,3.158962976053e-01,5.008566813286e-01,2.173029460909e+00,1.000013851476e+00
1.149298597194e-01,1.570595707706e-04,7.070616245850e-03,1.550673101674e+06,9.610218832369e-01,1.768369874445e+02,8.166710675978e+01,2.798741228772e+02,2.953292667063e+02,2.865668848582e+05,9.447728922626e+04,1.876505418546e+01,9.983908363804e+02,3.330115687149e+02,1.682424059455e+02,5.052148986739e-01,3.166626393481e-01,5.008563300333e-01,2.165339197882e+00,1.000017147186e+00
1.155511022044e-01,1.562301903729e-04,7.051922724767e-03,1.541771400951e+06,9.613234541067e-01,1.785467699559e+02,8.274172383470e+01,2.795682991813e+02,2.953390098664e+02,2.862621634215e+05,9.450968988745e+04,1.867820476033e+01,9.983845485468e+02,3.328820919802e+02,1.699663882976e+02,5.105903633521e-01,3.174092288960e-01,5.008557382474e-01,2.157880712185e+00,1.000020669035e+00
1.161723446894e-01,1.554233023427e-04,7.033688483221e-03,1.532794356423e+06,9.616213692047e-01,1.802639058693e+02,8.381787586591e+01,2.792571543991e+02,2.953487966017e+02,2.859520281485e+05,9.454220034252e+04,1.859060529144e+01,9.983782159687e+02,3.327473565404e+02,1.716970066983e+02,5.159981088458e-01,3.181350051968e-01,5.008549427229e-01,2.150661824903e+00,1.000024364284e+00
1.167935871743e-01,1.546377631265e-04,7.015891160823e-03,1.523737657111e+06,9.619156358740e-01,1.819898296295e+02,8.489561626922e+01,2.789404145216e+02,2.953586264145e+02,2.856362003177e+05,9.457482063038e+04,1.850221425782e+01,9.983718373930e+02,3.326071420459e+02,1.734355607019e+02,5.214426835067e-01,3.188389977910e-01,5.008539777188e-01,2.143689363799e+00,1.000028184344e+00
1.174148296593e-01,1.538725304966e-04,6.998510389302e-03,1.514596888230e+06,9.622062789839e-01,1.837259624116e+02,8.597500946827e+01,2.786177984759e+02,2.953685003450e+02,2.853143940919e+05,9.460755233110e+04,1.841298889983e+01,9.983654104632e+02,3.324612295973e+02,1.751833470659e+02,5.269286505318e-01,3.195203088739e-01,5.008528754304e-01,2.136969376891e+00,1.000032083687e+00
1.180360721443e-01,1.531266520243e-04,6.981527567629e-03,1.505367519903e+06,9.624933381550e-01,1.854737246673e+02,8.705613072038e+01,2.782890168538e+02,2.953784216094e+02,2.849863153880e+05,9.464039853155e+04,1.832288471916e+01,9.983589311713e+02,3.323094003476e+02,1.769416701817e+02,5.324606225303e-01,3.201780944569e-01,5.008516643291e-01,2.130507330529e+00,1.000036015037e+00
1.186573146293e-01,1.523992552429e-04,6.964925670161e-03,1.496044854707e+06,9.627768654951e-01,1.872345498253e+02,8.813906609626e+01,2.779537686422e+02,2.953883938516e+02,2.846516585016e+05,9.467336376488e+04,1.823185514630e+01,9.983523954587e+02,3.321514316752e+02,1.787118537812e+02,5.380433041636e-01,3.208115490614e-01,5.008503715800e-01,2.124308301846e+00,1.000039934453e+00
1.192785571142e-01,1.516895392119e-04,6.948689082252e-03,1.486623990867e+06,9.630569237512e-01,1.890098948566e+02,8.922391241766e+01,2.776117387206e+02,2.953984173178e+02,2.843101035034e+05,9.470645397907e+04,1.813985133639e+01,9.983458027537e+02,3.319870942078e+02,1.804952499488e+02,5.436815258723e-01,3.214198931950e-01,5.008490235087e-01,2.118377122624e+00,1.000043802148e+00
1.198997995992e-01,1.509967672560e-04,6.932803458873e-03,1.477099797050e+06,9.633335845124e-01,1.908012502457e+02,9.031077721854e+01,2.772625959004e+02,2.954084940307e+02,2.839613142272e+05,9.473967653855e+04,1.804682187643e+01,9.983391511935e+02,3.318161493843e+02,1.822932476466e+02,5.493802757487e-01,3.220023611624e-01,5.008476447443e-01,2.112718505168e+00,1.000047579092e+00
1.205210420842e-01,1.503202606923e-04,6.917255602628e-03,1.467466875973e+06,9.636069268545e-01,1.926101515559e+02,9.139977886708e+01,2.769059903277e+02,2.954186282449e+02,2.836049356283e+05,9.477304022174e+04,1.795271241402e+01,9.983324369019e+02,3.316383467600e+02,1.841072828413e+02,5.551447371511e-01,3.225581890335e-01,5.008462583840e-01,2.107337172402e+00,1.000051226318e+00
1.211422845691e-01,1.496593933971e-04,6.902033358262e-03,1.457719526514e+06,9.638770362465e-01,1.944381920279e+02,9.249104682053e+01,2.765415507599e+02,2.954288258107e+02,2.832405909933e+05,9.480655523206e+04,1.785746530243e+01,9.983256542565e+02,3.314534212410e+02,1.859388496971e+02,5.609803302104e-01,3.230866035703e-01,5.008448873693e-01,2.102237986398e+00,1.000054707385e+00
1.217635270541e-01,1.490135870887e-04,6.887125521293e-03,1.447851681511e+06,9.641440037839e-01,1.962870340834e+02,9.358472192963e+01,2.761688805054e+02,2.954390895425e+02,2.828678776942e+05,9.484023319549e+04,1.776101930693e+01,9.983188002418e+02,3.312610888849e+02,1.877895109001e+02,5.668927537860e-01,3.235868124783e-01,5.008435549497e-01,2.097426054554e+00,1.000057989132e+00
1.223847695391e-01,1.483823072280e-04,6.872521758819e-03,1.437856886262e+06,9.644079253913e-01,1.981584222533e+02,9.468095681038e+01,2.757875552163e+02,2.954494222557e+02,2.824863651388e+05,9.487408722178e+04,1.766330900547e+01,9.983118725918e+02,3.310610457472e+02,1.896609092775e+02,5.728880268878e-01,3.240579915392e-01,5.008422824003e-01,2.092906841343e+00,1.000061035974e+00
1.230060120240e-01,1.477650594544e-04,6.858212540951e-03,1.427728228568e+06,9.646689011679e-01,2.000542008188e+02,9.577991645297e+01,2.753971182001e+02,2.954598300247e+02,2.820955899234e+05,9.490813193690e+04,1.756426408877e+01,9.983048662205e+02,3.308529636338e+02,1.915547838260e+02,5.789725493830e-01,3.244992711233e-01,5.008410904226e-01,2.088686315748e+00,1.000063811597e+00
1.236272545090e-01,1.471613864904e-04,6.844189081578e-03,1.417458268775e+06,9.649270350083e-01,2.019763309828e+02,9.688177890714e+01,2.749970754833e+02,2.954703195449e+02,2.816950507999e+05,9.494238353332e+04,1.746380876254e+01,9.982977752773e+02,3.306364856195e+02,1.934729854418e+02,5.851531632368e-01,3.249097238348e-01,5.008399998781e-01,2.084771081427e+00,1.000066280599e+00
1.242484969940e-01,1.465708654618e-04,6.830443287446e-03,1.407038976068e+06,9.651824342858e-01,2.039269087583e+02,9.798673603184e+01,2.745868910202e+02,2.954808974484e+02,2.812842038240e+05,9.497685985157e+04,1.736186110030e+01,9.982905939760e+02,3.304112219553e+02,1.954174933680e+02,5.914372163619e-01,3.252883516138e-01,5.008390314683e-01,2.081168503174e+00,1.000068407692e+00
1.248697394790e-01,1.459931055896e-04,6.816967714744e-03,1.396461654733e+06,9.654352097199e-01,2.059081858424e+02,9.909499433956e+01,2.741659812027e+02,2.954915684699e+02,2.808624567481e+05,9.501158047289e+04,1.725833236843e+01,9.982833199326e+02,3.301767455310e+02,1.973904344801e+02,5.978326370702e-01,3.256340725002e-01,5.008382072115e-01,2.077886852053e+00,1.000070160417e+00
1.254909819639e-01,1.454277462195e-04,6.803755532579e-03,1.385716833650e+06,9.656854750619e-01,2.079225916671e+02,1.002067759994e+02,2.737337072320e+02,2.955023393645e+02,2.804291610171e+05,9.504656681298e+04,1.715312631871e+01,9.982759467609e+02,3.299325846853e+02,1.993941036781e+02,6.043480181512e-01,3.259457074862e-01,5.008375516076e-01,2.074935448162e+00,1.000071508733e+00
1.261122244489e-01,1.448744551643e-04,6.790800492894e-03,1.374794194970e+06,9.659333472259e-01,2.099727601794e+02,1.013223201693e+02,2.732893690509e+02,2.955132183381e+02,2.799836058436e+05,9.508184227421e+04,1.704613791433e+01,9.982684661421e+02,3.296782190464e+02,2.014309887088e+02,6.109927106846e-01,3.262219601949e-01,5.008370879385e-01,2.072324832559e+00,1.000072415909e+00
1.267334669339e-01,1.443329273422e-04,6.778096906572e-03,1.363682423959e+06,9.661789464448e-01,2.120615681422e+02,1.024418846816e+02,2.728321946321e+02,2.955242149152e+02,2.795250073969e+05,9.511743236687e+04,1.693725167756e+01,9.982608688955e+02,3.294130711772e+02,2.035038056224e+02,6.177769597762e-01,3.264613910297e-01,5.008368391685e-01,2.070067031677e+00,1.000072840954e+00
1.273547094188e-01,1.438028837004e-04,6.765639625606e-03,1.352369034638e+06,9.664223966242e-01,2.141921758251e+02,1.035657478605e+02,2.723613275032e+02,2.955353390992e+02,2.790524960226e+05,9.515336485353e+04,1.682634026107e+01,9.982531506102e+02,3.291364959868e+02,2.056155366095e+02,6.247120544716e-01,3.266623933030e-01,5.008368309104e-01,2.068175823089e+00,1.000072745494e+00
1.279759519038e-01,1.432840704241e-04,6.753424031456e-03,1.340840204959e+06,9.666638253995e-01,2.163680709430e+02,1.046942104897e+02,2.718758142644e+02,2.955466003059e+02,2.785651034247e+05,9.518966997405e+04,1.671326286116e+01,9.982453037451e+02,3.288477703754e+02,2.077694708325e+02,6.318104896843e-01,3.268231669978e-01,5.008370921901e-01,2.066667009865e+00,1.000072093146e+00
1.285971943888e-01,1.427762584395e-04,6.741446029868e-03,1.329080563844e+06,9.669033646207e-01,2.185931219582e+02,1.058275982436e+02,2.713745887011e+02,2.955580096575e+02,2.780617464081e+05,9.522638067420e+04,1.659786317966e+01,9.982373170635e+02,3.285460795088e+02,2.099692540346e+02,6.390861651689e-01,3.269416863361e-01,5.008376555496e-01,2.065558753917e+00,1.000070846889e+00
1.292184368737e-01,1.422792432287e-04,6.729702052724e-03,1.317072934109e+06,9.671411510718e-01,2.208716444727e+02,1.069662647805e+02,2.708564524725e+02,2.955695800510e+02,2.775412072254e+05,9.526353286956e+04,1.647996683225e+01,9.982291770054e+02,3.282305009251e+02,2.122189503339e+02,6.465546307727e-01,3.270156592988e-01,5.008385572810e-01,2.064871994230e+00,1.000068967636e+00
1.298396793587e-01,1.417928449910e-04,6.718189067805e-03,1.304798012758e+06,9.673773275277e-01,2.232084883706e+02,1.081105954422e+02,2.703200507376e+02,2.955813243555e+02,2.770021091615e+05,9.530116574891e+04,1.635937754372e+01,9.982208723498e+02,3.278999867450e+02,2.145231232023e+02,6.542334000433e-01,3.270424701255e-01,5.008398351200e-01,2.064631014728e+00,1.000066405747e+00
1.304609218437e-01,1.413169092008e-04,6.706904597768e-03,1.292233927484e+06,9.676120439531e-01,2.256091449093e+02,1.092610116439e+02,2.697638397248e+02,2.955932585214e+02,2.764428831680e+05,9.533932208488e+04,1.623587319306e+01,9.982123938957e+02,3.275533359709e+02,2.168869350996e+02,6.621423483803e-01,3.270191186070e-01,5.008415360658e-01,2.064864140602e+00,1.000063108942e+00
1.310821643287e-01,1.408513076356e-04,6.695846750211e-03,1.279355756992e+06,9.678454589349e-01,2.280798755462e+02,1.104179759863e+02,2.691860500094e+02,2.956054010272e+02,2.758617304412e+05,9.537804865468e+04,1.610920085392e+01,9.982037298395e+02,3.271891640704e+02,2.193162673041e+02,6.703041890987e-01,3.269421444891e-01,5.008437209332e-01,2.065604567633e+00,1.000059017769e+00
1.317034068136e-01,1.403959399830e-04,6.685014261514e-03,1.266134846170e+06,9.680777409010e-01,2.306278738970e+02,1.115819986991e+02,2.685846353398e+02,2.956177689039e+02,2.752565700594e+05,9.541739663953e+04,1.597907073426e+01,9.981948535656e+02,3.268058595460e+02,2.218178703773e+02,6.787450833515e-01,3.268075320062e-01,5.008464686127e-01,2.066891403503e+00,1.000054070734e+00
1.323246492986e-01,1.399507361814e-04,6.674406558282e-03,1.252538045716e+06,9.683090696316e-01,2.332614756263e+02,1.127536458778e+02,2.679572134113e+02,2.956303804021e+02,2.746249790777e+05,9.545742216361e+04,1.584514756514e+01,9.981857436065e+02,3.264015374807e+02,2.243995587636e+02,6.874954097815e-01,3.266105676067e-01,5.008498607515e-01,2.068771025632e+00,1.000048209039e+00
1.329458917836e-01,1.395156597192e-04,6.664023841949e-03,1.238526573263e+06,9.685396359714e-01,2.359904489572e+02,1.139335499978e+02,2.673009798992e+02,2.956432582550e+02,2.739641048689e+05,9.549818689999e+04,1.570703916129e+01,9.981763801583e+02,3.259739668569e+02,2.270704792096e+02,6.965908394434e-01,3.263456411997e-01,5.008539642125e-01,2.071299006848e+00,1.000041430814e+00
1.335671342685e-01,1.390907122244e-04,6.653867204669e-03,1.224054524838e+06,9.687696423370e-01,2.388263740570e+02,1.151224236396e+02,2.666125948811e+02,2.956564342597e+02,2.732705491715e+05,9.553975894579e+04,1.556428207267e+01,9.981667416748e+02,3.255204747470e+02,2.298414615774e+02,7.060737477606e-01,3.260059990150e-01,5.008588183695e-01,2.074542617386e+00,1.000033861436e+00
1.341883767535e-01,1.386759398426e-04,6.643938788680e-03,1.209066862793e+06,9.689993095682e-01,2.417831439380e+02,1.163210777993e+02,2.658880281175e+02,2.956699383902e+02,2.725402099013e+05,9.558221396528e+04,1.541632267043e+01,9.981567907709e+02,3.250378175254e+02,2.327254842115e+02,7.159950986114e-01,3.255834629729e-01,5.008644644877e-01,2.078584109711e+00,1.000025737201e+00
1.348096192385e-01,1.382714421689e-04,6.634242007890e-03,1.193496822357e+06,9.692289014860e-01,2.448776645388e+02,1.175304452190e+02,2.651223546187e+02,2.956838023915e+02,2.717680735679e+05,9.562563640836e+04,1.526248913799e+01,9.981464903868e+02,3.245220230384e+02,2.357383294097e+02,7.264170462224e-01,3.250681208967e-01,5.008710857061e-01,2.083525371511e+00,1.000017107227e+00
1.354308617234e-01,1.378773849478e-04,6.624781861319e-03,1.177261938517e+06,9.694587716993e-01,2.481308617225e+02,1.187516079645e+02,2.643094479008e+02,2.956980690533e+02,2.709479020148e+05,9.567011956528e+04,1.510195293203e+01,9.981357922122e+02,3.239681513917e+02,2.388995313614e+02,7.374167193137e-01,3.244480054923e-01,5.008793638515e-01,2.089494752751e+00,1.000007228404e+00
1.360521042084e-01,1.374940185382e-04,6.615565387164e-03,1.160258520920e+06,9.696894139604e-01,2.515690862507e+02,1.199858294051e+02,2.634415506384e+02,2.957127821914e+02,2.700717941955e+05,9.571576363027e+04,1.493367499641e+01,9.981246395547e+02,3.233699496937e+02,2.422336934859e+02,7.490915396292e-01,3.237085331016e-01,5.008908429770e-01,2.096656642689e+00,9.999938644037e-01
1.366733466934e-01,1.371217055689e-04,6.606602341066e-03,1.142354292459e+06,9.699214379717e-01,2.552261423271e+02,1.212346022649e+02,2.625086828478e+02,2.957279949679e+02,2.691295835493e+05,9.576267254275e+04,1.475632930679e+01,9.981129601363e+02,3.227193423923e+02,2.457723516844e+02,7.615668458623e-01,3.228309845410e-01,5.009076184955e-01,2.105225220845e+00,9.999738033394e-01
1.372945891784e-01,1.367609639865e-04,6.597906249784e-03,1.123378159380e+06,9.701553413972e-01,2.591461815460e+02,1.224997436035e+02,2.614977729660e+02,2.957437916466e+02,2.681079501584e+05,9.581095431467e+04,1.456820172834e+01,9.981006548253e+02,3.220055869519e+02,2.495565496132e+02,7.750068934379e-01,3.217889523226e-01,5.009301881444e-01,2.115483460804e+00,9.999470147075e-01
1.379158316633e-01,1.364125374562e-04,6.589496131854e-03,1.103107237404e+06,9.703910271281e-01,2.633873282203e+02,1.237835538729e+02,2.603914600206e+02,2.957602275290e+02,2.669891950123e+05,9.586073751777e+04,1.436706143314e+01,9.980876105512e+02,3.212140241532e+02,2.536399605421e+02,7.896291614627e-01,3.205421947078e-01,5.009524883559e-01,2.127805511957e+00,9.999248165890e-01
1.385370741483e-01,1.360775181558e-04,6.581399495269e-03,1.081253472437e+06,9.706274250847e-01,2.680253253753e+02,1.250889586394e+02,2.591667914973e+02,2.957774076508e+02,2.657499133977e+05,9.591222021849e+04,1.415001244085e+01,9.980736755566e+02,3.203247381094e+02,2.580920153695e+02,8.057198981660e-01,3.190306074249e-01,5.009565004134e-01,2.142677725441e+00,9.999345515731e-01
1.391583166333e-01,1.357575802051e-04,6.573658030629e-03,1.057465833673e+06,9.708633770210e-01,2.731559805234e+02,1.264194480657e+02,2.577953088963e+02,2.957955285378e+02,2.643611048418e+05,9.596576008927e+04,1.391345706858e+01,9.980586370504e+02,3.193126559365e+02,2.630004342042e+02,8.236455064171e-01,3.171791711943e-01,5.009179953869e-01,2.160711699844e+00,1.000003083411e+00
1.397795591182e-01,1.354554802843e-04,6.566339810904e-03,1.031395993970e+06,9.711014752688e-01,2.788925789289e+02,1.277787837689e+02,2.562483660210e+02,2.958147935074e+02,2.627936691108e+05,9.602198655293e+04,1.365358936589e+01,9.980422879811e+02,3.181528286738e+02,2.684706322483e+02,8.438417265293e-01,3.149338509973e-01,5.008433460526e-01,2.182620390513e+00,1.000099203806e+00
1.404008016032e-01,1.351763462352e-04,6.559570670774e-03,1.002865163820e+06,9.713549696021e-01,2.853327440077e+02,1.291705837154e+02,2.545096799373e+02,2.958354786570e+02,2.610312655604e+05,9.608183318593e+04,1.336789444595e+01,9.980244968651e+02,3.168336128724e+02,2.745989296184e+02,8.666975928750e-01,3.123383394119e-01,5.008280526786e-01,2.208960707620e+00,1.000010692533e+00
1.410220440882e-01,1.349322456563e-04,6.553645379281e-03,9.720708902963e+05,9.716518047080e-01,2.924069384280e+02,1.305963048216e+02,2.525872809798e+02,2.958577741640e+02,2.590823439448e+05,9.614632599319e+04,1.305737519146e+01,9.980052944544e+02,3.153732853783e+02,2.813353500968e+02,8.920709620644e-01,3.096039937323e-01,5.010160537127e-01,2.239013874302e+00,9.991215470205e-01
1.416432865731e-01,1.347969846281e-04,6.550359748510e-03,9.400925546999e+05,9.720194529822e-01,2.995404024795e+02,1.320482375081e+02,2.505441719637e+02,2.958817024140e+02,2.570110055922e+05,9.621653437659e+04,1.273211431505e+01,9.979851676323e+02,3.138493448085e+02,2.881639726731e+02,9.181601855786e-01,3.070931127405e-01,5.013343440348e-01,2.268416513027e+00,9.967439653652e-01
1.422645290581e-01,1.354901700968e-04,6.567180568747e-03,9.113846846201e+05,9.724358010208e-01,3.055824234277e+02,1.335050923586e+02,2.487044838796e+02,2.959070239365e+02,2.551476729881e+05,9.629563129889e+04,1.243564940053e+01,9.979661839663e+02,3.125294313262e+02,2.940176830739e+02,9.407679840783e-01,3.053677404677e-01,5.015535181958e-01,2.288919606204e+00,9.982706125906e-01
1.428857715431e-01,1.361851333298e-04,6.584001388984e-03,8.900496655552e+05,9.728583020178e-01,3.097914908176e+02,1.349464348132e+02,2.474025187574e+02,2.959332279235e+02,2.538334969633e+05,9.638526353168e+04,1.220899439676e+01,9.979503287056e+02,3.116672852776e+02,2.981958101795e+02,9.567761015210e-01,3.048382269130e-01,5.016645406481e-01,2.295662654937e+00,9.988844768671e-01
1.435070140281e-01,1.368818743273e-04,6.600822209220e-03,8.756825688315e+05,9.732731776995e-01,3.122708762390e+02,1.363654548364e+02,2.466354085752e+02,2.959597530109e+02,2.530655996750e+05,9.648275615840e+04,1.204938983741e+01,9.979375553753e+02,3.112530316746e+02,3.007826357668e+02,9.663605014495e-01,3.054072602152e-01,5.017132512883e-01,2.289955888122e+00,9.991292280957e-01
1.441282565130e-01,1.375803930891e-04,6.617643029457e-03,8.663365150394e+05,9.736765061717e-01,3.134773354696e+02,1.377619165344e+02,2.462796572118e+02,2.959861458765e+02,2.527184748499e+05,9.658437185516e+04,1.193778939611e+01,9.979270816284e+02,3.111764003824e+02,3.021910858636e+02,9.711246916292e-01,3.067507692324e-01,5.017115248100e-01,2.275500685208e+00,9.991880221003e-01
1.447494989980e-01,1.382806896154e-04,6.634463849694e-03,8.598791322069e+05,9.740677216080e-01,3.139016758231e+02,1.391377606374e+02,2.461780176242e+02,2.960120753760e+02,2.526318109193e+05,9.668673098505e+04,1.185327320314e+01,9.979180185326e+02,3.113025578702e+02,3.028683961994e+02,9.729068667842e-01,3.085142072917e-01,5.016351357486e-01,2.256049503637e+00,9.990671276168e-01
1.453707414830e-01,1.389827639061e-04,6.651284669931e-03,8.547014508801e+05,9.744473645508e-01,3.139628410287e+02,1.404954480838e+02,2.461611721777e+02,2.960373381874e+02,2.526309921265e+05,9.678749890143e+04,1.178224272613e+01,9.979096904965e+02,3.114959852188e+02,3.032000881463e+02,9.733675634160e-01,3.104665180277e-01,5.015400839404e-01,2.234683367402e+00,9.988951325845e-01
1.459919839679e-01,1.396866159612e-04,6.668105490167e-03,8.499148086697e+05,9.748162629610e-01,3.139810690489e+02,1.418381562489e+02,2.461441827075e+02,2.960618515995e+02,2.526287363200e+05,9.688550834558e+04,1.171664265401e+01,9.979017116166e+02,3.116852322914e+02,3.034833908411e+02,9.736854987002e-01,3.124706592831e-01,5.015130203826e-01,2.213657293303e+00,9.988539649668e-01
1.466132264529e-01,1.403922457807e-04,6.684926310404e-03,8.449002147780e+05,9.751751646849e-01,3.140957541032e+02,1.431685613500e+02,2.460855978154e+02,2.960856031850e+02,2.525830826180e+05,9.698013643564e+04,1.164991815833e+01,9.978937990162e+02,3.118354900339e+02,3.038475924755e+02,9.743842576818e-01,3.144114545185e-01,5.015250040215e-01,2.193887758189e+00,9.988910080734e-01
1.472344689379e-01,1.410996533646e-04,6.701747130641e-03,8.393601445028e+05,9.755246763853e-01,3.143505698746e+02,1.444883168753e+02,2.459732056537e+02,2.961086228841e+02,2.524820680402e+05,9.707121813053e+04,1.157849737925e+01,9.978858115677e+02,3.119363232427e+02,3.043335242842e+02,9.756270802983e-01,3.162240977162e-01,5.015327632027e-01,2.175612372493e+00,9.989214778752e-01
1.478557114228e-01,1.418088387129e-04,6.718567950877e-03,8.332687227809e+05,9.758653352900e-01,3.147575351296e+02,1.457983440430e+02,2.458093503901e+02,2.961309651134e+02,2.523282909429e+05,9.715893206999e+04,1.150185138786e+01,9.978777366450e+02,3.119895046733e+02,3.049533534766e+02,9.774474747025e-01,3.178982832799e-01,5.015327019851e-01,2.158855350488e+00,9.989363649810e-01
1.484769539078e-01,1.425198018256e-04,6.735388771114e-03,8.266731331320e+05,9.761976708113e-01,3.153154789571e+02,1.470993445708e+02,2.455969239514e+02,2.961526810302e+02,2.521246910424e+05,9.724354983612e+04,1.142043609586e+01,9.978695845462e+02,3.119979735358e+02,3.057071146689e+02,9.798368598499e-01,3.194421700691e-01,5.015322307753e-01,2.143554615265e+00,9.989462199449e-01
1.490981963928e-01,1.432325427028e-04,6.752209591351e-03,8.195675163672e+05,9.765221525702e-01,3.160329446524e+02,1.483922800545e+02,2.453336724558e+02,2.961738205279e+02,2.518689244804e+05,9.732529609240e+04,1.133421490679e+01,9.978613356216e+02,3.119606192511e+02,3.066037604152e+02,9.828284132507e-01,3.208543817057e-01,5.015347380195e-01,2.129712843123e+00,9.989565137695e-01
1.497194388778e-01,1.439470613443e-04,6.769030411588e-03,8.118239963800e+05,9.768389913471e-01,3.169499692433e+02,1.496788224082e+02,2.450073476367e+02,2.961944449295e+02,2.515484548636e+05,9.740430775502e+04,1.124191625596e+01,9.978529122202e+02,3.118680360205e+02,3.076814716866e+02,9.865758466711e-01,3.221071612545e-01,5.015367925999e-01,2.117533824384e+00,9.989736921275e-01
1.503406813627e-01,1.446633577503e-04,6.785851231824e-03,8.031525063084e+05,9.771480118335e-01,3.181525991752e+02,1.509615538015e+02,2.445914112050e+02,2.962146426721e+02,2.511361447763e+05,9.748065803575e+04,1.114064420836e+01,9.978441652952e+02,3.116990741012e+02,3.090213426540e+02,9.914092415739e-01,3.231360081197e-01,5.015272210954e-01,2.107507449171e+00,9.990107561955e-01
1.509619238477e-01,1.453814319206e-04,6.802672052061e-03,7.930972671423e+05,9.774492487620e-01,3.197799840427e+02,1.522437515963e+02,2.440439582123e+02,2.962345335953e+02,2.505891516531e+05,9.755443845839e+04,1.102582030051e+01,9.978348611039e+02,3.114201980450e+02,3.107545352718e+02,9.978624932569e-01,3.238422309764e-01,5.014950867819e-01,2.100447346375e+00,9.990763148794e-01
1.515831663327e-01,1.461012838554e-04,6.819492872298e-03,7.810953448676e+05,9.777450074559e-01,3.220144705438e+02,1.535309253456e+02,2.433128305554e+02,2.962542932724e+02,2.498541928165e+05,9.762586444347e+04,1.089167525103e+01,9.978247030555e+02,3.109903366878e+02,3.130543437371e+02,1.006636884835e+00,3.241211860862e-01,5.014495348649e-01,2.097391582960e+00,9.991311026002e-01
1.522044088176e-01,1.468229135546e-04,6.836313692534e-03,7.665980200097e+05,9.780428313182e-01,3.250347456037e+02,1.548287182193e+02,2.423460286161e+02,2.962741489401e+02,2.488782218456e+05,9.769536528004e+04,1.073236474055e+01,9.978133896063e+02,3.103707661945e+02,3.160936806859e+02,1.018438961122e+00,3.239139273947e-01,5.014425095070e-01,2.099318197179e+00,9.989776604014e-01
1.528256513026e-01,1.475463210182e-04,6.853134512771e-03,7.493060904416e+05,9.783552285068e-01,3.288713955834e+02,1.561413990333e+02,2.411102764661e+02,2.962943334510e+02,2.476273423155e+05,9.776363584282e+04,1.054436024113e+01,9.978007283009e+02,3.095421724583e+02,3.199087595997e+02,1.033490063919e+00,3.232548931862e-01,5.015128042951e-01,2.106240866417e+00,9.981349571716e-01
1.534468937876e-01,1.484896887886e-04,6.875008068197e-03,7.300468509636e+05,9.786862958608e-01,3.332132316136e+02,1.574679061077e+02,2.396699034821e+02,2.963150346671e+02,2.461673351425e+05,9.783224319798e+04,1.033546657048e+01,9.977870501922e+02,3.085607437784e+02,3.242106176240e+02,1.050718939986e+00,3.223271480197e-01,5.016158240256e-01,2.116070759116e+00,9.977480805511e-01
1.540681362725e-01,1.496633325400e-04,6.902124190906e-03,7.108194676251e+05,9.790248750432e-01,3.375314281425e+02,1.588018596846e+02,2.382029706701e+02,2.963363167928e+02,2.446802256733e+05,9.790333071396e+04,1.012558759288e+01,9.977732381347e+02,3.075639103678e+02,3.284984175232e+02,1.068065551418e+00,3.214228686681e-01,5.016901982750e-01,2.125487880386e+00,9.981779539210e-01
1.546893787575e-01,1.508415962177e-04,6.929240313615e-03,6.930933784275e+05,9.793602304702e-01,3.414681767845e+02,1.601371469750e+02,2.368516317838e+02,2.963581183404e+02,2.433113989312e+05,9.797795599501e+04,9.929670772694e+00,9.977599814259e+02,3.066595064516e+02,3.324310838361e+02,1.084039714544e+00,3.207547011533e-01,5.017295441961e-01,2.132348322890e+00,9.983411991820e-01
1.553106212425e-01,1.520244798217e-04,6.956356436324e-03,6.771979382212e+05,9.796891301273e-01,3.449218929430e+02,1.614704950841e+02,2.356553806520e+02,2.963802987353e+02,2.421012579061e+05,9.805585647255e+04,9.751350493918e+00,9.977474607075e+02,3.058779951374e+02,3.359106795677e+02,1.098185174834e+00,3.203823338392e-01,5.017450560602e-01,2.136129531053e+00,9.983992386584e-01
1.559318637275e-01,1.532119833520e-04,6.983472559034e-03,6.629981609717e+05,9.800106788244e-01,3.479156142721e+02,1.628001093139e+02,2.346078013853e+02,2.964026906834e+02,2.410432170407e+05,9.813629915238e+04,9.589577437302e+00,9.977356503971e+02,3.052140880889e+02,3.389572407684e+02,1.110555685325e+00,3.202885072170e-01,5.017476377477e-01,2.137072362778e+00,9.984161486650e-01
1.565531062124e-01,1.544041068087e-04,7.010588681743e-03,6.502209376473e+05,9.803247202611e-01,3.505177160657e+02,1.641249367942e+02,2.336866208509e+02,2.964251962924e+02,2.401144534803e+05,9.821847033779e+04,9.441839679626e+00,9.977244535808e+02,3.046498173338e+02,3.416338850806e+02,1.121398621113e+00,3.204280306634e-01,5.017444573010e-01,2.135676167877e+00,9.984189448740e-01
1.571743486974e-01,1.556008501916e-04,7.037704804452e-03,6.385915416946e+05,9.806313349908e-01,3.528026852663e+02,1.654442952543e+02,2.328674721940e+02,2.964476797351e+02,2.392900014615e+05,9.830163604442e+04,9.305533558315e+00,9.977137746792e+02,3.041654481653e+02,3.440098108482e+02,1.130995689758e+00,3.207521933290e-01,5.017392940224e-01,2.132456031343e+00,9.984188673662e-01
1.577955911824e-01,1.568022135009e-04,7.064820927161e-03,6.278789102519e+05,9.809306807041e-01,3.548356924404e+02,1.667576960241e+02,2.321290515797e+02,2.964700508933e+02,2.385480331341e+05,9.838518994228e+04,9.178440150955e+00,9.977035404075e+02,3.037436645513e+02,3.461457138001e+02,1.139598135525e+00,3.212184709679e-01,5.017337860763e-01,2.127851972656e+00,9.984201547623e-01
1.584168336673e-01,1.580081967365e-04,7.091937049870e-03,6.179026038407e+05,9.812229399490e-01,3.566688235648e+02,1.680647617217e+02,2.314543404545e+02,2.964922358266e+02,2.378711114375e+05,9.846865186056e+04,9.058812314308e+00,9.976936739892e+02,3.033706100747e+02,3.480901777729e+02,1.147409031109e+00,3.217929077472e-01,5.017284437352e-01,2.122210628278e+00,9.984239685167e-01
1.590380761523e-01,1.592187998985e-04,7.119053172579e-03,6.085259171221e+05,9.815083033389e-01,3.583420843667e+02,1.693651889585e+02,2.308302583305e+02,2.965141754510e+02,2.372458340672e+05,9.855164825860e+04,8.945319771582e+00,9.976841352657e+02,3.030356310160e+02,3.498805660762e+02,1.154585567721e+00,3.224494916319e-01,5.017232971512e-01,2.115795380210e+00,9.984302763371e-01
1.596593186373e-01,1.604340229867e-04,7.146169295288e-03,5.996460833253e+05,9.817869627032e-01,3.598857688664e+02,1.706587297131e+02,2.302468841720e+02,2.965358223358e+02,2.366620356709e+05,9.863388972632e+04,8.836959488796e+00,9.976748892998e+02,3.027306531922e+02,3.515452079964e+02,1.161247479531e+00,3.231686242198e-01,5.017182232028e-01,2.108803748109e+00,9.984386779627e-01
1.602805611222e-01,1.616538660013e-04,7.173285417997e-03,5.911854992235e+05,9.820591083798e-01,3.613228202307e+02,1.719451797201e+02,2.296966919117e+02,2.965571462760e+02,2.361120048180e+05,9.871515121629e+04,8.732972541979e+00,9.976659037591e+02,3.024495635365e+02,3.531055896894e+02,1.167485862967e+00,3.239355791505e-01,5.017130912407e-01,2.101383829537e+00,9.984487465637e-01
1.609018036072e-01,1.628783289422e-04,7.200401540706e-03,5.830848643122e+05,9.823249280915e-01,3.626707705850e+02,1.732243712005e+02,2.291739254955e+02,2.965781117874e+02,2.355898443258e+05,9.879525638273e+04,8.632777384497e+00,9.976571595940e+02,3.021877031803e+02,3.545781579439e+02,1.173370571377e+00,3.247392083254e-01,5.017077951284e-01,2.093647493546e+00,9.984601085651e-01
1.615230460922e-01,1.641074118094e-04,7.227517663415e-03,5.752980851469e+05,9.825846061623e-01,3.639432100526e+02,1.744961673747e+02,2.286741213037e+02,2.965986932548e+02,2.350909815762e+05,9.887406572914e+04,8.535921089491e+00,9.976486583567e+02,3.019414751376e+02,3.559756878478e+02,1.178955914174e+00,3.255709733900e-01,5.017022676425e-01,2.085680250335e+00,9.984724838007e-01
1.621442885772e-01,1.653411146030e-04,7.254633786124e-03,5.677887117507e+05,9.828383223643e-01,3.651508414866e+02,1.757604579687e+02,2.281937680369e+02,2.966188749188e+02,2.346118202458e+05,9.895146796869e+04,8.442044389958e+00,9.976403774692e+02,3.017080648911e+02,3.573082646826e+02,1.184284764849e+00,3.264242418131e-01,5.016964723876e-01,2.077548304702e+00,9.984856618026e-01
1.627655310621e-01,1.665794373228e-04,7.281749908833e-03,5.605273875166e+05,9.830862520813e-01,3.663022288122e+02,1.770171555539e+02,2.277300593592e+02,2.966386470183e+02,2.341494866041e+05,9.902737362565e+04,8.350857334656e+00,9.976322923946e+02,3.014852367882e+02,3.585839811283e+02,1.189391510339e+00,3.272937934108e-01,5.016904009283e-01,2.069303552336e+00,9.984994902469e-01
1.633867735471e-01,1.678223799690e-04,7.308866031542e-03,5.534901435087e+05,9.833285663415e-01,3.674043180831e+02,1.782661917755e+02,2.272807278244e+02,2.966579985946e+02,2.337016595997e+05,9.910171042022e+04,8.262122081984e+00,9.976244141244e+02,3.012711988940e+02,3.598094221814e+02,1.194304080517e+00,3.281754636633e-01,5.016840558649e-01,2.060987080184e+00,9.985138585403e-01
1.640080160321e-01,1.690699425415e-04,7.335982154251e-03,5.466571067851e+05,9.835654308991e-01,3.684628238663e+02,1.795075148182e+02,2.268439171572e+02,2.966769110966e+02,2.332664398635e+05,9.917441979323e+04,8.175640423322e+00,9.976167285613e+02,3.010644974196e+02,3.609900246174e+02,1.199045479329e+00,3.290658893231e-01,5.016774474441e-01,2.052631747699e+00,9.985286764945e-01
1.646292585170e-01,1.703221250403e-04,7.363098276960e-03,5.400115706349e+05,9.837970067360e-01,3.694825078954e+02,1.807410871319e+02,2.264180896623e+02,2.966953785006e+02,2.328422547025e+05,9.924545424593e+04,8.091244959641e+00,9.976092339179e+02,3.008639401612e+02,3.621303366247e+02,1.203634893669e+00,3.299623262394e-01,5.016705924639e-01,2.044264056162e+00,9.985438755581e-01
1.652505010020e-01,1.715789274655e-04,7.390214399669e-03,5.335393327396e+05,9.840234497828e-01,3.704673828218e+02,1.819668835231e+02,2.260019601064e+02,2.967133990424e+02,2.324277904194e+05,9.931477534882e+04,8.008792467193e+00,9.976019246185e+02,3.006685415618e+02,3.632342072016e+02,1.208088499431e+00,3.308625118383e-01,5.016635084801e-01,2.035905521098e+00,9.985593964884e-01
1.658717434870e-01,1.728403498169e-04,7.417330522378e-03,5.272281732635e+05,9.842449110298e-01,3.714208652592e+02,1.831848896737e+02,2.255944429301e+02,2.967309670502e+02,2.320219380441e+05,9.938235215968e+04,7.928159108766e+00,9.975947940408e+02,3.004774791423e+02,3.643049285915e+02,1.212420077642e+00,3.317645673360e-01,5.016562153799e-01,2.027573703927e+00,9.985751906819e-01
1.664929859719e-01,1.741063920947e-04,7.444446645087e-03,5.210674993759e+05,9.844615366156e-01,3.723458827666e+02,1.843951004952e+02,2.251946167903e+02,2.967480779459e+02,2.316237568967e+05,9.944816001122e+04,7.849236973255e+00,9.975878401525e+02,3.002900636361e+02,3.653453355437e+02,1.216641440346e+00,3.326669273407e-01,5.016487351558e-01,2.019282951481e+00,9.985912217133e-01
1.671142284569e-01,1.753770542988e-04,7.471562767796e-03,5.150480821241e+05,9.846734678420e-01,3.732449567770e+02,1.855975188510e+02,2.248016983706e+02,2.967647300420e+02,2.312324480060e+05,9.951217954790e+04,7.771931183788e+00,9.975810601998e+02,3.001057187317e+02,3.663578821321e+02,1.220762748809e+00,3.335682804408e-01,5.016410860896e-01,2.011044970254e+00,9.986074518665e-01
1.677354709419e-01,1.766523364293e-04,7.498678890505e-03,5.091618119556e+05,9.848808412700e-01,3.741202705384e+02,1.867921545513e+02,2.244150175345e+02,2.967809211944e+02,2.308473283725e+05,9.957439590015e+04,7.696157896095e+00,9.975744504803e+02,2.999239598641e+02,3.673447048938e+02,1.224792794348e+00,3.344675300091e-01,5.016332883385e-01,2.002869293077e+00,9.986238534244e-01
1.683567134269e-01,1.779322384860e-04,7.525795013214e-03,5.034015426190e+05,9.850837888338e-01,3.749737164140e+02,1.879790233283e+02,2.240340018766e+02,2.967966487143e+02,2.304678152823e+05,9.963479803104e+04,7.621842654263e+00,9.975680062225e+02,2.997443810581e+02,3.683076665298e+02,1.228739185134e+00,3.353637619250e-01,5.016253627779e-01,1.994763616572e+00,9.986404054038e-01
1.689779559118e-01,1.792167604691e-04,7.552911135923e-03,4.977609341821e+05,9.852824380412e-01,3.758069419592e+02,1.891581461009e+02,2.236581607588e+02,2.968119140538e+02,2.300934098060e+05,9.969337814394e+04,7.548918921405e+00,9.975617275615e+02,2.995666419239e+02,3.692483987796e+02,1.232608532139e+00,3.362562143572e-01,5.016173304459e-01,1.986734114844e+00,9.986570933420e-01
1.695991983968e-01,1.805059023785e-04,7.580027258632e-03,4.922342876659e+05,9.854769120435e-01,3.766214034682e+02,1.903295484280e+02,2.232870674195e+02,2.968267185594e+02,2.297236784760e+05,9.975013116063e+04,7.477326550067e+00,9.975556125126e+02,2.993904528788e+02,3.701683526743e+02,1.236406669334e+00,3.371442440013e-01,5.016092123214e-01,1.978785777504e+00,9.986739061517e-01
1.702204408818e-01,1.817996642142e-04,7.607143381341e-03,4.868163482581e+05,9.856673298889e-01,3.774184388410e+02,1.914932603433e+02,2.229203364321e+02,2.968410613975e+02,2.293582300966e+05,9.980505427769e+04,7.407009692535e+00,9.975496583981e+02,2.992155561692e+02,3.710688676054e+02,1.240138956530e+00,3.380272735052e-01,5.016010200170e-01,1.970922831249e+00,9.986908126027e-01
1.708416833667e-01,1.830980459763e-04,7.634259504050e-03,4.815021019689e+05,9.858538067474e-01,3.781993533115e+02,1.926493166504e+02,2.225575988823e+02,2.968549442218e+02,2.289966905403e+05,9.985814670386e+04,7.337914494087e+00,9.975438610410e+02,2.990417074123e+02,3.719512530389e+02,1.243810625138e+00,3.389047285518e-01,5.015927425498e-01,1.963149207520e+00,9.987077311373e-01
1.714629258517e-01,1.844010476646e-04,7.661375626759e-03,4.762866741664e+05,9.860364540771e-01,3.789654606145e+02,1.937977572624e+02,2.221984893913e+02,2.968683648930e+02,2.286386892753e+05,9.990940970667e+04,7.269988179499e+00,9.975382182200e+02,2.988686648351e+02,3.728168278605e+02,1.247426952793e+00,3.397760117956e-01,5.015843444959e-01,1.955468762733e+00,9.987245302268e-01
1.720841683367e-01,1.857086692793e-04,7.688491749468e-03,4.711656205142e+05,9.862153794351e-01,3.797179572741e+02,1.949386261695e+02,2.218426829781e+02,2.968813246246e+02,2.282838970704e+05,9.995884704413e+04,7.203182235412e+00,9.975327295773e+02,2.986962182115e+02,3.736667995091e+02,1.250992736856e+00,3.406405977988e-01,5.015757905645e-01,1.947884648289e+00,9.987410962563e-01
1.727054108216e-01,1.870209108203e-04,7.715607872177e-03,4.661357806919e+05,9.863906858511e-01,3.804575280210e+02,1.960719672951e+02,2.214900073864e+02,2.968938322049e+02,2.279321410550e+05,1.000064653348e+05,7.137462081152e+00,9.975273923784e+02,2.985242779574e+02,3.745018842546e+02,1.254510644217e+00,3.414983318849e-01,5.015671242699e-01,1.940397361588e+00,9.987575234357e-01
1.733266533066e-01,1.883377722876e-04,7.742723994886e-03,4.611964533474e+05,9.865624712136e-01,3.811837738045e+02,1.971978165058e+02,2.211406045116e+02,2.969058882725e+02,2.275835699813e+05,1.000522732515e+05,7.072820281362e+00,9.975222046805e+02,2.983530025112e+02,3.753217555526e+02,1.257978811655e+00,3.423498582858e-01,5.015585790465e-01,1.933002000523e+00,9.987743603384e-01
1.739478957916e-01,1.896592536813e-04,7.769840117595e-03,4.563496145971e+05,9.867308285804e-01,3.818950247922e+02,1.983161940800e+02,2.207949744115e+02,2.969174915439e+02,2.272386994840e+05,1.000962781190e+05,7.009279076189e+00,9.975171686247e+02,2.981828320539e+02,3.761248609361e+02,1.261390061746e+00,3.431967457187e-01,5.015506056318e-01,1.925687544398e+00,9.987926267559e-01
1.745691382766e-01,1.909853550013e-04,7.796956240304e-03,4.515969255624e+05,9.868958488419e-01,3.825896386916e+02,1.994271103099e+02,2.204535955690e+02,2.969286398295e+02,2.268980233849e+05,1.001384801781e+05,6.946857288066e+00,9.975122841412e+02,2.980141864225e+02,3.769096686251e+02,1.264737337339e+00,3.440405044594e-01,5.015436253823e-01,1.918443475900e+00,9.988131579791e-01
1.751903807615e-01,1.923160762475e-04,7.824072363013e-03,4.469318988102e+05,9.870576265392e-01,3.832697674505e+02,2.005306023253e+02,2.201158820644e+02,2.969393372160e+02,2.265609461505e+05,1.001788693888e+05,6.885482107143e+00,9.975075498500e+02,2.978466399783e+02,3.776782967416e+02,1.268029401873e+00,3.448797876490e-01,5.015373439948e-01,1.911278193983e+00,9.988349716454e-01
1.758116232465e-01,1.936514174202e-04,7.851188485722e-03,4.423294436260e+05,9.872162659517e-01,3.839464824504e+02,2.016268023147e+02,2.197787251122e+02,2.969495888498e+02,2.262242888926e+05,1.002174345996e+05,6.824871069372e+00,9.975029568173e+02,2.976777741406e+02,3.784414624267e+02,1.271312456965e+00,3.457064456862e-01,5.015296403331e-01,1.904243275411e+00,9.988528709943e-01
1.764328657315e-01,1.949913785191e-04,7.878304608431e-03,4.377436196838e+05,9.873718796735e-01,3.846406634796e+02,2.027159798817e+02,2.194359851215e+02,2.969594004759e+02,2.258817654179e+05,1.002541933715e+05,6.764508207578e+00,9.974984761531e+02,2.975028061900e+02,3.792193574049e+02,1.274674892185e+00,3.465043708933e-01,5.015158102844e-01,1.897436322997e+00,9.988561741604e-01
1.770541082164e-01,1.963359595443e-04,7.905420731140e-03,4.331361633673e+05,9.875245684483e-01,3.853710256871e+02,2.037984622617e+02,2.190820349538e+02,2.969688040004e+02,2.255276027714e+05,1.002892340794e+05,6.703970910504e+00,9.974940817642e+02,2.973173925584e+02,3.800301309221e+02,1.278196770300e+00,3.472597866252e-01,5.014922325167e-01,1.890941773605e+00,9.988372442205e-01
1.776753507014e-01,1.976851604959e-04,7.932536853849e-03,4.285558533232e+05,9.876743741213e-01,3.861238579783e+02,2.048743998179e+02,2.187229161648e+02,2.969778323772e+02,2.251679725091e+05,1.003227233045e+05,6.643821129550e+00,9.974897900126e+02,2.971262544037e+02,3.808607297816e+02,1.281814461485e+00,3.479909244435e-01,5.014697469880e-01,1.884685730972e+00,9.988210491001e-01
1.782965931864e-01,1.990389813738e-04,7.959652976558e-03,4.242199905665e+05,9.878212237585e-01,3.868035912906e+02,2.059433065277e+02,2.183900143529e+02,2.969864641146e+02,2.248350558749e+05,1.003547804081e+05,6.586479353667e+00,9.974857084696e+02,2.969538642296e+02,3.816190245351e+02,1.285112168940e+00,3.487786982690e-01,5.014760510396e-01,1.878204238886e+00,9.988726651482e-01
1.789178356713e-01,2.003974221780e-04,7.986769099267e-03,4.204244593825e+05,9.879649451219e-01,3.871887217870e+02,2.070030929290e+02,2.181297496036e+02,2.969945783647e+02,2.245765313179e+05,1.003851796297e+05,6.535180118344e+00,9.974819981274e+02,2.968374997969e+02,3.820904855129e+02,1.287204230511e+00,3.497335535673e-01,5.014919668422e-01,1.870448969185e+00,9.989642481634e-01
1.795390781563e-01,2.017604829086e-04,8.013885221977e-03,4.173712092768e+05,9.881054765261e-01,3.871461648359e+02,2.080507455057e+02,2.179718504257e+02,2.970019958704e+02,2.244228531631e+05,1.004133566038e+05,6.492249500394e+00,9.974787934581e+02,2.968007187707e+02,3.821459409128e+02,1.287550591169e+00,3.509398755107e-01,5.015274576769e-01,1.860825655275e+00,9.991135830224e-01
1.801603206413e-01,2.031281635654e-04,8.041001344686e-03,4.147695910764e+05,9.882432693075e-01,3.870437010037e+02,2.090865510155e+02,2.178631942489e+02,2.970086533792e+02,2.243192129578e+05,1.004387735109e+05,6.454832972801e+00,9.974759797713e+02,2.967990948528e+02,3.821419620331e+02,1.287544229954e+00,3.523110923860e-01,5.017233415398e-01,1.851117152796e+00,9.995734540807e-01
1.807815631263e-01,2.045004641486e-04,8.068117467395e-03,4.107250842000e+05,9.883796665487e-01,3.877435058072e+02,2.101174578713e+02,2.175405058360e+02,2.970148348772e+02,2.239960865533e+05,1.004608586231e+05,6.401235707404e+00,9.974726308515e+02,2.966275788847e+02,3.829121027006e+02,1.290885035506e+00,3.531039322575e-01,5.018135297489e-01,1.845365490976e+00,9.997331331448e-01
1.814028056112e-01,2.058773846581e-04,8.095233590104e-03,4.019830696601e+05,9.885167481057e-01,3.908740004829e+02,2.111603890808e+02,2.165463100537e+02,2.970214237014e+02,2.229852922293e+05,1.004802856435e+05,6.293680450552e+00,9.974670549265e+02,2.959276125164e+02,3.860328602391e+02,1.304484082971e+00,3.519777371550e-01,5.013525344462e-01,1.851076341469e+00,9.985985521815e-01
1.820240480962e-01,2.072589250939e-04,8.122349712813e-03,3.859520098238e+05,9.886556013292e-01,3.978736865191e+02,2.122368071692e+02,2.144062762794e+02,2.970296618440e+02,2.207991220759e+05,1.004998340612e+05,6.103058219233e+00,9.974577783091e+02,2.943267974623e+02,3.928974598845e+02,1.334902099544e+00,3.477831606035e-01,4.999085048979e-01,1.874668639365e+00,9.953148369183e-01
1.826452905812e-01,2.086450854561e-04,8.149465835522e-03,3.673266371088e+05,9.887924715210e-01,4.063463674179e+02,2.133656949790e+02,2.114062372970e+02,2.970394627393e+02,2.177204295438e+05,1.005235104140e+05,5.891309315294e+00,9.974469399480e+02,2.920685183812e+02,4.011890954906e+02,1.373612937520e+00,3.425790821539e-01,4.980941078047e-01,1.904459699850e+00,9.915397136022e-01
1.832665330661e-01,2.100358657446e-04,8.176581958231e-03,3.691638393037e+05,9.889153630138e-01,4.044617740220e+02,2.145333223952e+02,2.112998171030e+02,2.970474186075e+02,2.176002088117e+05,1.005584814677e+05,5.924021883667e+00,9.974458096234e+02,2.921187500916e+02,3.994717120426e+02,1.367497676603e+00,3.463474282383e-01,4.997396448787e-01,1.885309794797e+00,9.958706146369e-01
1.838877755511e-01,2.114312659593e-04,8.203698080940e-03,4.188772388584e+05,9.890108665077e-01,3.767417715462e+02,2.154310877212e+02,2.197594478938e+02,2.970520690475e+02,2.263004674741e+05,1.006241136000e+05,6.461401567467e+00,9.974671492558e+02,2.987358931584e+02,3.726837028585e+02,1.247535737732e+00,3.682865557091e-01,5.048359380864e-01,1.748780900340e+00,1.008301743328e+00
1.845090180361e-01,2.128312861005e-04,8.230814203649e-03,5.303444850098e+05,9.890848246452e-01,3.233681896096e+02,2.155385275863e+02,2.371853254474e+02,2.970504209848e+02,2.442431823840e+05,1.007207528747e+05,7.574573143480e+00,9.975179625863e+02,3.115763136649e+02,3.208201794417e+02,1.029668063236e+00,4.076117507222e-01,5.079505267308e-01,1.500280220111e+00,1.015086499882e+00
1.851302605210e-01,2.142359261679e-04,8.257930326358e-03,6.510864202131e+05,9.891481819778e-01,2.746291356452e+02,2.153203313028e+02,2.527494152809e+02,2.970414296735e+02,2.602586134818e+05,1.007953247688e+05,8.720323485404e+00,9.975747548761e+02,3.224725810956e+02,2.732966997333e+02,8.475036817234e-01,4.434531415510e-01,5.040337945808e-01,1.275444515544e+00,1.006869552358e+00
1.857515030060e-01,2.156451861616e-04,8.285046449067e-03,7.256765789996e+05,9.892150238004e-01,2.485942166943e+02,2.151493123743e+02,2.605844583808e+02,2.970276226223e+02,2.683026150873e+05,1.008068879124e+05,9.423712314138e+00,9.976118690868e+02,3.278083164062e+02,2.478648408446e+02,7.561273721239e-01,4.642168932819e-01,5.002780274595e-01,1.155449738375e+00,9.989231620017e-01
1.863727454910e-01,2.170590660817e-04,8.312162571776e-03,7.520008013504e+05,9.892860032905e-01,2.395573084940e+02,2.151499897894e+02,2.630518741733e+02,2.970149134325e+02,2.708314436444e+05,1.007782159027e+05,9.672859077929e+00,9.976269042376e+02,3.294832945495e+02,2.390331257706e+02,7.254787411831e-01,4.723724313066e-01,4.992085785686e-01,1.113443271499e+00,9.967403519050e-01
1.869939879760e-01,2.184775659281e-04,8.339278694485e-03,7.532183078305e+05,9.893587866547e-01,2.377012700588e+02,2.152187325894e+02,2.631456071501e+02,2.970036580047e+02,2.709269229809e+05,1.007322990740e+05,9.685036464808e+00,9.976302267006e+02,3.295670909455e+02,2.372226656041e+02,7.198008300025e-01,4.744028718293e-01,4.992204365416e-01,1.104463664472e+00,9.967840281914e-01
1.876152304609e-01,2.199006857008e-04,8.366394817194e-03,7.506349395100e+05,9.894306373412e-01,2.376072075928e+02,2.152982400227e+02,2.629141053685e+02,2.969923277907e+02,2.706898915009e+05,1.006825419722e+05,9.660418836152e+00,9.976318484915e+02,3.294315410889e+02,2.371359632372e+02,7.198338157097e-01,4.754754079866e-01,5.001043853284e-01,1.103618903563e+00,9.986351337894e-01
1.882364729459e-01,2.213284253999e-04,8.393510939903e-03,7.522436396782e+05,9.895003678469e-01,2.364598640439e+02,2.153404558648e+02,2.631166228372e+02,2.969811562649e+02,2.708991231771e+05,1.006373394773e+05,9.673547939587e+00,9.976353248680e+02,3.295834666576e+02,2.360175617500e+02,7.161086208101e-01,4.774820558141e-01,5.008563610902e-01,1.098074502974e+00,1.000191557130e+00
1.888577154309e-01,2.227607850252e-04,8.420627062612e-03,7.581201056246e+05,9.895680036205e-01,2.338047439717e+02,2.153404769222e+02,2.637567065741e+02,2.969703308196e+02,2.715582119794e+05,1.005975483744e+05,9.725106994608e+00,9.976406438427e+02,3.300251583074e+02,2.334216747276e+02,7.072844868093e-01,4.804371381234e-01,5.009936328232e-01,1.085744525662e+00,1.000460357635e+00
1.894789579158e-01,2.241977645769e-04,8.447743185321e-03,7.656877476623e+05,9.896341362397e-01,2.306083778353e+02,2.153228745510e+02,2.645597855241e+02,2.969595477030e+02,2.723847326796e+05,1.005595123314e+05,9.791929758574e+00,9.976467168768e+02,3.305734754818e+02,2.302943085138e+02,6.966508978922e-01,4.837498672696e-01,5.008897147153e-01,1.070988757307e+00,1.000246871520e+00
1.901002004008e-01,2.256393640549e-04,8.474859308030e-03,7.729018852472e+05,9.896992104198e-01,2.275451563307e+02,2.152983760391e+02,2.653206812627e+02,2.969488177669e+02,2.731678754050e+05,1.005213684285e+05,9.855418724687e+00,9.976526170345e+02,3.310922226854e+02,2.272958931606e+02,6.865032688388e-01,4.869521655483e-01,5.007801635410e-01,1.056882827065e+00,1.000031428953e+00
1.907214428858e-01,2.270855834592e-04,8.501975430739e-03,7.791990103152e+05,9.897633844451e-01,2.247849179207e+02,2.152694463399e+02,2.659858342286e+02,2.969381847990e+02,2.738526305711e+05,1.004827713240e+05,9.910492215726e+00,9.976580766954e+02,3.315462959158e+02,2.245930095184e+02,6.774107033770e-01,4.899209312454e-01,5.007329507757e-01,1.044202610926e+00,9.999474322187e-01
1.913426853707e-01,2.285364227899e-04,8.529091553448e-03,7.848361950174e+05,9.898266957663e-01,2.222460587858e+02,2.152356181624e+02,2.665819572629e+02,2.969276848590e+02,2.744664403127e+05,1.004441199479e+05,9.959525929544e+00,9.976632037312e+02,3.319536821907e+02,2.221059253967e+02,6.690870965219e-01,4.927196497131e-01,5.007320882350e-01,1.032571006060e+00,9.999583230639e-01
1.919639278557e-01,2.299918820468e-04,8.556207676157e-03,7.901719176946e+05,9.898891887024e-01,2.198182199095e+02,2.151967490614e+02,2.671445943886e+02,2.969174341009e+02,2.750458147676e+05,1.004062320574e+05,1.000579000885e+01,9.976681326590e+02,3.323380268761e+02,2.197266455343e+02,6.611540894060e-01,4.954328688055e-01,5.007447937493e-01,1.021475560706e+00,9.999947415607e-01
1.925851703407e-01,2.314519612301e-04,8.583323798866e-03,7.953817546851e+05,9.899509387253e-01,2.174462578291e+02,2.151540461414e+02,2.676904792686e+02,2.969076514384e+02,2.756079269995e+05,1.003701795874e+05,1.005090207526e+01,9.976728896779e+02,3.327104770525e+02,2.174012292309e+02,6.534246566472e-01,4.981032823223e-01,5.007526387323e-01,1.010653816318e+00,1.000019043056e+00
1.932064128257e-01,2.329166603397e-04,8.610439921575e-03,8.004829199018e+05,9.900120056144e-01,2.151222910858e+02,2.151091242250e+02,2.682212078977e+02,2.968983692921e+02,2.761544085493e+05,1.003361170013e+05,1.009503445611e+01,9.976774737476e+02,3.330721667414e+02,2.151220346414e+02,6.458721446048e-01,5.007367177414e-01,5.007520197756e-01,1.000061210146e+00,1.000026540042e+00
1.938276553106e-01,2.343859793757e-04,8.637556044284e-03,8.054485782788e+05,9.900723891492e-01,2.128558565369e+02,2.150620886882e+02,2.687379869065e+02,2.968887271237e+02,2.766866025947e+05,1.003004259347e+05,1.013781485119e+01,9.976820836176e+02,3.334238640090e+02,2.128984635063e+02,6.385219730419e-01,5.033239549749e-01,5.007461123186e-01,9.897414176304e-01,1.000025217107e+00
1.944488977956e-01,2.358599183379e-04,8.664672166993e-03,8.102498191603e+05,9.901320398084e-01,2.106542989087e+02,2.150116207383e+02,2.692373354876e+02,2.968790280473e+02,2.772009051266e+05,1.002643481016e+05,1.017902889544e+01,9.976866321074e+02,3.337633600371e+02,2.107377464117e+02,6.313986843502e-01,5.058586131843e-01,5.007404606391e-01,9.797344821895e-01,1.000025897603e+00
1.950701402806e-01,2.373384772265e-04,8.691788289702e-03,8.148937563794e+05,9.901909008610e-01,2.085148698643e+02,2.149562568260e+02,2.697197023365e+02,2.968693794768e+02,2.776977634194e+05,1.002283388994e+05,1.021876604729e+01,9.976910966674e+02,3.340910078660e+02,2.086372145450e+02,6.244921582224e-01,5.083415878889e-01,5.007363129324e-01,9.700339638548e-01,1.000031046852e+00
1.956913827655e-01,2.388216560414e-04,8.718904412411e-03,8.194018880625e+05,9.902489207337e-01,2.064308846050e+02,2.148946617448e+02,2.701871429120e+02,2.968598212968e+02,2.781792836986e+05,1.001925827672e+05,1.025723223069e+01,9.976954777850e+02,3.344081995385e+02,2.065903366879e+02,6.177789210102e-01,5.107766599683e-01,5.007327522678e-01,9.606142978560e-01,1.000039020985e+00
1.963126252505e-01,2.403094547826e-04,8.746020535120e-03,8.237933933224e+05,9.903060557999e-01,2.043964894174e+02,2.148256798507e+02,2.706415812492e+02,2.968503720970e+02,2.786474410051e+05,1.001571676482e+05,1.029460622823e+01,9.976997791974e+02,3.347162319019e+02,2.045913956382e+02,6.112383450175e-01,5.131670409348e-01,5.007287792095e-01,9.514527758483e-01,1.000048151932e+00
1.969338677355e-01,2.418018734502e-04,8.773136657829e-03,8.280810377351e+05,9.903622695831e-01,2.024077762220e+02,2.147483061042e+02,2.710843549639e+02,2.968410408051e+02,2.791036094459e+05,1.001221439636e+05,1.033100653380e+01,9.977040040277e+02,3.350160142959e+02,2.026365824323e+02,6.048564062175e-01,5.155145757427e-01,5.007239782193e-01,9.425349139836e-01,1.000058000341e+00
1.975551102204e-01,2.432989120440e-04,8.800252780538e-03,8.322734649188e+05,9.904175311257e-01,2.004620608533e+02,2.146616389497e+02,2.715164080963e+02,2.968318331364e+02,2.795487590356e+05,1.000875476527e+05,1.036651395448e+01,9.977081543893e+02,3.353081946704e+02,2.007232885377e+02,5.986232717486e-01,5.178202810921e-01,5.007183292670e-01,9.338513477959e-01,1.000068904898e+00
1.981763527054e-01,2.448005705642e-04,8.827368903247e-03,8.363779348168e+05,9.904718137080e-01,1.985570775410e+02,2.145648440094e+02,2.719385434354e+02,2.968227539544e+02,2.799837147695e+05,1.000534097235e+05,1.040119636866e+01,9.977122319680e+02,3.355933257619e+02,1.988493152035e+02,5.925306015907e-01,5.200849289360e-01,5.007118938880e-01,9.253942716369e-01,1.000081300303e+00
1.987975951904e-01,2.463068490107e-04,8.854485025956e-03,8.404014339956e+05,9.905250940932e-01,1.966906585103e+02,2.144571337276e+02,2.723515270198e+02,2.968138079482e+02,2.804092640113e+05,1.000197596133e+05,1.043511862367e+01,9.977162383959e+02,3.358719337834e+02,1.970125587452e+02,5.865704720427e-01,5.223092735139e-01,5.007046846952e-01,9.171560539465e-01,1.000095425477e+00
1.994188376754e-01,2.478177473835e-04,8.881601148665e-03,8.443506686106e+05,9.905773520943e-01,1.948607350602e+02,2.143377576397e+02,2.727560885329e+02,2.968049998894e+02,2.808261568780e+05,9.998662597356e+04,1.046834253073e+01,9.977201752146e+02,3.361445188793e+02,1.952110115006e+02,5.807353698686e-01,5.244940449542e-01,5.006966783135e-01,9.091292976378e-01,1.000111336568e+00
2.000400801603e-01,2.493332656827e-04,8.908717271374e-03,8.482318288266e+05,9.906285702733e-01,1.930654043218e+02,2.142059980110e+02,2.731529000199e+02,2.967963366314e+02,2.812350843668e+05,9.995403673998e+04,1.050092477159e+01,9.977240447298e+02,3.364115420241e+02,1.934428274172e+02,5.750184023215e-01,5.266398960810e-01,5.006878601624e-01,9.013071814728e-01,1.000128996908e+00
2.006613226453e-01,2.508534039081e-04,8.935833394083e-03,8.520504956916e+05,9.906787336643e-01,1.913029518647e+02,2.140611683568e+02,2.735425678444e+02,2.967878253050e+02,2.816366700459e+05,9.992201914308e+04,1.053291619788e+01,9.977278492680e+02,3.366734200275e+02,1.917063443708e+02,5.694133631194e-01,5.287473837925e-01,5.006782474126e-01,8.936835827494e-01,1.000148333664e+00
2.012825651303e-01,2.523781620599e-04,8.962949516792e-03,8.558116894853e+05,9.907278295260e-01,1.895718299145e+02,2.139026138424e+02,2.739256379727e+02,2.967794709902e+02,2.820314753466e+05,9.989059975080e+04,1.056436261440e+01,9.977315899310e+02,3.369305279066e+02,1.900000629141e+02,5.639146565157e-01,5.308169862811e-01,5.006678886505e-01,8.862529845198e-01,1.000169253823e+00
2.019038076152e-01,2.539075401380e-04,8.990065639501e-03,8.595199770901e+05,9.907758471425e-01,1.878706267644e+02,2.137297132158e+02,2.743026065907e+02,2.967712787099e+02,2.824200105545e+05,9.985980450268e+04,1.059530557920e+01,9.977352675542e+02,3.371832068647e+02,1.883226163735e+02,5.585171875094e-01,5.328491206116e-01,5.006568487917e-01,8.790103347713e-01,1.000191635840e+00
2.025250501002e-01,2.554415381425e-04,9.017181762210e-03,8.631795325095e+05,9.908227776487e-01,1.861980475020e+02,2.135418817182e+02,2.746739264672e+02,2.967632534153e+02,2.828027413400e+05,9.982965866584e+04,1.062578297394e+01,9.977388827509e+02,3.374317685997e+02,1.866727520545e+02,5.532162926720e-01,5.348441551387e-01,5.006452006446e-01,8.719509540882e-01,1.000215336309e+00
2.031462925852e-01,2.569801560732e-04,9.044297884919e-03,8.667941715735e+05,9.908686138823e-01,1.845529017559e+02,2.133385740992e+02,2.750400108442e+02,2.967553999649e+02,2.831800927459e+05,9.980018675679e+04,1.065582934642e+01,9.977424359459e+02,3.376764979622e+02,1.850493193293e+02,5.480076950752e-01,5.368024167611e-01,5.006330192592e-01,8.650704755816e-01,1.000240200737e+00
2.037675350701e-01,2.585233939303e-04,9.071414007629e-03,8.703673793663e+05,9.909133502542e-01,1.829340942886e+02,2.131192871217e+02,2.754012365449e+02,2.967477230986e+02,2.835524523934e+05,9.977141245550e+04,1.068547613972e+01,9.977459274070e+02,3.379176552932e+02,1.834512605002e+02,5.428874686677e-01,5.387241956897e-01,5.006203773408e-01,8.583648001043e-01,1.000266072634e+00
2.043887775551e-01,2.600712517137e-04,9.098530130338e-03,8.739023412325e+05,9.909569826345e-01,1.813406176230e+02,2.128835612930e+02,2.757579473226e+02,2.967402271563e+02,2.839201739634e+05,9.974335852588e+04,1.071475189585e+01,9.977493570885e+02,3.381554791373e+02,1.818776036390e+02,5.378520084992e-01,5.406097497538e-01,5.006073431928e-01,8.518300639168e-01,1.000292803006e+00
2.050100200401e-01,2.616237294234e-04,9.125646253047e-03,8.774019522006e+05,9.909995082460e-01,1.797715424540e+02,2.126309816022e+02,2.761104553575e+02,2.967329155105e+02,2.842835785890e+05,9.971604672114e+04,1.074368269476e+01,9.977527242187e+02,3.383901858919e+02,1.803274532207e+02,5.328979998204e-01,5.424593141793e-01,5.005939816872e-01,8.454625995676e-01,1.000320260675e+00
2.056312625251e-01,2.631808270594e-04,9.152762375756e-03,8.808688570325e+05,9.910409255832e-01,1.782260075702e+02,2.123611773605e+02,2.764590452773e+02,2.967257927778e+02,2.846429590556e+05,9.968949772371e+04,1.077229236573e+01,9.977560290522e+02,3.386219731868e+02,1.787999802551e+02,5.280223801557e-01,5.442731058837e-01,5.005803493767e-01,8.392588974381e-01,1.000348326813e+00
2.062525050100e-01,2.647425446218e-04,9.179878498465e-03,8.843054667888e+05,9.910812343213e-01,1.767032146979e+02,2.120738215110e+02,2.768039760768e+02,2.967188634458e+02,2.849985817799e+05,9.966373106952e+04,1.080060262091e+01,9.977592719465e+02,3.388510212896e+02,1.772944172433e+02,5.232223192616e-01,5.460513261770e-01,5.005664948361e-01,8.332155918110e-01,1.000376896291e+00
2.068737474950e-01,2.663088821105e-04,9.206994621174e-03,8.877139719528e+05,9.911204352409e-01,1.752024239782e+02,2.117686295284e+02,2.771454826870e+02,2.967121316566e+02,2.853506884206e+05,9.963876507776e+04,1.082863318714e+01,9.977624532023e+02,3.390774941910e+02,1.758100537461e+02,5.184952017104e-01,5.477941634553e-01,5.005524599875e-01,8.273294508652e-01,1.000405878720e+00
2.074949899800e-01,2.678798395255e-04,9.234110743883e-03,8.910963557645e+05,9.911585301599e-01,1.737229488514e+02,2.114453580577e+02,2.774837775262e+02,2.967056012083e+02,2.856994974684e+05,9.961461678990e+04,1.085640193769e+01,9.977655730613e+02,3.393015406707e+02,1.743462313627e+02,5.138386080359e-01,5.495017958821e-01,5.005382805218e-01,8.215973641948e-01,1.000435196311e+00
2.081162324649e-01,2.694554168668e-04,9.261226866592e-03,8.944544130710e+05,9.911955218721e-01,1.722641515569e+02,2.111038034739e+02,2.778190524898e+02,2.966992755596e+02,2.860452063204e+05,9.959130192202e+04,1.088392499411e+01,9.977686317079e+02,3.395232959718e+02,1.729023393115e+02,5.092502969983e-01,5.511743933977e-01,5.005239862415e-01,8.160163328286e-01,1.000464780971e+00
2.087374749499e-01,2.710356141345e-04,9.288342989301e-03,8.977897627297e+05,9.912314140887e-01,1.708254396481e+02,2.107438004928e+02,2.781514803722e+02,2.966931578358e+02,2.863879927389e+05,9.956883481927e+04,1.091121685205e+01,9.977716292697e+02,3.397428827453e+02,1.714778110072e+02,5.047281921597e-01,5.528121202237e-01,5.005096029867e-01,8.105834631843e-01,1.000494574896e+00
2.093587174349e-01,2.726204313284e-04,9.315459112010e-03,9.011038540132e+05,9.912662113816e-01,1.694062604742e+02,2.103652207372e+02,2.784812158070e+02,2.966872508341e+02,2.867280157260e+05,9.954722841524e+04,1.093829066339e+01,9.977745658154e+02,3.399604107573e+02,1.700721186345e+02,5.002703645864e-01,5.544151407935e-01,5.004951548158e-01,8.052959509208e-01,1.000524531719e+00
2.099799599198e-01,2.742098684487e-04,9.342575234719e-03,9.043979897928e+05,9.912999191327e-01,1.680060962910e+02,2.099679713634e+02,2.788083975205e+02,2.966815570041e+02,2.870654179134e+05,9.952649421618e+04,1.096515830926e+01,9.977774412769e+02,3.401759790054e+02,1.686847683414e+02,4.958750139695e-01,5.559836209270e-01,5.004806618318e-01,8.001510668512e-01,1.000554609019e+00
2.106012024048e-01,2.758039254953e-04,9.369691357428e-03,9.076733326951e+05,9.913325434877e-01,1.666244623721e+02,2.095519938402e+02,2.791331491326e+02,2.966760785625e+02,2.874003263802e+05,9.950664227514e+04,1.099183045918e+01,9.977802556562e+02,3.403896763049e+02,1.673152983859e+02,4.915404609275e-01,5.575177286888e-01,5.004661416357e-01,7.951461559424e-01,1.000584768802e+00
2.112224448898e-01,2.774026024682e-04,9.396807480137e-03,9.109309125243e+05,9.913640913125e-01,1.652609049585e+02,2.091172628051e+02,2.794555800555e+02,2.966708173952e+02,2.877328535621e+05,9.948768117722e+04,1.101831663271e+01,9.977830090260e+02,3.406015819015e+02,1.659632771237e+02,4.872651389260e-01,5.590176352711e-01,5.004516103084e-01,7.902786347797e-01,1.000614977537e+00
2.118436873747e-01,2.790058993675e-04,9.423923602846e-03,9.141716335367e+05,9.913945701507e-01,1.639149987570e+02,2.086637849702e+02,2.797757863464e+02,2.966657750033e+02,2.880630981297e+05,9.946961803327e+04,1.104462526838e+01,9.977857014639e+02,3.408117660511e+02,1.646283005536e+02,4.830475850676e-01,5.604835160359e-01,5.004370826384e-01,7.855459862401e-01,1.000645204935e+00
2.124649298597e-01,2.806138161931e-04,9.451039725555e-03,9.173962835199e+05,9.914239881863e-01,1.625863444505e+02,2.081915980823e+02,2.800938516907e+02,2.966609524960e+02,2.883911460162e+05,9.945245848305e+04,1.107076377056e+01,9.977883330483e+02,3.410202908453e+02,1.633099898740e+02,4.788864306848e-01,5.619155510601e-01,5.004225715939e-01,7.809457535662e-01,1.000675421503e+00
2.130861723447e-01,2.822263529450e-04,9.478155848264e-03,9.206055467510e+05,9.914523542067e-01,1.612745675326e+02,2.077007699724e+02,2.804098486956e+02,2.966563505461e+02,2.887170717911e+05,9.943620670909e+04,1.109673854958e+01,9.977909038552e+02,3.412272114063e+02,1.620079903439e+02,4.747803953741e-01,5.633139255017e-01,5.004080893538e-01,7.764755400474e-01,1.000705599800e+00
2.137074148297e-01,2.838435096232e-04,9.505271970973e-03,9.237999996328e+05,9.914796775662e-01,1.599793153460e+02,2.071913975560e+02,2.807238387772e+02,2.966519695356e+02,2.890409384500e+05,9.942086544263e+04,1.112255524114e+01,9.977934139495e+02,3.414325747432e+02,1.607219683739e+02,4.707282792065e-01,5.646788338230e-01,5.003936494051e-01,7.721329998881e-01,1.000735718088e+00
2.143286573146e-01,2.854652862277e-04,9.532388093682e-03,9.269801303004e+05,9.915059681518e-01,1.587002535545e+02,2.066636057893e+02,2.810358740074e+02,2.966478095583e+02,2.893627993504e+05,9.940643600080e+04,1.114821875497e+01,9.977958634051e+02,3.416364214926e+02,1.594516080593e+02,4.667289493392e-01,5.660104801995e-01,5.003792636936e-01,7.679158260517e-01,1.000765753824e+00
2.149498997996e-01,2.870916827586e-04,9.559504216391e-03,9.301463424670e+05,9.915312363518e-01,1.574370654767e+02,2.061175466958e+02,2.813459976110e+02,2.966438704130e+02,2.896826987237e+05,9.939291831218e+04,1.117373329372e+01,9.977982523163e+02,3.418387863340e+02,1.581966105310e+02,4.627813368623e-01,5.673090782754e-01,5.003649432805e-01,7.638217512314e-01,1.000795684565e+00
2.155711422846e-01,2.887226992158e-04,9.586620339100e-03,9.332989589573e+05,9.915554930280e-01,1.561894513203e+02,2.055533983909e+02,2.816542444332e+02,2.966401518694e+02,2.900006721461e+05,9.938031094884e+04,1.119910238936e+01,9.978005811260e+02,3.420396983128e+02,1.569566932097e+02,4.588844335436e-01,5.685748512590e-01,5.003506991187e-01,7.598485480805e-01,1.000825489368e+00
2.161923847695e-01,2.903583355993e-04,9.613736461809e-03,9.364382269545e+05,9.915787494833e-01,1.549571268454e+02,2.049713640740e+02,2.819606415216e+02,2.966366534585e+02,2.903167471527e+05,9.936861116684e+04,1.122432895447e+01,9.978028504062e+02,3.422391812374e+02,1.557315884960e+02,4.550372868849e-01,5.698080323133e-01,5.003365421659e-01,7.559940265094e-01,1.000855148898e+00
2.168136272545e-01,2.919985919091e-04,9.640852584518e-03,9.395643222925e+05,9.916010174333e-01,1.537398217119e+02,2.043716709970e+02,2.822652086183e+02,2.966333742560e+02,2.906309437552e+05,9.935781495059e+04,1.124941531353e+01,9.978050605601e+02,3.424372540103e+02,1.545210421504e+02,4.512389944168e-01,5.710088645579e-01,5.003224824989e-01,7.522560292331e-01,1.000884643239e+00
2.174348697395e-01,2.936434681452e-04,9.667968707227e-03,9.426773609428e+05,9.916223089816e-01,1.525372789150e+02,2.037545694555e+02,2.825679592360e+02,2.966303130443e+02,2.909432755970e+05,9.934791706728e+04,1.127436320341e+01,9.978072119918e+02,3.426339317541e+02,1.533248127451e+02,4.474887001417e-01,5.721776003683e-01,5.003085293208e-01,7.486324322574e-01,1.000913951831e+00
2.180561122244e-01,2.952929643077e-04,9.695084829936e-03,9.457773966498e+05,9.916426365937e-01,1.513492541931e+02,2.031203317771e+02,2.828689006374e+02,2.966274683301e+02,2.912537498704e+05,9.933891111229e+04,1.129917386147e+01,9.978093051085e+02,3.428292253548e+02,1.521426710866e+02,4.437855930431e-01,5.733145025062e-01,5.002946927337e-01,7.451211450326e-01,1.000943057268e+00
2.186773547094e-01,2.969470803965e-04,9.722200952645e-03,9.488644272831e+05,9.916620130698e-01,1.501755133769e+02,2.024692511929e+02,2.831680345410e+02,2.966248383611e+02,2.915623679938e+05,9.933078956886e+04,1.132384816214e+01,9.978113403263e+02,3.430231415737e+02,1.509743976103e+02,4.401288989358e-01,5.744198462297e-01,5.002809831731e-01,7.417201006680e-01,1.000971944099e+00
2.192985971944e-01,2.986058164116e-04,9.749317075354e-03,9.519384053380e+05,9.916804515210e-01,1.490158310842e+02,2.018016407147e+02,2.834653580771e+02,2.966224211418e+02,2.918691266499e+05,9.932354387279e+04,1.134838661461e+01,9.978133180773e+02,3.432156840661e+02,1.498197811006e+02,4.365178750740e-01,5.754939184006e-01,5.002674098129e-01,7.384272524069e-01,1.001000595498e+00
2.199198396794e-01,3.002691723530e-04,9.776433198063e-03,9.549992387603e+05,9.916979653456e-01,1.478699908194e+02,2.011178320392e+02,2.837608639551e+02,2.966202144468e+02,2.921740179609e+05,9.931716446929e+04,1.137278936991e+01,9.978152388122e+02,3.434068535026e+02,1.486786187953e+02,4.329518100145e-01,5.765370168058e-01,5.002539814139e-01,7.352405767312e-01,1.001028995010e+00
2.205410821643e-01,3.019371482208e-04,9.803549320772e-03,9.580467939864e+05,9.917145682071e-01,1.467377845632e+02,2.004181744317e+02,2.840545408148e+02,2.966182158345e+02,2.924770298533e+05,9.931164087478e+04,1.139705624672e+01,9.978171030028e+02,3.435966478062e+02,1.475507159868e+02,4.294300218843e-01,5.775494498651e-01,5.002407067189e-01,7.321580738838e-01,1.001057127397e+00
2.211623246493e-01,3.036097440148e-04,9.830665443481e-03,9.610808999871e+05,9.917302740115e-01,1.456190120288e+02,1.997030335885e+02,2.843463736574e+02,2.966164226374e+02,2.927781465029e+05,9.930696174114e+04,1.142118676547e+01,9.978189111525e+02,3.437850624400e+02,1.464358852952e+02,4.259518556621e-01,5.785315365035e-01,5.002275944333e-01,7.291777666675e-01,1.001084978616e+00
2.217835671343e-01,3.052869597352e-04,9.857781566190e-03,9.641013502038e+05,9.917450968880e-01,1.445134796337e+02,1.989727904832e+02,2.846363440922e+02,2.966148315433e+02,2.930773485875e+05,9.930311491868e+04,1.144518016869e+01,9.978206639405e+02,3.439720905750e+02,1.453339456609e+02,4.225166798213e-01,5.794836057244e-01,5.002146523615e-01,7.262976977043e-01,1.001112534057e+00
2.224048096192e-01,3.069687953820e-04,9.884897688899e-03,9.671079128845e+05,9.917590511676e-01,1.434210004451e+02,1.982278402443e+02,2.849244312581e+02,2.966134393199e+02,2.933746142723e+05,9.930008752653e+04,1.146903541026e+01,9.978223620482e+02,3.441577241106e+02,1.442447222966e+02,4.191238847520e-01,5.804059955465e-01,5.002018874643e-01,7.235159313062e-01,1.001139778678e+00
2.230260521042e-01,3.086552509550e-04,9.912013811608e-03,9.701003265878e+05,9.917721513620e-01,1.423413940010e+02,1.974685910383e+02,2.852106115693e+02,2.966122427658e+02,2.936699188943e+05,9.929786600903e+04,1.149275123528e+01,9.978240061357e+02,3.443419529881e+02,1.431680465163e+02,4.157728829553e-01,5.812990538202e-01,5.001893076132e-01,7.208305546342e-01,1.001166700778e+00
2.236472945892e-01,3.103463264544e-04,9.939129934317e-03,9.730783061288e+05,9.917844121436e-01,1.412744843475e+02,1.966954628679e+02,2.854948592973e+02,2.966112385483e+02,2.939632355495e+05,9.929643620418e+04,1.151632627814e+01,9.978255968864e+02,3.445247653593e+02,1.421037538055e+02,4.124631030728e-01,5.821631393723e-01,5.001769206254e-01,7.182396700343e-01,1.001193290018e+00
2.242685370741e-01,3.120420218800e-04,9.966246057026e-03,9.760415499366e+05,9.917958483257e-01,1.402200994304e+02,1.959088864038e+02,2.857771472211e+02,2.966104232168e+02,2.942545357942e+05,9.929578341097e+04,1.153975904797e+01,9.978271350062e+02,3.447061483298e+02,1.410516832267e+02,4.091939871398e-01,5.829986207963e-01,5.001647331019e-01,7.157413938916e-01,1.001219535019e+00
2.248897795591e-01,3.137423372320e-04,9.993362179735e-03,9.789897399516e+05,9.918064748446e-01,1.391780714607e+02,1.951093018592e+02,2.860574466751e+02,2.966097932159e+02,2.945437896946e+05,9.929589244775e+04,1.156304792655e+01,9.978286212215e+02,3.448860879981e+02,1.400116777845e+02,4.059649915055e-01,5.838058755267e-01,5.001527512105e-01,7.133338602234e-01,1.001245424980e+00
2.255110220441e-01,3.154472725104e-04,1.002047830244e-02,9.819225436031e+05,9.918163067414e-01,1.381482367787e+02,1.942971578688e+02,2.863357277668e+02,2.966093448993e+02,2.948309660516e+05,9.929674771677e+04,1.158619118368e+01,9.978300562754e+02,3.450645696016e+02,1.389835842973e+02,4.027755861976e-01,5.845852892834e-01,5.001409809710e-01,7.110152217050e-01,1.001270950306e+00
2.261322645291e-01,3.171568277150e-04,1.004759442515e-02,9.848396167175e+05,9.918253591444e-01,1.371304354802e+02,1.934729103747e+02,2.866119596702e+02,2.966090745428e+02,2.951160327019e+05,9.929833325921e+04,1.160918700023e+01,9.978314409270e+02,3.452415777092e+02,1.379672530332e+02,3.996252535650e-01,5.853372556826e-01,5.001294282689e-01,7.087836494245e-01,1.001296102640e+00
2.267535070140e-01,3.188710028460e-04,1.007471054786e-02,9.877406052994e+05,9.918336472528e-01,1.361245109169e+02,1.926370215263e+02,2.868861108170e+02,2.966089783565e+02,2.953989567155e+05,9.930063281506e+04,1.163203348182e+01,9.978327759484e+02,3.454170963474e+02,1.369625372230e+02,3.965134866551e-01,5.860621756706e-01,5.001180984236e-01,7.066373319023e-01,1.001320873933e+00
2.273747494990e-01,3.205897979033e-04,1.010182667057e-02,9.906251489951e+05,9.918411863211e-01,1.351303094218e+02,1.917899586150e+02,2.871581492093e+02,2.966090524983e+02,2.956797047344e+05,9.930362987970e+04,1.165472864955e+01,9.978340621230e+02,3.455911093592e+02,1.359692927939e+02,3.934397879795e-01,5.867604565108e-01,5.001069956387e-01,7.045744751063e-01,1.001345255271e+00
2.279959919840e-01,3.223132128869e-04,1.012894279328e-02,9.934928859406e+05,9.918479916434e-01,1.341476808153e+02,1.909321930682e+02,2.874280428449e+02,2.966092931931e+02,2.959582434282e+05,9.930730775962e+04,1.167727044487e+01,9.978353002729e+02,3.457636008265e+02,1.349873788745e+02,3.904036704610e-01,5.874325110617e-01,5.000961241277e-01,7.025933063439e-01,1.001369239325e+00
2.286172344689e-01,3.240412477968e-04,1.015605891599e-02,9.963434467338e+05,9.918540785364e-01,1.331764773786e+02,1.900641994027e+02,2.876957593229e+02,2.966096968831e+02,2.962345390122e+05,9.931164961749e+04,1.169965685941e+01,9.978364912657e+02,3.459345540795e+02,1.340166567856e+02,3.874046556066e-01,5.880787595860e-01,5.000854890853e-01,7.006920703483e-01,1.001392822427e+00
2.292384769539e-01,3.257739026330e-04,1.018317503870e-02,9.991764653885e+05,9.918594623229e-01,1.322165526671e+02,1.891864541838e+02,2.879612667401e+02,2.966102596119e+02,2.965085582128e+05,9.931663853269e+04,1.172188592321e+01,9.978376358507e+02,3.461039526824e+02,1.330569888760e+02,3.844422689910e-01,5.886996286839e-01,5.000750943250e-01,6.988690244105e-01,1.001415999585e+00
2.298597194389e-01,3.275111773956e-04,1.021029116141e-02,1.001991578563e+06,9.918641583185e-01,1.312677620877e+02,1.882994350691e+02,2.882245336461e+02,2.966109773753e+02,2.967802682243e+05,9.932225754561e+04,1.174395568733e+01,9.978387347742e+02,3.462717804359e+02,1.321082390957e+02,3.815160419062e-01,5.892955501339e-01,5.000649429963e-01,6.971224424521e-01,1.001438765916e+00
2.304809619238e-01,3.292530720845e-04,1.023740728412e-02,1.004788425679e+06,9.918681818180e-01,1.303299631123e+02,1.874036198861e+02,2.884855290738e+02,2.966118461670e+02,2.970496367404e+05,9.932848970158e+04,1.176586422343e+01,9.978397887890e+02,3.464380214004e+02,1.311702732115e+02,3.786255119496e-01,5.898669601089e-01,5.000550380146e-01,6.954506171840e-01,1.001461117538e+00
2.311022044088e-01,3.309995866997e-04,1.026452340683e-02,1.007566650589e+06,9.918715480815e-01,1.294030151385e+02,1.864994857375e+02,2.887442226949e+02,2.966128619883e+02,2.973166321162e+05,9.933531809402e+04,1.178760963623e+01,9.978407986539e+02,3.466026599978e+02,1.302429586743e+02,3.757702225227e-01,5.904142986717e-01,5.000453821078e-01,6.938518603780e-01,1.001483051653e+00
2.317234468938e-01,3.327507212413e-04,1.029163952953e-02,1.010325903323e+06,9.918742723219e-01,1.284867793159e+02,1.855875081397e+02,2.890005849786e+02,2.966140208584e+02,2.975812235325e+05,9.934272590510e+04,1.180919007653e+01,9.978417651342e+02,3.467656811142e+02,1.293261644520e+02,3.729497222346e-01,5.909380093082e-01,5.000359778029e-01,6.923245028926e-01,1.001504566488e+00
2.323446893788e-01,3.345064757091e-04,1.031875565224e-02,1.013065840570e+06,9.918763696921e-01,1.275811182980e+02,1.846681601971e+02,2.892545872433e+02,2.966153188224e+02,2.978433810497e+05,9.935069644282e+04,1.183060374398e+01,9.978426890011e+02,3.469270701346e+02,1.284197607900e+02,3.701635641757e-01,5.914385382808e-01,5.000268270512e-01,6.908668942275e-01,1.001525660453e+00
2.329659318637e-01,3.362668501033e-04,1.034587177495e-02,1.015786127968e+06,9.918778552745e-01,1.266858961930e+02,1.837419118297e+02,2.895062018365e+02,2.966167519607e+02,2.981030758112e+05,9.935921317716e+04,1.185184887028e+01,9.978435710313e+02,3.470868132034e+02,1.275236191672e+02,3.674113055181e-01,5.919163336252e-01,5.000179308110e-01,6.894774030130e-01,1.001546331205e+00
2.335871743487e-01,3.380318444238e-04,1.037298789766e-02,1.018486443094e+06,9.918787440698e-01,1.258009791152e+02,1.828092290682e+02,2.897554023779e+02,2.966183163956e+02,2.983602803051e+05,9.936825977422e+04,1.187292371985e+01,9.978444120080e+02,3.472448974753e+02,1.266376128445e+02,3.646925088468e-01,5.923718445155e-01,5.000092901422e-01,6.881544206298e-01,1.001566577970e+00
2.342084168337e-01,3.398014586706e-04,1.040010402037e-02,1.021166469927e+06,9.918790509842e-01,1.249262344306e+02,1.818705733321e+02,2.900021633850e+02,2.966200082989e+02,2.986149679056e+05,9.937782012107e+04,1.189382669017e+01,9.978452127171e+02,3.474013102552e+02,1.257616161246e+02,3.620067409425e-01,5.928055226253e-01,5.000009068489e-01,6.868963578975e-01,1.001586402862e+00
2.348296593186e-01,3.415756928438e-04,1.042722014308e-02,1.023825907020e+06,9.918787908191e-01,1.240615299643e+02,1.809264007364e+02,2.902464609039e+02,2.966218238990e+02,2.988671135650e+05,9.938787836191e+04,1.191455629305e+01,9.978459739499e+02,3.475560397577e+02,1.248955035753e+02,3.593535697505e-01,5.932178211121e-01,4.999927815230e-01,6.857016414370e-01,1.001605806770e+00
2.354509018036e-01,3.433545469432e-04,1.045433626579e-02,1.026464466037e+06,9.918779782616e-01,1.232067345637e+02,1.799771614804e+02,2.904882723858e+02,2.966237593785e+02,2.991166936876e+05,9.939841892086e+04,1.193511113753e+01,9.978466965949e+02,3.477090750518e+02,1.240391505888e+02,3.567325660693e-01,5.936091936751e-01,4.999849142624e-01,6.845687172206e-01,1.001624790802e+00
2.360721442886e-01,3.451380209690e-04,1.048145238850e-02,1.029081871223e+06,9.918766278736e-01,1.223617182905e+02,1.790232992756e+02,2.907275766396e+02,2.966258110485e+02,2.993636860854e+05,9.940942652406e+04,1.195548992709e+01,9.978473815024e+02,3.478604060352e+02,1.231924335761e+02,3.541433041497e-01,5.939800939249e-01,4.999773049806e-01,6.834960521099e-01,1.001643356913e+00
2.366933867735e-01,3.469261149211e-04,1.050856851121e-02,1.031677860299e+06,9.918747540822e-01,1.215263523583e+02,1.780652508111e+02,2.909643539024e+02,2.966279754961e+02,2.996080700521e+05,9.942088622078e+04,1.197569146187e+01,9.978480293411e+02,3.480100234790e+02,1.223552299092e+02,3.515853614963e-01,5.943309749165e-01,4.999699533557e-01,6.824821339634e-01,1.001661507657e+00
2.373146292585e-01,3.487188287996e-04,1.053568463392e-02,1.034252185136e+06,9.918723711730e-01,1.207005091120e+02,1.771034452617e+02,2.911985858931e+02,2.966302493741e+02,2.998498264162e+05,9.943278340181e+04,1.199571464282e+01,9.978486407716e+02,3.481579190588e+02,1.215274179059e+02,3.490583188066e-01,5.946622887146e-01,4.999628588688e-01,6.815254719277e-01,1.001679246262e+00
2.379358717435e-01,3.505161626043e-04,1.056280075662e-02,1.036804612117e+06,9.918694932812e-01,1.198840620232e+02,1.761383038357e+02,2.914302558373e+02,2.966326294009e+02,3.000889375665e+05,9.944510381571e+04,1.201555847371e+01,9.978492164481e+02,3.483040853689e+02,1.207088768283e+02,3.465617599645e-01,5.949744859512e-01,4.999560208392e-01,6.806245967658e-01,1.001696576641e+00
2.385571142285e-01,3.523181163354e-04,1.058991687933e-02,1.039334921361e+06,9.918661343850e-01,1.190768855328e+02,1.751702393608e+02,2.916593483987e+02,2.966351123615e+02,3.003253873820e+05,9.945783358193e+04,1.203522205394e+01,9.978497570194e+02,3.484485158790e+02,1.198994867332e+02,3.440952716667e-01,5.952680152396e-01,4.999494379680e-01,6.797780602879e-01,1.001713502365e+00
2.391783567134e-01,3.541246899928e-04,1.061703300204e-02,1.041842909528e+06,9.918623082992e-01,1.182788552566e+02,1.741996559287e+02,2.918858498813e+02,2.966376951088e+02,3.005591614563e+05,9.947095920501e+04,1.205470455566e+01,9.978502631278e+02,3.485912052456e+02,1.190991286786e+02,3.416584437196e-01,5.955433223147e-01,4.999431082976e-01,6.789844367148e-01,1.001730026518e+00
2.397995991984e-01,3.559358835765e-04,1.064414912475e-02,1.044328388589e+06,9.918580286683e-01,1.174898483434e+02,1.732269485865e+02,2.921097481322e+02,2.966403745515e+02,3.007902469881e+05,9.948446758300e+04,1.207400524150e+01,9.978507354179e+02,3.487321491362e+02,1.183076850807e+02,3.392508702559e-01,5.958008499852e-01,4.999370303178e-01,6.782423248925e-01,1.001746154026e+00
2.404208416834e-01,3.577516970865e-04,1.067126524746e-02,1.046791183601e+06,9.918533089596e-01,1.167097427745e+02,1.722525030172e+02,2.923310323876e+02,2.966431476588e+02,3.010186325917e+05,9.949834601415e+04,1.209312352712e+01,9.978511745398e+02,3.488713437960e+02,1.175250390275e+02,3.368721481928e-01,5.960410389735e-01,4.999312028021e-01,6.775503445823e-01,1.001761891271e+00
2.410420841683e-01,3.595721305229e-04,1.069838137017e-02,1.049231137325e+06,9.918481624570e-01,1.159384170463e+02,1.712766952624e+02,2.925496936090e+02,2.966460114745e+02,3.012443086686e+05,9.951258220829e+04,1.211205895386e+01,9.978515811439e+02,3.490087865229e+02,1.167510739693e+02,3.345218758886e-01,5.962643270127e-01,4.999256235671e-01,6.769071347892e-01,1.001777243450e+00
2.416633266533e-01,3.613971838856e-04,1.072549749288e-02,1.051648108223e+06,9.918426022561e-01,1.151757506665e+02,1.702998915084e+02,2.927657243078e+02,2.966489631224e+02,3.014672672262e+05,9.952716428916e+04,1.213081117138e+01,9.978519558789e+02,3.491444755584e+02,1.159856742126e+02,3.321996546763e-01,5.964711481799e-01,4.999202901551e-01,6.763113566684e-01,1.001792215915e+00
2.422845691383e-01,3.632268571746e-04,1.075261361559e-02,1.054041969812e+06,9.918366412595e-01,1.144216242955e+02,1.693224479024e+02,2.929791184835e+02,2.966519998123e+02,3.016875018146e+05,9.954208079697e+04,1.214937993186e+01,9.978522993895e+02,3.492784100476e+02,1.152287250631e+02,3.299050893166e-01,5.966619324829e-01,4.999152000236e-01,6.757616944057e-01,1.001806814523e+00
2.429058116232e-01,3.650611503899e-04,1.077972973830e-02,1.056412610733e+06,9.918302921720e-01,1.136759197090e+02,1.683447103985e+02,2.931898716192e+02,2.966551188456e+02,3.019050075219e+05,9.955732069006e+04,1.216776509006e+01,9.978526123149e+02,3.494105900362e+02,1.144801127931e+02,3.276377879139e-01,5.968371055850e-01,4.999103504836e-01,6.752568550562e-01,1.001821045477e+00
2.435270541082e-01,3.669000635315e-04,1.080684586101e-02,1.058759934818e+06,9.918235674964e-01,1.129385197777e+02,1.673670146344e+02,2.933979806761e+02,2.966583176814e+02,3.021197809689e+05,9.957287334491e+04,1.218596660375e+01,9.978528952491e+02,3.495410164652e+02,1.137397246249e+02,3.253973618751e-01,5.969970885641e-01,4.999057386809e-01,6.747955684363e-01,1.001834915231e+00
2.441482965932e-01,3.687435965995e-04,1.083396198372e-02,1.061083860875e+06,9.918164795291e-01,1.122093084842e+02,1.663896858393e+02,2.936034440653e+02,2.966615941801e+02,3.023318202785e+05,9.958872855465e+04,1.220398453398e+01,9.978531485754e+02,3.496696911526e+02,1.130074487518e+02,3.231834259908e-01,5.971422977041e-01,4.999013616731e-01,6.743765872156e-01,1.001848430546e+00
2.447695390782e-01,3.705917495938e-04,1.086107810642e-02,1.063384322542e+06,9.918090403591e-01,1.114881709498e+02,1.654130387699e+02,2.938062616218e+02,2.966649460819e+02,3.025411250513e+05,9.960487652650e+04,1.222181904160e+01,9.978533727782e+02,3.497966167794e+02,1.122831743676e+02,3.209955985320e-01,5.972731442120e-01,4.998972164298e-01,6.739986870372e-01,1.001861598481e+00
2.453907815631e-01,3.724445225144e-04,1.088819422913e-02,1.065661267182e+06,9.918012618646e-01,1.107749933666e+02,1.644373776721e+02,2.940064345063e+02,2.966683711656e+02,3.027476962638e+05,9.962130787746e+04,1.223947037712e+01,9.978535683567e+02,3.499217968246e+02,1.115667916038e+02,3.188335011313e-01,5.973900338429e-01,4.998932995074e-01,6.736606660530e-01,1.001874425657e+00
2.460120240481e-01,3.743019153613e-04,1.091531035184e-02,1.067914657095e+06,9.917931557112e-01,1.100696631362e+02,1.634629962812e+02,2.942039652749e+02,2.966718672911e+02,3.029515363528e+05,9.963801363094e+04,1.225693885996e+01,9.978537358010e+02,3.500452357321e+02,1.108581916699e+02,3.166967590290e-01,5.974933663537e-01,4.998896069698e-01,6.733613456274e-01,1.001886918032e+00
2.466332665331e-01,3.761639281346e-04,1.094242647455e-02,1.070144469064e+06,9.917847333497e-01,1.093720692002e+02,1.624901778541e+02,2.943988578352e+02,2.966754324003e+02,3.031526491647e+05,9.965498521056e+04,1.227422488528e+01,9.978538755920e+02,3.501669388394e+02,1.101572671831e+02,3.145850020799e-01,5.975835354977e-01,4.998861352907e-01,6.730995721995e-01,1.001899082788e+00
2.472545090180e-01,3.780305608341e-04,1.096954259726e-02,1.072350691278e+06,9.917760060138e-01,1.086821015662e+02,1.615191951886e+02,2.945911172241e+02,2.966790645178e+02,3.033510396972e+05,9.967221443148e+04,1.229132897144e+01,9.978539882003e+02,3.502869119398e+02,1.094639117037e+02,3.124978638154e-01,5.976609298083e-01,4.998828812880e-01,6.728742143577e-01,1.001910928163e+00
2.478757515030e-01,3.799018134600e-04,1.099665871997e-02,1.074533326795e+06,9.917669847180e-01,1.079996510374e+02,1.605503106658e+02,2.947807498474e+02,2.966827617522e+02,3.035467143678e+05,9.968969349716e+04,1.230825173615e+01,9.978540740873e+02,3.504051616440e+02,1.087780194722e+02,3.104349803576e-01,5.977259320240e-01,4.998798410583e-01,6.726841610552e-01,1.001922461184e+00
2.484969939880e-01,3.817776860122e-04,1.102377484268e-02,1.076692391659e+06,9.917576802576e-01,1.073246095939e+02,1.595837763340e+02,2.949677633133e+02,2.966865222956e+02,3.037396808423e+05,9.970741498957e+04,1.232499388045e+01,9.978541337047e+02,3.505216952792e+02,1.080994857887e+02,3.083959915878e-01,5.977789186949e-01,4.998770105430e-01,6.725283237397e-01,1.001933688781e+00
2.491182364729e-01,3.836581784908e-04,1.105089096539e-02,1.078827914052e+06,9.917481032073e-01,1.066568705069e+02,1.586198340072e+02,2.951521663541e+02,2.966903444240e+02,3.039299479546e+05,9.972537186014e+04,1.234155618189e+01,9.978541674938e+02,3.506365208393e+02,1.074282071286e+02,3.063805415120e-01,5.978202599842e-01,4.998743856923e-01,6.724056368767e-01,1.001944618095e+00
2.497394789579e-01,3.855432908956e-04,1.107800708810e-02,1.080939934023e+06,9.917382639210e-01,1.059963283167e+02,1.576587153788e+02,2.953339687948e+02,2.966942264969e+02,3.041175256737e+05,9.974355742074e+04,1.235793949236e+01,9.978541758853e+02,3.507496469640e+02,1.067640811245e+02,3.043882782167e-01,5.978503195755e-01,4.998719624187e-01,6.723150576358e-01,1.001955256339e+00
2.503607214429e-01,3.874330232268e-04,1.110512321081e-02,1.083028503194e+06,9.917281725320e-01,1.053428788143e+02,1.567006421495e+02,2.955131815184e+02,2.966981669563e+02,3.043024250682e+05,9.976196533413e+04,1.237414473581e+01,9.978541592990e+02,3.508610829171e+02,1.061070065506e+02,3.024188538335e-01,5.978694545955e-01,4.998697365558e-01,6.722555655756e-01,1.001965610684e+00
2.509819639279e-01,3.893273754843e-04,1.113223933351e-02,1.085093684351e+06,9.917178389525e-01,1.046964190465e+02,1.557458261701e+02,2.956898164219e+02,2.967021643261e+02,3.044846582603e+05,9.978058960387e+04,1.239017290513e+01,9.978541181431e+02,3.509708385574e+02,1.054568833314e+02,3.004719245760e-01,5.978780155326e-01,4.998677038556e-01,6.722261624663e-01,1.001975688224e+00
2.516032064128e-01,3.912263476681e-04,1.115935545622e-02,1.087135550993e+06,9.917072728744e-01,1.040568473327e+02,1.547944695980e+02,2.958638863696e+02,2.967062172107e+02,3.046642383779e+05,9.979942456397e+04,1.240602505871e+01,9.978540528140e+02,3.510789243091e+02,1.048136125609e+02,2.985471508071e-01,5.978763461634e-01,4.998658600071e-01,6.722258721706e-01,1.001985495985e+00
2.522244488978e-01,3.931299397783e-04,1.118647157893e-02,1.089154186931e+06,9.916964837699e-01,1.034240632910e+02,1.538467650643e+02,2.960354051499e+02,2.967103242935e+02,3.048411795096e+05,9.981846486813e+04,1.242170231741e+01,9.978539636956e+02,3.511853511347e+02,1.041770965315e+02,2.966441971311e-01,5.978647834986e-01,4.998642006877e-01,6.722537405828e-01,1.001995041017e+00
2.528456913828e-01,3.950381518147e-04,1.121358770164e-02,1.091149685818e+06,9.916854808919e-01,1.027979678570e+02,1.529028958510e+02,2.962043874283e+02,2.967144843349e+02,3.050154966564e+05,9.983770547882e+04,1.243720586103e+01,9.978538511585e+02,3.512901305041e+02,1.035472387552e+02,2.947627324646e-01,5.978436577329e-01,4.998627215930e-01,6.723088355186e-01,1.002004330423e+00
2.534669338677e-01,3.969509837775e-04,1.124070382435e-02,1.093122150149e+06,9.916742732755e-01,1.021784632116e+02,1.519630360757e+02,2.963708486606e+02,2.967186962177e+02,3.051872056414e+05,9.985714165557e+04,1.245253692062e+01,9.978537155121e+02,3.513932743396e+02,1.029239438955e+02,2.929024298740e-01,5.978132921373e-01,4.998614181774e-01,6.723902460117e-01,1.002013370767e+00
2.540881763527e-01,3.988684356666e-04,1.126781994706e-02,1.095071691936e+06,9.916628697388e-01,1.015654528657e+02,1.510273508930e+02,2.965348051248e+02,2.967229590704e+02,3.053563231522e+05,9.987676894483e+04,1.246769676330e+01,9.978535568405e+02,3.514947951256e+02,1.023071178536e+02,2.910629667133e-01,5.977740028366e-01,4.998602856303e-01,6.724970825823e-01,1.002022167925e+00
2.547094188377e-01,4.007905074821e-04,1.129493606977e-02,1.096998432165e+06,9.916512788866e-01,1.009588418717e+02,1.500959967074e+02,2.966962738703e+02,2.967272718609e+02,3.055228666840e+05,9.989658316847e+04,1.248268669774e+01,9.978533753932e+02,3.515947058362e+02,1.016966679795e+02,2.892440252695e-01,5.977260989507e-01,4.998593195364e-01,6.726284783496e-01,1.002030728544e+00
2.553306613226e-01,4.027171992238e-04,1.132205219248e-02,1.098902498503e+06,9.916395091110e-01,1.003585365026e+02,1.491691213685e+02,2.968552725542e+02,2.967316335871e+02,3.056868543513e+05,9.991658041127e+04,1.249750810301e+01,9.978531714460e+02,3.516930196378e+02,1.010925027581e+02,2.874452920965e-01,5.976698831892e-01,4.998585157282e-01,6.727835867230e-01,1.002039059732e+00
2.559519038076e-01,4.046485108919e-04,1.134916831519e-02,1.100784027382e+06,9.916275685922e-01,9.976444408932e+01,1.482468643738e+02,2.970118195780e+02,2.967360433099e+02,3.058483050435e+05,9.993675701262e+04,1.251216241009e+01,9.978529452712e+02,3.517897501186e+02,1.004945316512e+02,2.856664573579e-01,5.976056515679e-01,4.998578695830e-01,6.729615800696e-01,1.002047167551e+00
2.565731462926e-01,4.065844424863e-04,1.137628443790e-02,1.102643162551e+06,9.916154653015e-01,9.917647326346e+01,1.473293570892e+02,2.971659339613e+02,2.967405001513e+02,3.060072382946e+05,9.995710955418e+04,1.252665109045e+01,9.978526971380e+02,3.518849112106e+02,9.990266533970e+01,2.839072155610e-01,5.975336932683e-01,4.998573764461e-01,6.731616510308e-01,1.002055057865e+00
2.571943887776e-01,4.085249940070e-04,1.140340056060e-02,1.104480054403e+06,9.916032070029e-01,9.859453401316e+01,1.464167229707e+02,2.973176352820e+02,2.967450032924e+02,3.061636742207e+05,9.997763484874e+04,1.254097565090e+01,9.978524273120e+02,3.519785171526e+02,9.931681578088e+01,2.821672657307e-01,5.974542906255e-01,4.998570317325e-01,6.733830126283e-01,1.002062736530e+00
2.578156312625e-01,4.104701654540e-04,1.143051668331e-02,1.106294859664e+06,9.915908012557e-01,9.801853765595e+01,1.455090777858e+02,2.974669436452e+02,2.967495519712e+02,3.063176334887e+05,9.999832992947e+04,1.255513763148e+01,9.978521360558e+02,3.520705824705e+02,9.873689618392e+01,2.804463113364e-01,5.973677191795e-01,4.998568308850e-01,6.736248978241e-01,1.002070209295e+00
2.584368737475e-01,4.124199568274e-04,1.145763280602e-02,1.108087741077e+06,9.915782554170e-01,9.744839681783e+01,1.446065298375e+02,2.976138796504e+02,2.967541454804e+02,3.064691372813e+05,1.000191920393e+05,1.256913860333e+01,9.978518236278e+02,3.521611219568e+02,9.816282099161e+01,2.787440602363e-01,5.972742477327e-01,4.998567693465e-01,6.738865591157e-01,1.002077481731e+00
2.590581162325e-01,4.143743681271e-04,1.148474892873e-02,1.109858867020e+06,9.915655766440e-01,9.688402542835e+01,1.437091801885e+02,2.977584643536e+02,2.967587831648e+02,3.066182072584e+05,1.000402186205e+05,1.258298016598e+01,9.978514902822e+02,3.522501506471e+02,9.759450587769e+01,2.770602246682e-01,5.971741384026e-01,4.998568425618e-01,6.741672682378e-01,1.002084559218e+00
2.596793587174e-01,4.163333993531e-04,1.151186505144e-02,1.111608411104e+06,9.915527718968e-01,9.632533871906e+01,1.428171228869e+02,2.979007192294e+02,2.967634644183e+02,3.067648655171e+05,1.000614073042e+05,1.259666394470e+01,9.978511362679e+02,3.523376837958e+02,9.703186774747e+01,2.753945212506e-01,5.970676466789e-01,4.998570459881e-01,6.744663158865e-01,1.002091446958e+00
2.603006012024e-01,4.182970505054e-04,1.153898117415e-02,1.113336551804e+06,9.915398479414e-01,9.577225321933e+01,1.419304451912e+02,2.980406661339e+02,2.967681886814e+02,3.069091345539e+05,1.000827559005e+05,1.261019158786e+01,9.978507618280e+02,3.524237368540e+02,9.647482473580e+01,2.737466709734e-01,5.969550214871e-01,4.998573751006e-01,6.747830114272e-01,1.002098149976e+00
2.609218436874e-01,4.202653215840e-04,1.156609729686e-02,1.115043472085e+06,9.915268113523e-01,9.522468674935e+01,1.410492277938e+02,2.981783272699e+02,2.967729554379e+02,3.070510372281e+05,1.001042623883e+05,1.262356476443e+01,9.978503671980e+02,3.525083254470e+02,9.592329620217e+01,2.721163991816e-01,5.968365052583e-01,4.998578253948e-01,6.751166825849e-01,1.002104673111e+00
2.615430861723e-01,4.222382125890e-04,1.159321341957e-02,1.116729359057e+06,9.915136685152e-01,9.468255841339e+01,1.401735450444e+02,2.983137251523e+02,2.967777642117e+02,3.071905967266e+05,1.001259249063e+05,1.263678516164e+01,9.978499526050e+02,3.525914653538e+02,9.537720272605e+01,2.705034355563e-01,5.967123340045e-01,4.998583923902e-01,6.754666751374e-01,1.002111021021e+00
2.621643286573e-01,4.242157235203e-04,1.162032954228e-02,1.118394403650e+06,9.915004256308e-01,9.414578859955e+01,1.393034651705e+02,2.984468825775e+02,2.967826145638e+02,3.073278365312e+05,1.001477417429e+05,1.264985448288e+01,9.978495182664e+02,3.526731724873e+02,9.483646610850e+01,2.689075141147e-01,5.965827374022e-01,4.998590716581e-01,6.758323526579e-01,1.002117198232e+00
2.627855711423e-01,4.261978543779e-04,1.164744566499e-02,1.120038800298e+06,9.914870887169e-01,9.361429898143e+01,1.384390504958e+02,2.985778225918e+02,2.967875060888e+02,3.074627803870e+05,1.001697113279e+05,1.266277444555e+01,9.978490643878e+02,3.527534628754e+02,9.430100937572e+01,2.673283732129e-01,5.964479388781e-01,4.998598588549e-01,6.762130962770e-01,1.002123209197e+00
2.634068136273e-01,4.281846051618e-04,1.167456178770e-02,1.121662746361e+06,9.914736636124e-01,9.308801247591e+01,1.375803576560e+02,2.987065684438e+02,2.967924384118e+02,3.075954522521e+05,1.001918322230e+05,1.267554677691e+01,9.978485911620e+02,3.528323526315e+02,9.377075673914e+01,2.657657554354e-01,5.963081556615e-01,4.998607496021e-01,6.766083041351e-01,1.002129058032e+00
2.640280561122e-01,4.301759758721e-04,1.170167791040e-02,1.123266441959e+06,9.914601559803e-01,9.256685321747e+01,1.367274378122e+02,2.988331435619e+02,2.967974111843e+02,3.077258762781e+05,1.002141031137e+05,1.268817320529e+01,9.978480987666e+02,3.529098579712e+02,9.324563357203e+01,2.642194074943e-01,5.961635987540e-01,4.998617393178e-01,6.770173909395e-01,1.002134748158e+00
2.646492985972e-01,4.321719665086e-04,1.172879403311e-02,1.124850090657e+06,9.914465713108e-01,9.205074673001e+01,1.358803368692e+02,2.989575715946e+02,2.968024240814e+02,3.078540768551e+05,1.002365228017e+05,1.270065545756e+01,9.978475873634e+02,3.529859952735e+02,9.272556658036e+01,2.626890806490e-01,5.960144730149e-01,4.998628236881e-01,6.774397889416e-01,1.002140283293e+00
2.652705410822e-01,4.341725770715e-04,1.175591015582e-02,1.126413897086e+06,9.914329149246e-01,9.153961976516e+01,1.350390956762e+02,2.990798762431e+02,2.968074767981e+02,3.079800784223e+05,1.002590901952e+05,1.271299528103e+01,9.978470570946e+02,3.530607808145e+02,9.221048364501e+01,2.611745304372e-01,5.958609776958e-01,4.998639987336e-01,6.778749465611e-01,1.002145667606e+00
2.658917835671e-01,4.361778075607e-04,1.178302627853e-02,1.127958068519e+06,9.914191919757e-01,9.103340012750e+01,1.342037502216e+02,2.992000813702e+02,2.968125690451e+02,3.081039055894e+05,1.002818043035e+05,1.272519443414e+01,9.978465080811e+02,3.531342309243e+02,9.170031365117e+01,2.596755160528e-01,5.957033063967e-01,4.998652602284e-01,6.783223268888e-01,1.002150904496e+00
2.665130260521e-01,4.381876579763e-04,1.181014240124e-02,1.129482814071e+06,9.914054074543e-01,9.053201680002e+01,1.333743318337e+02,2.993182109292e+02,2.968177005172e+02,3.082255830627e+05,1.003046642290e+05,1.273725467935e+01,9.978459403424e+02,3.532063619497e+02,9.119498661349e+01,2.581918007085e-01,5.955416470702e-01,4.998666039657e-01,6.787814083515e-01,1.002155997110e+00
2.671342685371e-01,4.402021283181e-04,1.183725852395e-02,1.130988344244e+06,9.913915661915e-01,9.003539997461e+01,1.325508673762e+02,2.994342889253e+02,2.968228709356e+02,3.083451356065e+05,1.003276691598e+05,1.274917777967e+01,9.978453539408e+02,3.532771902326e+02,9.069443370749e+01,2.567231517205e-01,5.953761820908e-01,4.998680258398e-01,6.792516847067e-01,1.002160948519e+00
2.677555110220e-01,4.422212185863e-04,1.186437464666e-02,1.132474870741e+06,9.913776728622e-01,8.954348103027e+01,1.317333794377e+02,2.995483393998e+02,2.968280800607e+02,3.084625880253e+05,1.003508183631e+05,1.276096549699e+01,9.978447489924e+02,3.533467321004e+02,9.019858724956e+01,2.552693404390e-01,5.952070883517e-01,4.998695218176e-01,6.797326646632e-01,1.002165761679e+00
2.683767535070e-01,4.442449287808e-04,1.189149076937e-02,1.133942606275e+06,9.913637319885e-01,8.905619251105e+01,1.309218865170e+02,2.996603864110e+02,2.968333276764e+02,3.085779651449e+05,1.003741111786e+05,1.277261959107e+01,9.978441256169e+02,3.534150038537e+02,8.970738067657e+01,2.538301421795e-01,5.950345373808e-01,4.998710879270e-01,6.802238715028e-01,1.002170439404e+00
2.689979959920e-01,4.462732589016e-04,1.191860689208e-02,1.135391764354e+06,9.913497479427e-01,8.857346810951e+01,1.301164032040e+02,2.997704540154e+02,2.968386135881e+02,3.086912917921e+05,1.003975470127e+05,1.278414181825e+01,9.978434839373e+02,3.534820217553e+02,8.922074853087e+01,2.524053361691e-01,5.948586954510e-01,4.998727202558e-01,6.807248427442e-01,1.002174984355e+00
2.696192384770e-01,4.483062089488e-04,1.194572301479e-02,1.136822559078e+06,9.913357249510e-01,8.809524265320e+01,1.293169403563e+02,2.998785662478e+02,2.968439376210e+02,3.088025927750e+05,1.004211253320e+05,1.279553393019e+01,9.978428240805e+02,3.535478020187e+02,8.873862644831e+01,2.509947055013e-01,5.946797236899e-01,4.998744149548e-01,6.812351298329e-01,1.002179399050e+00
2.702404809619e-01,4.503437789222e-04,1.197283913749e-02,1.138235204929e+06,9.913216670968e-01,8.762145209076e+01,1.285235052704e+02,2.999847471039e+02,2.968492996335e+02,3.089118928637e+05,1.004448456581e+05,1.280679767265e+01,9.978421462380e+02,3.536123607970e+02,8.826095114569e+01,2.495980370900e-01,5.944977781873e-01,4.998761682412e-01,6.817542978338e-01,1.002183685875e+00
2.708617234469e-01,4.523859688220e-04,1.199995526020e-02,1.139629916588e+06,9.913075783244e-01,8.715203347720e+01,1.277361018489e+02,3.000890205226e+02,2.968546995113e+02,3.090192167730e+05,1.004687075619e+05,1.281793478435e+01,9.978414506536e+02,3.536757141733e+02,8.778766040740e+01,2.482151216195e-01,5.943130101039e-01,4.998779763990e-01,6.822819251231e-01,1.002187847092e+00
2.714829659319e-01,4.544327786481e-04,1.202707138291e-02,1.141006908757e+06,9.912934624406e-01,8.668692495872e+01,1.269547307617e+02,3.001914103706e+02,2.968601371293e+02,3.091245891457e+05,1.004927106587e+05,1.282894699595e+01,9.978407374900e+02,3.537378781511e+02,8.731869307181e+01,2.468457534946e-01,5.941255657812e-01,4.998798357825e-01,6.828176030829e-01,1.002191884838e+00
2.721042084168e-01,4.564842084006e-04,1.205418750562e-02,1.142366395985e+06,9.912793231192e-01,8.622606575759e+01,1.261793896033e+02,3.002919404271e+02,2.968656123704e+02,3.092280345371e+05,1.005168546035e+05,1.283983602906e+01,9.978400069009e+02,3.537988686455e+02,8.685398901727e+01,2.454897307891e-01,5.939355868519e-01,4.998817428180e-01,6.833609357970e-01,1.002195801136e+00
2.727254509018e-01,4.585402580793e-04,1.208130362833e-02,1.143708592515e+06,9.912651639037e-01,8.576939615669e+01,1.254100730455e+02,3.003906343700e+02,2.968711251234e+02,3.093295774001e+05,1.005411390859e+05,1.285060359530e+01,9.978392590321e+02,3.538587014751e+02,8.639348914807e+01,2.441468551937e-01,5.937432103483e-01,4.998836940054e-01,6.839115397497e-01,1.002199597899e+00
2.733466933868e-01,4.606009276844e-04,1.210841975104e-02,1.145033712128e+06,9.912509882107e-01,8.531685748417e+01,1.246467729851e+02,3.004875157625e+02,2.968766752828e+02,3.094292420719e+05,1.005655638264e+05,1.286125139544e+01,9.978384940225e+02,3.539173923545e+02,8.593713538025e+01,2.428169319641e-01,5.935485688121e-01,4.998856859199e-01,6.844690435299e-01,1.002203276933e+00
2.739679358717e-01,4.626662172158e-04,1.213553587375e-02,1.146341968004e+06,9.912367993333e-01,8.486839209783e+01,1.238894786863e+02,3.005826080408e+02,2.968822627471e+02,3.095270527608e+05,1.005901285718e+05,1.287178111861e+01,9.978377120047e+02,3.539749568869e+02,8.548487062723e+01,2.414997698680e-01,5.933517904018e-01,4.998877152131e-01,6.850330875370e-01,1.002206839950e+00
2.745891783567e-01,4.647361266735e-04,1.216265199646e-02,1.147633572582e+06,9.912226004438e-01,8.442394336938e+01,1.231381769197e+02,3.006759345028e+02,2.968878874180e+02,3.096230335346e+05,1.006148330913e+05,1.288219444156e+01,9.978369131058e+02,3.540314105583e+02,8.503663878526e+01,2.401951811314e-01,5.931529990000e-01,4.998897786142e-01,6.856033236911e-01,1.002210288567e+00
2.752104208417e-01,4.668106560575e-04,1.218976811917e-02,1.148908737439e+06,9.912083945972e-01,8.398345566838e+01,1.223928520951e+02,3.007675182969e+02,2.968935491999e+02,3.097172083089e+05,1.006396771732e+05,1.289249302788e+01,9.978360974476e+02,3.540867687303e+02,8.459238471848e+01,2.389029813845e-01,5.929523143201e-01,4.998918729295e-01,6.861794151437e-01,1.002213624311e+00
2.758316633267e-01,4.688898053679e-04,1.221688424188e-02,1.150167673170e+06,9.911941847343e-01,8.354687434779e+01,1.216534863911e+02,3.008573824126e+02,2.968992479988e+02,3.098096008371e+05,1.006646606209e+05,1.290267852749e+01,9.978352651476e+02,3.541410466356e+02,8.415205424558e+01,2.376229896112e-01,5.927498520115e-01,4.998939950474e-01,6.867610360071e-01,1.002216848637e+00
2.764529058116e-01,4.709735746045e-04,1.224400036458e-02,1.151410589295e+06,9.911799736840e-01,8.311414573357e+01,1.209200598790e+02,3.009455496723e+02,2.969049837219e+02,3.099002347018e+05,1.006897832502e+05,1.291275257610e+01,9.978344163191e+02,3.541942593729e+02,8.371559413037e+01,2.363550281097e-01,5.925457237667e-01,4.998961419579e-01,6.873478711204e-01,1.002219962970e+00
2.770741482966e-01,4.730619637675e-04,1.227111648729e-02,1.152637694133e+06,9.911657641675e-01,8.268521710879e+01,1.201925506431e+02,3.010320427215e+02,2.969107562770e+02,3.099891333051e+05,1.007150448854e+05,1.292271679450e+01,9.978335510718e+02,3.542464219021e+02,8.328295206692e+01,2.350989224386e-01,5.923400374210e-01,4.998983107504e-01,6.879396157781e-01,1.002222968700e+00
2.776953907816e-01,4.751549728569e-04,1.229823261000e-02,1.153849194493e+06,9.911515588001e-01,8.226003666591e+01,1.194709348952e+02,3.011168840063e+02,2.969165655719e+02,3.100763198451e+05,1.007404453573e+05,1.293257278627e+01,9.978326695120e+02,3.542975490305e+02,8.285407663341e+01,2.338545012804e-01,5.921328970231e-01,4.999004984862e-01,6.885359751980e-01,1.002225866921e+00
2.783166332665e-01,4.772526018725e-04,1.232534873271e-02,1.155045296188e+06,9.911373600950e-01,8.183855354516e+01,1.187551870888e+02,3.012000958062e+02,2.969224115142e+02,3.101618173531e+05,1.007659845000e+05,1.294232213358e+01,9.978317717433e+02,3.543476554681e+02,8.242891733065e+01,2.326215964990e-01,5.919244028689e-01,4.999027022877e-01,6.891366646914e-01,1.002228658620e+00
2.789378757515e-01,4.793548508145e-04,1.235246485542e-02,1.156226203389e+06,9.911231704660e-01,8.142071784149e+01,1.180452800266e+02,3.012817001901e+02,2.969282940110e+02,3.102456486430e+05,1.007916621483e+05,1.295196640387e+01,9.978308578666e+02,3.543967557552e+02,8.200742458957e+01,2.314000431940e-01,5.917146517300e-01,4.999049195427e-01,6.897414095944e-01,1.002231345116e+00
2.795591182365e-01,4.814617196828e-04,1.237958097813e-02,1.157392118586e+06,9.911089922296e-01,8.100648049668e+01,1.173411849606e+02,3.013617190173e+02,2.969342129683e+02,3.103278363112e+05,1.008174781356e+05,1.296150715348e+01,9.978299279805e+02,3.544448642484e+02,8.158954966567e+01,2.301896793982e-01,5.915037370220e-01,4.999071477023e-01,6.903499442575e-01,1.002233927646e+00
2.801803607214e-01,4.835732084774e-04,1.240669710084e-02,1.158543242861e+06,9.910948276083e-01,8.059579328249e+01,1.166428716900e+02,3.014401739539e+02,2.969401682912e+02,3.104084027558e+05,1.008434322916e+05,1.297094592335e+01,9.978289821816e+02,3.544919951586e+02,8.117524462310e+01,2.289903459930e-01,5.912917488275e-01,4.999093842017e-01,6.909620117783e-01,1.002236407199e+00
2.808016032064e-01,4.856893171983e-04,1.243381322355e-02,1.159679775608e+06,9.910806787333e-01,8.018860883259e+01,1.159503086564e+02,3.015170864508e+02,2.969461598837e+02,3.104873701543e+05,1.008695244402e+05,1.298028423709e+01,9.978280205648e+02,3.545381625371e+02,8.076446236673e+01,2.278018867948e-01,5.910787739603e-01,4.999116265699e-01,6.915773641467e-01,1.002238784747e+00
2.814228456914e-01,4.878100458455e-04,1.246092934626e-02,1.160801914444e+06,9.910665476469e-01,7.978488063206e+01,1.152634630359e+02,3.015924777382e+02,2.969521876483e+02,3.105647604573e+05,1.008957543976e+05,1.298952360047e+01,9.978270432231e+02,3.545833802734e+02,8.035715663239e+01,2.266241485160e-01,5.908648960532e-01,4.999138724399e-01,6.921957620450e-01,1.002241061275e+00
2.820440881764e-01,4.899353944191e-04,1.248804546897e-02,1.161909855186e+06,9.910524363053e-01,7.938456299563e+01,1.145823008255e+02,3.016663688247e+02,2.969582514864e+02,3.106405953880e+05,1.009221219707e+05,1.299866550135e+01,9.978260502482e+02,3.546276620949e+02,7.995328196604e+01,2.254569806927e-01,5.906501956529e-01,4.999161195329e-01,6.928169745564e-01,1.002243237749e+00
2.826653306613e-01,4.920653629190e-04,1.251516159167e-02,1.163003791810e+06,9.910383465810e-01,7.898761104970e+01,1.139067869272e+02,3.017387804949e+02,2.969643512979e+02,3.107148964393e+05,1.009486269549e+05,1.300771140964e+01,9.978250417305e+02,3.546710215658e+02,7.955279370662e+01,2.243002356251e-01,5.904347503105e-01,4.999183656502e-01,6.934407789080e-01,1.002245315108e+00
2.832865731463e-01,4.941999513452e-04,1.254227771438e-02,1.164083916410e+06,9.910242802654e-01,7.859398071785e+01,1.132368852277e+02,3.018097333065e+02,2.969704869816e+02,3.107876848711e+05,1.009752691333e+05,1.301666277708e+01,9.978240177591e+02,3.547134720866e+02,7.915564797228e+01,2.231537683264e-01,5.902186346699e-01,4.999206086746e-01,6.940669602474e-01,1.002247294272e+00
2.839078156313e-01,4.963391596977e-04,1.256939383709e-02,1.165150419156e+06,9.910102390710e-01,7.820362870732e+01,1.125725586752e+02,3.018792475880e+02,2.969766584456e+02,3.108589817075e+05,1.010020482747e+05,1.302552103719e+01,9.978229784047e+02,3.547550268923e+02,7.876180164761e+01,2.220174364760e-01,5.900019205554e-01,4.999228465766e-01,6.946953114298e-01,1.002249176150e+00
2.845290581162e-01,4.984829879766e-04,1.259650995980e-02,1.166203488241e+06,9.909962246340e-01,7.781651249290e+01,1.119137693532e+02,3.019473434360e+02,2.969828656369e+02,3.109288077341e+05,1.010289641325e+05,1.303428760523e+01,9.978219236797e+02,3.547956990516e+02,7.837121236827e+01,2.208911003650e-01,5.897846770613e-01,4.999250774129e-01,6.953256327850e-01,1.002250961637e+00
2.851503006012e-01,5.006314361818e-04,1.262362608251e-02,1.167243309871e+06,9.909822385171e-01,7.743259030217e+01,1.112604785507e+02,3.020140407146e+02,2.969891084515e+02,3.109971834976e+05,1.010560164435e+05,1.304296387790e+01,9.978208536825e+02,3.548355014678e+02,7.798383850682e+01,2.197746228442e-01,5.895669706262e-01,4.999272993172e-01,6.959577318990e-01,1.002252651612e+00
2.857715430862e-01,5.027845043133e-04,1.265074220522e-02,1.168270068223e+06,9.909682822117e-01,7.705182110322e+01,1.106126468289e+02,3.020793590535e+02,2.969953867750e+02,3.110641293033e+05,1.010832049268e+05,1.305155123323e+01,9.978197685235e+02,3.548744468777e+02,7.759963916120e+01,2.186678692815e-01,5.893488651118e-01,4.999295105029e-01,6.965914234237e-01,1.002254246960e+00
2.863927855711e-01,5.049421923711e-04,1.267785832793e-02,1.169283945421e+06,9.909543571397e-01,7.667416459058e+01,1.099702340852e+02,3.021433178472e+02,2.970017004899e+02,3.111296652146e+05,1.011105292829e+05,1.306005103052e+01,9.978186683122e+02,3.549125478514e+02,7.721857414118e+01,2.175707075127e-01,5.891304218814e-01,4.999317092639e-01,6.972265288732e-01,1.002255748570e+00
2.870140280561e-01,5.071045003552e-04,1.270497445064e-02,1.170285121514e+06,9.909404646558e-01,7.629958117081e+01,1.093331996137e+02,3.022059362543e+02,2.970080494754e+02,3.111938110523e+05,1.011379891931e+05,1.306846461034e+01,9.978175531570e+02,3.549498167927e+02,7.684060395469e+01,2.164830077925e-01,5.889116998791e-01,4.999338939745e-01,6.978628764218e-01,1.002257157333e+00
2.876352705411e-01,5.092714282657e-04,1.273209057335e-02,1.171273774461e+06,9.909266060501e-01,7.592803194871e+01,1.087015021639e+02,3.022672331976e+02,2.970144336072e+02,3.112565863941e+05,1.011655843181e+05,1.307679329451e+01,9.978164231651e+02,3.549862659392e+02,7.646568979452e+01,2.154046427464e-01,5.886927557099e-01,4.999360630928e-01,6.985003007066e-01,1.002258474132e+00
2.882565130261e-01,5.114429761025e-04,1.275920669606e-02,1.172250080114e+06,9.909127825499e-01,7.555947871381e+01,1.080750999963e+02,3.023272273636e+02,2.970208527576e+02,3.113180105748e+05,1.011933142976e+05,1.308503838609e+01,9.978152784421e+02,3.550219073632e+02,7.609379352543e+01,2.143354873241e-01,5.884736437194e-01,4.999382151653e-01,6.991386426327e-01,1.002259699839e+00
2.888777555110e-01,5.136191438656e-04,1.278632281877e-02,1.173214212201e+06,9.908989953224e-01,7.519388392702e+01,1.074539509371e+02,3.023859372033e+02,2.970273067951e+02,3.113781026866e+05,1.012211787499e+05,1.309320116939e+01,9.978141190926e+02,3.550567529725e+02,7.572487767137e+01,2.132754187532e-01,5.882544160680e-01,4.999403488250e-01,6.997777491776e-01,1.002260835316e+00
2.894989979960e-01,5.157999315550e-04,1.281343894147e-02,1.174166342324e+06,9.908852454759e-01,7.483121070739e+01,1.068380124294e+02,3.024433809328e+02,2.970337955846e+02,3.114368815794e+05,1.012491772709e+05,1.310128291002e+01,9.978129452196e+02,3.550908145105e+02,7.535890540283e+01,2.122243164941e-01,5.880351227874e-01,4.999424627729e-01,7.004174731991e-01,1.002261881448e+00
2.901202404810e-01,5.179853391708e-04,1.284055506418e-02,1.175106639945e+06,9.908715340604e-01,7.447142281913e+01,1.062272415800e+02,3.024995765335e+02,2.970403189870e+02,3.114943658621e+05,1.012773094338e+05,1.310928485492e+01,9.978117569248e+02,3.551241035577e+02,7.499584052446e+01,2.111820621950e-01,5.878158118086e-01,4.999445557373e-01,7.010576732622e-01,1.002262839224e+00
2.907414829659e-01,5.201753667128e-04,1.286767118689e-02,1.176035272387e+06,9.908578620672e-01,7.411448465883e+01,1.056215951993e+02,3.025545417532e+02,2.970468768593e+02,3.115505739026e+05,1.013055747889e+05,1.311720823247e+01,9.978105543090e+02,3.551566315317e+02,7.463564746281e+01,2.101485396484e-01,5.875965289736e-01,4.999466264300e-01,7.016982135042e-01,1.002263709825e+00
2.913627254509e-01,5.223700141812e-04,1.289478730960e-02,1.176952404832e+06,9.908442304303e-01,7.376036124291e+01,1.050210298326e+02,3.026082941061e+02,2.970534690541e+02,3.116055238278e+05,1.013339728634e+05,1.312505425264e+01,9.978093374718e+02,3.551884096873e+02,7.427829125414e+01,2.091236347479e-01,5.873773180860e-01,4.999486735586e-01,7.023389635437e-01,1.002264494604e+00
2.919839679359e-01,5.245692815759e-04,1.292190343231e-02,1.177858200324e+06,9.908306400332e-01,7.340901819546e+01,1.044255017905e+02,3.026608508725e+02,2.970600954199e+02,3.116592335240e+05,1.013625031609e+05,1.313282410717e+01,9.978081065123e+02,3.552194491188e+02,7.392373753222e+01,2.081072354445e-01,5.871582211015e-01,4.999506959823e-01,7.029797983897e-01,1.002265194783e+00
2.926052104208e-01,5.267731688970e-04,1.294901955502e-02,1.178752819768e+06,9.908170917228e-01,7.306042173632e+01,1.038349671978e+02,3.027122290994e+02,2.970667558007e+02,3.117117206369e+05,1.013911651611e+05,1.314051896966e+01,9.978068615296e+02,3.552497607624e+02,7.357195251614e+01,2.070992317018e-01,5.869392785358e-01,4.999526930485e-01,7.036205982245e-01,1.002265810798e+00
2.932264529058e-01,5.289816761443e-04,1.297613567773e-02,1.179636421917e+06,9.908035863303e-01,7.271453866898e+01,1.032493820820e+02,3.027624456043e+02,2.970734500403e+02,3.117630025757e+05,1.014199583180e+05,1.314813999542e+01,9.978056026894e+02,3.552793554033e+02,7.322290299837e+01,2.060995154510e-01,5.867205299798e-01,4.999546649340e-01,7.042612478904e-01,1.002266341606e+00
2.938476953908e-01,5.311948033180e-04,1.300325180044e-02,1.180509163350e+06,9.907901246747e-01,7.237133636782e+01,1.026687025067e+02,3.028115169851e+02,2.970801779726e+02,3.118130965232e+05,1.014488820580e+05,1.315568832094e+01,9.978043301559e+02,3.553082436815e+02,7.287655633406e+01,2.051079805494e-01,5.865020142369e-01,4.999566124796e-01,7.049016360471e-01,1.002266784953e+00
2.944689378758e-01,5.334125504180e-04,1.303036792315e-02,1.181371198468e+06,9.907767075231e-01,7.203078276492e+01,1.020928846872e+02,3.028594596355e+02,2.970869394201e+02,3.118620194530e+05,1.014779357791e+05,1.316316506327e+01,9.978030440495e+02,3.553364360941e+02,7.253288043233e+01,2.041245227470e-01,5.862837682493e-01,4.999585358057e-01,7.055416544023e-01,1.002267140027e+00
2.950901803607e-01,5.356349174443e-04,1.305748404586e-02,1.182222679533e+06,9.907633354822e-01,7.169284633703e+01,1.015218849339e+02,3.029062897614e+02,2.970937341993e+02,3.119097881457e+05,1.015071188545e+05,1.317057131982e+01,9.978017444902e+02,3.553639429825e+02,7.219184374921e+01,2.031490396671e-01,5.860658242312e-01,4.999604314950e-01,7.061811981103e-01,1.002267412944e+00
2.957114228457e-01,5.378619043970e-04,1.308460016856e-02,1.183063756803e+06,9.907500088582e-01,7.135749609570e+01,1.009556592312e+02,3.029520233755e+02,2.971005621233e+02,3.119564191836e+05,1.015364306457e+05,1.317790817029e+01,9.978004315968e+02,3.553907745024e+02,7.185341527920e+01,2.021814307921e-01,5.858482060287e-01,4.999622898977e-01,7.068201687660e-01,1.002267622153e+00
2.963326653307e-01,5.400935112759e-04,1.311171629127e-02,1.183894578750e+06,9.907367276387e-01,7.102470158380e+01,1.003941624420e+02,3.029966762416e+02,2.971074230072e+02,3.120019288906e+05,1.015658705220e+05,1.318517668167e+01,9.977991054860e+02,3.554169405885e+02,7.151756453873e+01,2.012215974295e-01,5.856309287743e-01,4.999640968256e-01,7.074584802164e-01,1.002267795491e+00
2.969539078156e-01,5.423297380812e-04,1.313883241398e-02,1.184715292195e+06,9.907234918498e-01,7.069443287814e+01,9.983734766638e+01,3.030402637443e+02,2.971143166702e+02,3.120463331946e+05,1.015954378714e+05,1.319237791574e+01,9.977977662715e+02,3.554424509505e+02,7.118426153482e+01,2.002694426185e-01,5.854140085251e-01,4.999658452291e-01,7.080960635530e-01,1.002267947880e+00
2.975751503006e-01,5.445705848128e-04,1.316594853669e-02,1.185526042039e+06,9.907103024581e-01,7.036666058880e+01,9.928516705319e+01,3.030828007201e+02,2.971212429273e+02,3.120896474487e+05,1.016251320644e+05,1.319951293369e+01,9.977964140659e+02,3.554673151527e+02,7.085347672247e+01,1.993248709576e-01,5.851974861148e-01,4.999675578914e-01,7.087328618896e-01,1.002268037224e+00
2.981963927856e-01,5.468160514707e-04,1.319306465940e-02,1.186326970240e+06,9.906971624885e-01,7.004135583316e+01,9.873757563006e+01,3.031243013989e+02,2.971282015588e+02,3.121318863715e+05,1.016549523257e+05,1.320658278755e+01,9.977950489882e+02,3.554915427987e+02,7.052518097750e+01,1.983877884190e-01,5.849814563026e-01,4.999693077533e-01,7.093688029730e-01,1.002267923906e+00
2.988176352705e-01,5.490661380550e-04,1.322018078211e-02,1.187118214164e+06,9.906840771265e-01,6.971849016131e+01,9.819453816931e+01,3.031647797570e+02,2.971351922603e+02,3.121730644245e+05,1.016848975226e+05,1.321358848609e+01,9.977936711753e+02,3.555151437500e+02,7.019934563822e+01,1.974581023406e-01,5.847660694957e-01,4.999712017469e-01,7.100037482849e-01,1.002267399780e+00
2.994388777555e-01,5.513208445656e-04,1.324729690482e-02,1.187899905587e+06,9.906710508348e-01,6.939803544241e+01,9.765603461761e+01,3.032042506147e+02,2.971422146110e+02,3.122131969756e+05,1.017149660333e+05,1.322053093472e+01,9.977922807890e+02,3.555381281875e+02,6.987594266508e+01,1.965357218403e-01,5.845514545254e-01,4.999732863062e-01,7.106374502523e-01,1.002266368582e+00
3.000601202405e-01,5.535801710024e-04,1.327441302753e-02,1.188672173061e+06,9.906580803254e-01,6.907996380736e+01,9.712205336115e+01,3.032427314798e+02,2.971492681561e+02,3.122523022456e+05,1.017451560908e+05,1.322741087913e+01,9.977908779974e+02,3.555605063021e+02,6.955494488984e+01,1.956205586870e-01,5.843375333154e-01,4.999753727181e-01,7.112695975494e-01,1.002265183918e+00
3.006813627255e-01,5.558441173657e-04,1.330152915024e-02,1.189435150499e+06,9.906451461318e-01,6.876424784021e+01,9.659255952626e+01,3.032802441623e+02,2.971563527191e+02,3.122904029995e+05,1.017754670963e+05,1.323422892843e+01,9.977894629004e+02,3.555822876081e+02,6.923632614835e+01,1.947125280454e-01,5.841238016574e-01,4.999768938356e-01,7.119000487974e-01,1.002264932576e+00
3.013026052104e-01,5.581126836552e-04,1.332864527295e-02,1.190188990813e+06,9.906322122704e-01,6.845086113286e+01,9.606743850177e+01,3.033168135753e+02,2.971634689391e+02,3.123275252486e+05,1.018059018774e+05,1.324098576048e+01,9.977880354027e+02,3.556034802601e+02,6.892006084644e+01,1.938115476148e-01,5.839093267223e-01,4.999770525195e-01,7.125292627804e-01,1.002267160417e+00
3.019238476954e-01,5.603858698711e-04,1.335576139565e-02,1.190933873308e+06,9.906192482931e-01,6.813977882782e+01,9.554645182134e+01,3.033524597753e+02,2.971706186396e+02,3.123636898091e+05,1.018364682337e+05,1.324768256121e+01,9.977865951252e+02,3.556240908482e+02,6.860612240836e+01,1.929175333559e-01,5.836933343977e-01,4.999755494025e-01,7.131586524556e-01,1.002272477340e+00
3.025450901804e-01,5.626636760132e-04,1.338287751836e-02,1.191669982535e+06,9.906062807540e-01,6.783097723981e+01,9.502929361003e+01,3.033871805441e+02,2.971778040293e+02,3.123988939085e+05,1.018671755798e+05,1.325432157167e+01,9.977851415937e+02,3.556441243364e+02,6.829448088069e+01,1.920303927645e-01,5.834765625050e-01,4.999738338749e-01,7.137901868257e-01,1.002278137726e+00
3.031663326653e-01,5.649461020817e-04,1.340999364107e-02,1.192397443050e+06,9.905934518172e-01,6.752443262859e+01,9.451585207479e+01,3.034209294032e+02,2.971850244602e+02,3.124330880494e+05,1.018980213358e+05,1.326090635117e+01,9.977836750150e+02,3.556635823940e+02,6.798510293339e+01,1.911500257512e-01,5.832627851495e-01,4.999759795632e-01,7.144244181934e-01,1.002276346405e+00
3.037875751503e-01,5.672331480765e-04,1.343710976378e-02,1.193116233223e+06,9.905810166033e-01,6.722012124944e+01,9.400667348385e+01,3.034536095823e+02,2.971922707164e+02,3.124661698031e+05,1.019289669842e+05,1.326744109318e+01,9.977821976598e+02,3.556824585343e+02,6.767796026578e+01,1.902763508346e-01,5.830587127776e-01,4.999873318129e-01,7.150569077522e-01,1.002256916710e+00
3.044088176353e-01,5.695248139977e-04,1.346422588649e-02,1.193826128635e+06,9.905691860450e-01,6.691801596535e+01,9.350332335255e+01,3.034851200053e+02,2.971995209281e+02,3.124980326078e+05,1.019599209420e+05,1.327392793298e+01,9.977807148561e+02,3.557007330755e+02,6.737304168694e+01,1.894093416801e-01,5.828698370407e-01,5.000092077852e-01,7.156752676377e-01,1.002217483347e+00
3.050300601202e-01,5.718210998451e-04,1.349134200920e-02,1.194526682264e+06,9.905577882907e-01,6.661805463406e+01,9.300792029272e+01,3.035154849175e+02,2.972067486614e+02,3.125287030306e+05,1.019907723468e+05,1.328036089756e+01,9.977792329712e+02,3.557183820816e+02,6.707033313467e+01,1.885489660169e-01,5.826915267438e-01,5.000308044438e-01,7.162621680433e-01,1.002178444035e+00
3.056513026052e-01,5.741220056189e-04,1.351845813191e-02,1.195217431496e+06,9.905459280618e-01,6.632010137001e+01,9.252098486752e+01,3.035450686277e+02,2.972139568308e+02,3.125585676613e+05,1.020215329490e+05,1.328671853852e+01,9.977777510662e+02,3.557354389868e+02,6.676976102179e+01,1.876949938189e-01,5.825001030706e-01,5.000256555181e-01,7.168114505587e-01,1.002188555482e+00
3.062725450902e-01,5.764275313190e-04,1.354557425462e-02,1.195899598120e+06,9.905320888634e-01,6.602417676107e+01,9.203764342396e+01,3.035748465551e+02,2.972212379526e+02,3.125886564809e+05,1.020525904612e+05,1.329297062276e+01,9.977762466531e+02,3.557521852050e+02,6.647134599713e+01,1.868473301403e-01,5.822557248850e-01,4.999659015684e-01,7.173605744872e-01,1.002300434656e+00
3.068937875752e-01,5.787376769455e-04,1.357269037733e-02,1.196580452087e+06,9.905151512166e-01,6.573124337750e+01,9.154472642903e+01,3.036065492284e+02,2.972288176287e+02,3.126207861549e+05,1.020848943107e+05,1.329912014636e+01,9.977746668051e+02,3.557694567039e+02,6.617586666630e+01,1.860077233144e-01,5.819296670891e-01,4.998616517115e-01,7.180232651463e-01,1.002507930447e+00
3.075150300601e-01,5.810524424982e-04,1.359980650004e-02,1.197270924744e+06,9.904961886035e-01,6.544278210102e+01,9.102457102629e+01,3.036416479734e+02,2.972369690307e+02,3.126564913202e+05,1.021195960926e+05,1.330522237274e+01,9.977729483307e+02,3.557883944190e+02,6.588440934751e+01,1.851786353377e-01,5.815510780649e-01,4.997976745677e-01,7.189573250735e-01,1.002669489484e+00
3.081362725451e-01,5.833718279773e-04,1.362692262274e-02,1.197948226349e+06,9.904795675844e-01,6.515420599484e+01,9.047224539023e+01,3.036768817256e+02,2.972456514095e+02,3.126923676912e+05,1.021565043714e+05,1.331117050719e+01,9.977710909404e+02,3.558078916513e+02,6.559213934776e+01,1.843470616780e-01,5.812309618555e-01,4.998855983661e-01,7.201568360972e-01,1.002487697285e+00
3.087575150301e-01,5.856958333827e-04,1.365403874545e-02,1.198508634580e+06,9.904707824979e-01,6.484846379510e+01,8.992668616476e+01,3.036982042414e+02,2.972538705745e+02,3.127137633178e+05,1.021913685931e+05,1.331644390809e+01,9.977692954776e+02,3.558204000472e+02,6.528268527061e+01,1.834708894205e-01,5.811011451407e-01,5.000884542883e-01,7.211259144620e-01,1.001739807023e+00
3.093787575150e-01,5.880244587144e-04,1.368115486816e-02,1.198937411608e+06,9.904702927468e-01,6.454172495985e+01,8.949689808409e+01,3.036907784070e+02,2.972592563198e+02,3.127050017096e+05,1.022142710977e+05,1.332154855058e+01,9.977681463969e+02,3.558170450330e+02,6.497380943391e+01,1.826045445009e-01,5.811820868462e-01,5.001839516014e-01,7.211615859491e-01,1.001157423527e+00
3.100000000000e-01,5.903577039724e-04,1.370827099087e-02,1.200000000000e+06,9.904702927468e-01,6.437148591113e+01,8.932665903537e+01,3.036928861592e+02,2.972590202591e+02,3.127050017096e+05,1.022142710977e+05,1.333327418742e+01,9.977686851034e+02,3.558208085074e+02,6.480349603632e+01,1.821239637675e-01,5.813960950944e-01,5.002194815372e-01,7.206301747571e-01,1.003289880487e+00
