x,A,r,p,alpha_g,u_g,u_l,T_g,T_l,h_g,h_l,rho_g,rho_l,a_mix,u_mix,Ma_mix,quality_static,quality_flow,slip,mdot
0.000000000000e+00,3.525652355491e-03,3.350000000000e-02,1.196915613328e+07,1.002502905806e-03,9.344805528148e+00,9.344805528148e+00,5.975427074557e+02,5.789329321266e+02,2.685402635930e+06,1.374073950489e+06,6.992731848063e+01,7.064001539067e+02,8.882288074817e+02,9.344805528148e+00,1.052071881641e-02,9.932857142661e-05,9.932857142661e-05,1.000000000000e+00,2.325241577420e+01
2.003338898164e-03,3.530872742832e-03,3.352479233195e-02,1.196455756013e+07,1.001684376526e-03,9.358345813829e+00,9.344804186036e+00,5.975945004783e+02,5.789307736281e+02,2.686218054996e+06,1.374067472389e+06,6.983003394671e+01,7.063945137259e+02,8.882103270181e+02,9.344807548758e+00,1.052093998967e-02,9.911012742921e-05,9.925373442405e-05,1.001449107710e+00,2.328667338332e+01
4.006677796327e-03,3.530854870169e-03,3.352470748351e-02,1.197010761262e+07,9.986917032501e-04,9.372069155498e+00,9.346762483676e+00,5.976299747196e+02,5.789334006683e+02,2.686097357335e+06,1.374075417659e+06,6.987342013731e+01,7.064012694220e+02,8.882977393630e+02,9.346768752352e+00,1.052211250594e-02,9.887419775906e-05,9.914187641338e-05,1.002707533423e+00,2.329172536127e+01
6.010016694491e-03,3.520364445529e-03,3.347486827430e-02,1.197288432190e+07,9.959087652243e-04,9.416791488546e+00,9.375993436645e+00,5.976477177374e+02,5.789347276272e+02,2.686036950415e+06,1.374079466067e+06,6.989513296123e+01,7.064046193474e+02,8.883610344699e+02,9.376003517044e+00,1.055427146536e-02,9.862859734004e-05,9.905772051153e-05,1.004351331107e+00,2.329532321204e+01
8.013355592654e-03,3.494233334499e-03,3.335039752393e-02,1.197226212375e+07,9.934448047758e-04,9.511156976739e+00,9.449402237018e+00,5.976437422076e+02,5.789344636336e+02,2.686050487494e+06,1.374078751583e+06,6.989026722415e+01,7.064037905704e+02,8.883938472603e+02,9.449417456739e+00,1.063651834812e-02,9.837763050021e-05,9.902049480377e-05,1.006535306485e+00,2.330347050657e+01
1.001669449082e-02,3.447461401399e-03,3.312644029023e-02,1.197120149387e+07,9.910079069517e-04,9.668510061806e+00,9.580326775303e+00,5.976369649468e+02,5.789339975107e+02,2.686073561813e+06,1.374077440599e+06,6.988197335453e+01,7.064024155136e+02,8.884229340729e+02,9.580348452967e+00,1.078354473477e-02,9.812464302983e-05,9.902775383489e-05,1.009204621990e+00,2.331010970105e+01
1.202003338898e-02,3.377241552941e-03,3.278733557842e-02,1.196967853515e+07,9.886476554199e-04,9.897503970302e+00,9.778356856194e+00,5.976272326493e+02,5.789333097084e+02,2.686106690576e+06,1.374075451339e+06,6.987006530368e+01,7.064004843550e+02,8.884474098424e+02,9.778386071614e+00,1.100615068859e-02,9.787432272562e-05,9.906678154134e-05,1.012184778676e+00,2.330732567923e+01
1.402337228715e-02,3.285879686062e-03,3.234080996023e-02,1.196710063407e+07,9.864640746774e-04,1.020171096821e+01,1.004855045596e+01,5.976107566385e+02,5.789321086363e+02,2.686162757566e+06,1.374071871445e+06,6.984991163818e+01,7.063973016618e+02,8.884613720978e+02,1.004858791969e+01,1.131010107504e-02,9.763023351203e-05,9.911817095312e-05,1.015242050375e+00,2.330335911710e+01
1.602671118531e-02,3.176555184425e-03,3.179825339875e-02,1.196378786337e+07,9.844278839981e-04,1.058191583395e+01,1.039301500876e+01,5.975895797887e+02,5.789305278908e+02,2.686234789165e+06,1.374067055841e+06,6.982401841072e+01,7.063932988008e+02,8.884677782708e+02,1.039306110520e+01,1.169773553908e-02,9.739297181441e-05,9.916298642187e-05,1.018175748330e+00,2.330021108612e+01
1.803005008347e-02,3.052480508508e-03,3.117105585702e-02,1.195980225296e+07,9.825104382140e-04,1.104006474593e+01,1.081411958373e+01,5.975640956996e+02,5.789285751770e+02,2.686321423707e+06,1.374060968359e+06,6.979287440439e+01,7.063886018465e+02,8.884676635693e+02,1.081417459220e+01,1.217171432976e-02,9.716039806931e-05,9.919022067449e-05,1.020893532798e+00,2.329721037579e+01
2.003338898164e-02,2.916827080567e-03,3.047055785563e-02,1.195497703969e+07,9.806885695314e-04,1.158130592191e+01,1.131644330956e+01,5.975332342217e+02,5.789261473783e+02,2.686426269073e+06,1.374053230775e+06,6.975518171209e+01,7.063830642210e+02,8.884602800598e+02,1.131650764454e+01,1.273721279220e-02,9.692846352594e-05,9.919685993852e-05,1.023405111050e+00,2.329581346111e+01
2.203672787980e-02,2.771996019494e-03,2.970443969287e-02,1.194936765710e+07,9.789078432468e-04,1.221565070542e+01,1.190852803891e+01,5.974973449656e+02,5.789232445874e+02,2.686548099045e+06,1.374043771599e+06,6.971137999099e+01,7.063768144117e+02,8.884470356628e+02,1.190860246473e+01,1.340384061931e-02,9.669241332993e-05,9.918587736254e-05,1.025790145138e+00,2.329726057646e+01
2.404006677796e-02,2.619226074902e-03,2.887430611792e-02,1.194284303006e+07,9.771412402800e-04,1.295928243486e+01,1.260434212085e+01,5.974555832208e+02,5.789197802786e+02,2.686689733718e+06,1.374032262058e+06,6.966045387218e+01,7.063697498639e+02,8.884275111289e+02,1.260442792738e+01,1.418734535963e-02,9.644822424041e-05,9.916395251513e-05,1.028160161840e+00,2.329934728327e+01
2.604340567613e-02,2.459700118043e-03,2.798118769139e-02,1.193495940290e+07,9.754124234232e-04,1.383443763433e+01,1.342350738634e+01,5.974050990555e+02,5.789155262376e+02,2.686860763823e+06,1.374017962616e+06,6.959895260885e+01,7.063613722028e+02,8.883981281167e+02,1.342360648030e+01,1.510989955456e-02,9.619358038724e-05,9.913803684659e-05,1.030612733033e+00,2.330206148820e+01
2.804674457429e-02,2.294653487946e-03,2.702611497384e-02,1.192549320488e+07,9.737437688842e-04,1.486948823011e+01,1.439152296155e+01,5.973444459472e+02,5.789103676563e+02,2.687065974550e+06,1.374000502215e+06,6.952515190688e+01,7.063514293223e+02,8.883569188189e+02,1.439163792275e+01,1.620028798997e-02,9.592840954664e-05,9.911402817311e-05,1.033211583642e+00,2.330583380580e+01
3.005008347245e-02,2.125374063513e-03,2.601014371846e-02,1.191403116540e+07,9.722049367515e-04,1.609890667584e+01,1.553971782587e+01,5.972709541011e+02,5.789041144606e+02,2.687314229509e+06,1.373979322781e+06,6.943585884159e+01,7.063394034744e+02,8.882996737995e+02,1.553985196818e+01,1.749392961241e-02,9.565530998648e-05,9.909707660948e-05,1.035984491883e+00,2.330840469923e+01
3.205342237062e-02,1.953915870006e-03,2.493894019790e-02,1.189914089702e+07,9.710016956152e-04,1.755997391464e+01,1.690242891625e+01,5.971753981938e+02,5.788961172807e+02,2.687636373042e+06,1.373952543231e+06,6.931996924305e+01,7.063234795341e+02,8.882122951176e+02,1.690258624076e+01,1.902989446743e-02,9.537953200047e-05,9.908965673972e-05,1.038902396907e+00,2.330664453073e+01
3.405676126878e-02,1.783699973401e-03,2.382791085092e-02,1.187930245368e+07,9.703750387848e-04,1.928911839420e+01,1.851374499942e+01,5.970479420082e+02,5.788857090036e+02,2.688064931259e+06,1.373918297223e+06,6.916576197261e+01,7.063016768007e+02,8.880792960122e+02,1.851393005578e+01,2.084715873787e-02,9.510883695692e-05,9.909169154871e-05,1.041880958974e+00,2.330385260517e+01
3.606010016694e-02,1.617933538046e-03,2.269370486166e-02,1.185367340980e+07,9.705306190874e-04,2.132303814507e+01,2.040809113439e+01,5.968830350646e+02,5.788725575668e+02,2.688617505418e+06,1.373875774184e+06,6.896686970161e+01,7.062728024691e+02,8.878906554805e+02,2.040830901974e+01,2.298516027145e-02,9.485446468296e-05,9.910661189225e-05,1.044832561980e+00,2.330005187368e+01
3.806343906511e-02,1.459365847397e-03,2.155297141429e-02,1.182123222609e+07,9.717475567951e-04,2.370061134194e+01,2.262169605364e+01,5.966738942283e+02,5.788562492931e+02,2.689315218258e+06,1.373823931094e+06,6.871563746654e+01,7.062354321096e+02,8.876337536629e+02,2.262195253613e+01,2.548568307906e-02,9.463257640428e-05,9.914551877610e-05,1.047693828338e+00,2.329483692925e+01
4.006677796327e-02,1.310272767298e-03,2.042235969295e-02,1.178063374046e+07,9.743971412887e-04,2.645873814639e+01,2.518947321481e+01,5.964115296936e+02,5.788362057861e+02,2.690185647786e+06,1.373761203865e+06,6.840205525037e+01,7.061877647290e+02,8.872920211133e+02,2.518977463226e+01,2.838949751927e-02,9.446421452342e-05,9.922367165191e-05,1.050388704867e+00,2.328738383928e+01
4.207011686144e-02,1.172556389087e-03,1.931932428307e-02,1.172972538899e+07,9.789779534805e-04,2.962004106596e+01,2.813538633869e+01,5.960815348903e+02,5.788114340790e+02,2.691272857725e+06,1.373684701489e+06,6.801012247348e+01,7.061270748555e+02,8.868407577760e+02,2.813573888936e+01,3.172580718991e-02,9.437304978291e-05,9.935245445111e-05,1.052768236746e+00,2.327486987926e+01
4.407345575960e-02,1.048164864804e-03,1.826584897610e-02,1.166602857982e+07,9.860166567033e-04,3.317252826086e+01,3.145585016573e+01,5.956670605456e+02,5.787807366974e+02,2.692626529357e+06,1.373590798527e+06,6.752172696824e+01,7.060503334305e+02,8.862522102193e+02,3.145625831099e+01,3.549357389270e-02,9.437991302206e-05,9.953010933181e-05,1.054574207535e+00,2.325848820935e+01
4.607679465776e-02,9.386709152981e-04,1.728549195749e-02,1.158699636161e+07,9.959661562893e-04,3.704655684206e+01,3.509960192885e+01,5.951503317701e+02,5.787428411468e+02,2.694295875865e+06,1.373475554997e+06,6.691879455120e+01,7.059544955626e+02,8.854988350772e+02,3.510006604428e+01,3.963874897839e-02,9.449475419127e-05,9.973580157474e-05,1.055469430028e+00,2.323821788791e+01
4.808013355593e-02,8.451497083616e-04,1.640181415200e-02,1.148745846567e+07,1.009407158172e-03,4.109664797918e+01,3.894929787709e+01,5.944956007905e+02,5.786952537227e+02,2.696382302235e+06,1.373331467866e+06,6.616416645839e+01,7.058331943193e+02,8.845299008365e+02,3.894981182902e+01,4.403447728809e-02,9.470755295095e-05,9.992844169881e-05,1.055131933543e+00,2.321347494460e+01
5.008347245409e-02,7.682866340021e-04,1.563819781899e-02,1.136511661413e+07,1.026384962792e-03,4.511602229745e+01,4.282777703992e+01,5.936847837247e+02,5.786369264201e+02,2.698922365391e+06,1.373155686762e+06,6.524377989637e+01,7.056833102079e+02,8.833228837484e+02,4.282832750067e+01,4.848547262687e-02,9.498264914197e-05,1.000569692381e-04,1.053428999021e+00,2.319829844084e+01
5.208681135225e-02,7.070712034659e-04,1.500225830664e-02,1.123175394531e+07,1.045135362436e-03,4.891974015928e+01,4.656251663911e+01,5.927931261270e+02,5.785734845243e+02,2.701660862702e+06,1.372965356609e+06,6.424925993842e+01,7.055190746847e+02,8.819921796014e+02,4.656308673533e+01,5.279308344477e-02,9.526747831287e-05,1.000899037299e-04,1.050624916571e+00,2.320586131207e+01
5.409015025042e-02,6.581257783619e-04,1.447369826979e-02,1.110026451754e+07,1.063658863417e-03,5.243412046503e+01,5.006322860222e+01,5.919058618023e+02,5.785109560299e+02,2.704330116636e+06,1.372778318455e+06,6.327748347289e+01,7.053565587978e+02,8.806686802540e+02,5.006380481188e+01,5.684749092865e-02,9.551323564045e-05,1.000360941569e-04,1.047357949717e+00,2.321762142307e+01
5.609348914858e-02,6.183377397810e-04,1.402936262176e-02,1.097231909597e+07,1.081359271974e-03,5.569116465361e+01,5.332795730332e+01,5.910346178702e+02,5.784500167462e+02,2.706898315658e+06,1.372596232389e+06,6.234008951312e+01,7.051981381781e+02,8.793761431441e+02,5.332853397843e+01,6.064359875373e-02,9.568736534507e-05,9.992728939393e-05,1.044314604755e+00,2.323086480305e+01
5.809682804674e-02,5.850146402997e-04,1.364609627585e-02,1.085069094993e+07,1.097771987823e-03,5.878711742474e+01,5.641761461767e+01,5.901990311605e+02,5.783918737295e+02,2.709313232178e+06,1.372422333357e+06,6.145632487339e+01,7.050475723152e+02,8.781456502394e+02,5.641819463918e+01,6.424696703081e-02,9.578460797946e-05,9.980709717209e-05,1.041999344055e+00,2.324696200076e+01
6.010016694491e-02,5.557811501613e-04,1.330077571614e-02,1.073638590768e+07,1.113062422942e-03,6.184534605183e+01,5.942907317987e+01,5.894070955960e+02,5.783369020940e+02,2.711559346472e+06,1.372257373155e+06,6.063217766949e+01,7.049064358992e+02,8.769846091984e+02,5.942966614205e+01,6.776591689149e-02,9.583700976224e-05,9.973317134413e-05,1.040658094476e+00,2.325915302040e+01
6.210350584307e-02,5.290677783802e-04,1.297719169619e-02,1.061812908465e+07,1.129376641666e-03,6.494948945644e+01,6.243981866536e+01,5.885808622399e+02,5.782797678160e+02,2.713859369693e+06,1.372085575984e+06,5.978595315914e+01,7.047606166819e+02,8.757676274058e+02,6.244043624318e+01,7.129794969487e-02,9.590592482934e-05,9.976032882726e-05,1.040193434970e+00,2.325772017497e+01
6.410684474124e-02,5.046962781968e-04,1.267477080149e-02,1.048696607392e+07,1.148796508553e-03,6.809336879156e+01,6.546396295273e+01,5.876560444762e+02,5.782163696030e+02,2.716382313552e+06,1.371895332212e+06,5.885485842730e+01,7.045984391052e+02,8.743845251985e+02,6.546461248561e+01,7.486936307656e-02,9.605970136971e-05,9.991762091933e-05,1.040165699115e+00,2.325510283481e+01
6.611018363940e-02,4.826684676353e-04,1.239508551796e-02,1.034679204887e+07,1.171527416174e-03,7.119996498580e+01,6.846461406757e+01,5.866577110986e+02,5.781486822488e+02,2.719046055262e+06,1.371692954481e+06,5.786832860349e+01,7.044243611140e+02,8.728587636616e+02,6.846529338910e+01,7.843799734781e-02,9.634435440763e-05,1.001931924886e-04,1.039952769113e+00,2.325326217244e+01
6.811352253756e-02,4.629844210682e-04,1.213970833155e-02,1.020057873881e+07,1.197052472318e-03,7.416859807436e+01,7.138876525301e+01,5.856051344369e+02,5.780780892954e+02,2.721788863570e+06,1.371482528208e+06,5.684849471557e+01,7.042420921707e+02,8.712199276437e+02,7.138946014144e+01,8.194195044932e-02,9.673604981954e-05,1.005025110997e-04,1.038939359877e+00,2.325100301054e+01
7.011686143573e-02,4.456447932272e-04,1.191021172820e-02,1.004739271606e+07,1.223753214066e-03,7.690966660757e+01,7.418502394707e+01,5.844897668839e+02,5.780040797706e+02,2.724623513444e+06,1.371262447402e+06,5.578988370287e+01,7.040505152219e+02,8.694846523252e+02,7.418570922821e+01,8.532147063185e-02,9.708119459984e-05,1.006464012700e-04,1.036727664366e+00,2.324988538206e+01
7.212020033389e-02,4.305441701435e-04,1.170668466285e-02,9.892227746132e+06,1.247271444637e-03,7.940989714088e+01,7.683723442748e+01,5.833465114053e+02,5.779289379431e+02,2.727454280900e+06,1.371039201519e+06,5.472765256686e+01,7.038561134893e+02,8.677680921839e+02,7.683788323148e+01,8.854656436848e-02,9.709207114145e-05,1.003425796868e-04,1.033481979571e+00,2.325813485883e+01
7.412353923205e-02,4.169414552044e-04,1.152026853643e-02,9.741309612734e+06,1.262556979819e-03,8.180688928545e+01,7.940655713848e+01,5.822211514872e+02,5.778554476078e+02,2.730168517436e+06,1.370820380151e+06,5.370398488745e+01,7.036672610932e+02,8.662136109829e+02,7.940716011345e+01,9.167156819822e-02,9.647103163308e-05,9.938690549214e-05,1.030228387094e+00,2.326983410937e+01
7.612687813022e-02,4.039070234669e-04,1.133876530618e-02,9.590437191196e+06,1.269172426682e-03,8.439938793512e+01,8.203194461003e+01,5.810825794345e+02,5.777814603134e+02,2.732843469571e+06,1.370599257933e+06,5.268977773468e+01,7.034789834242e+02,8.647980388891e+02,8.203253276613e+01,9.485744541178e-02,9.517131669992e-05,9.791769358313e-05,1.028860017111e+00,2.328126218994e+01
7.813021702838e-02,3.905686514890e-04,1.114997143505e-02,9.435056991275e+06,1.274327060650e-03,8.759977441840e+01,8.490568030550e+01,5.798954546997e+02,5.777048157927e+02,2.735558180640e+06,1.370369613994e+06,5.165462043008e+01,7.032853907237e+02,8.633570019870e+02,8.490634098741e+01,9.834441695845e-02,9.370690025939e-05,9.667997343960e-05,1.031730434327e+00,2.329452868057e+01
8.013355592654e-02,3.761128400834e-04,1.094168338599e-02,9.272811875623e+06,1.296500058997e-03,9.174879879995e+01,8.823377398997e+01,5.786397000369e+02,5.776244622048e+02,2.738349292840e+06,1.370128695480e+06,5.058363064449e+01,7.030831878781e+02,8.615346841597e+02,8.823463534206e+01,1.024156507734e-01,9.338963820913e-05,9.710969916264e-05,1.039837634174e+00,2.330442956170e+01
8.213689482471e-02,3.600506327704e-04,1.070549746334e-02,9.085654372677e+06,1.380568025459e-03,9.665613319411e+01,9.210727447456e+01,5.784231748801e+02,5.775317984888e+02,2.749555994438e+06,1.369851936272e+06,4.890228354418e+01,7.028487880946e+02,8.583993592528e+02,9.210842729066e+01,1.073025350005e-01,9.617966606283e-05,1.009291666622e-04,1.049386530494e+00,2.327894306214e+01
8.414023372287e-02,3.439487977255e-04,1.046337912230e-02,8.859084379277e+06,1.533105707357e-03,1.014441391505e+02,9.629751522587e+01,5.770224709195e+02,5.774202960137e+02,2.755658530281e+06,1.369522306751e+06,4.732554765070e+01,7.025618035125e+02,8.535376876969e+02,9.629892329885e+01,1.128232820729e-01,1.034200223517e-04,1.089467067284e-04,1.053445033473e+00,2.323669720229e+01
8.614357262104e-02,3.301827300608e-04,1.025184994162e-02,8.620486433017e+06,1.748040336281e-03,1.050179569431e+02,1.001846288714e+02,5.744943603048e+02,5.773042487292e+02,2.755773846786e+06,1.369185025050e+06,4.602135930299e+01,7.022543036876e+02,8.472371405302e+02,1.001861008929e+02,1.182503647447e-01,1.147430727483e-04,1.202780955922e-04,1.048244207980e+00,2.319221710759e+01
8.814691151920e-02,3.209514885759e-04,1.010752352454e-02,8.364786985485e+06,2.012347695176e-03,1.066154334567e+02,1.029658152581e+02,5.714616851523e+02,5.771823301067e+02,2.754237812832e+06,1.368840071385e+06,4.470983643519e+01,7.019164900692e+02,8.396547337906e+02,1.029670634853e+02,1.226302423384e-01,1.284220835620e-04,1.329733926406e-04,1.035444950244e+00,2.315265623767e+01
9.015025041736e-02,3.182566090376e-04,1.006500000000e-02,8.149308683904e+06,2.286797677680e-03,1.063847135165e+02,1.042350496162e+02,5.690386100524e+02,5.770821414121e+02,2.754002358627e+06,1.368566204810e+06,4.354844560920e+01,7.016236230301e+02,8.321564132985e+02,1.042358664188e+02,1.252599448289e-01,1.422422781251e-04,1.451753481509e-04,1.020623234778e+00,2.322545249748e+01
9.215358931553e-02,3.182566090376e-04,1.006500000000e-02,8.088679008192e+06,2.505751111398e-03,1.055182629066e+02,1.045247927347e+02,5.685870360852e+02,5.770552394512e+02,2.755359459291e+06,1.368497079053e+06,4.315131966665e+01,7.015376958152e+02,8.274372648378e+02,1.045252031748e+02,1.263240219128e-01,1.544911127979e-04,1.559592656771e-04,1.009504636612e+00,2.328230081332e+01
9.415692821369e-02,3.182566090376e-04,1.006500000000e-02,8.113280063803e+06,2.666892938794e-03,1.048888132411e+02,1.045044974870e+02,5.693525041424e+02,5.770673363739e+02,2.758276712895e+06,1.368532114957e+06,4.314088142518e+01,7.015696409791e+02,8.248614540707e+02,1.045046664669e+02,1.266935992113e-01,1.644039192294e-04,1.650084156098e-04,1.003677504445e+00,2.327529017433e+01
9.616026711185e-02,3.182566090376e-04,1.006500000000e-02,8.135250037937e+06,2.798412120281e-03,1.046619454154e+02,1.044889241010e+02,5.698803048717e+02,5.770764961053e+02,2.759944912134e+06,1.368553677497e+06,4.317749252286e+01,7.016022378333e+02,8.228148694789e+02,1.044890039998e+02,1.269896885382e-01,1.726713033452e-04,1.729571771724e-04,1.001655881864e+00,2.327001891584e+01
9.816360601002e-02,3.182566090376e-04,1.006500000000e-02,8.139037234461e+06,2.917516448566e-03,1.046261385238e+02,1.044950353506e+02,5.699623552123e+02,5.770766853841e+02,2.760179354228e+06,1.368549157997e+06,4.318639700959e+01,7.016113101142e+02,8.207677764797e+02,1.044950984900e+02,1.273138413623e-01,1.800754070742e-04,1.803012953240e-04,1.001254635426e+00,2.326907221259e+01
1.001669449082e-01,3.182566090376e-04,1.006500000000e-02,8.137160830115e+06,3.030620584925e-03,1.046409461506e+02,1.045075237028e+02,5.698824629435e+02,5.770741741144e+02,2.759832504698e+06,1.368537065507e+06,4.319336451239e+01,7.016128261842e+02,8.187624871748e+02,1.045075904699e+02,1.276409118724e-01,1.871061216982e-04,1.873449512003e-04,1.001276677918e+00,2.326942750072e+01
1.021702838063e-01,3.182566090376e-04,1.006500000000e-02,8.135529767778e+06,3.141227220890e-03,1.046584760192e+02,1.045192296681e+02,5.698007432298e+02,5.770717958096e+02,2.759458368712e+06,1.368525395798e+06,4.320300623544e+01,7.016146298527e+02,8.168174430898e+02,1.045193019179e+02,1.279591943121e-01,1.939977925689e-04,1.942561970488e-04,1.001332255811e+00,2.326967273297e+01
1.041736227045e-01,3.182566090376e-04,1.006500000000e-02,8.134647532973e+06,3.251438239103e-03,1.046714561351e+02,1.045297528746e+02,5.697503375808e+02,5.770697705598e+02,2.759219208066e+06,1.368514703710e+06,4.321003876994e+01,7.016174424761e+02,8.149049962124e+02,1.045298290009e+02,1.282724114919e-01,2.008569807984e-04,2.011292129976e-04,1.001355626092e+00,2.326969590212e+01
1.061769616027e-01,3.182566090376e-04,1.006500000000e-02,8.133982048170e+06,3.362276067654e-03,1.046817691962e+02,1.045400369911e+02,5.697222379745e+02,5.770678319553e+02,2.759097202136e+06,1.368504202463e+06,4.321246154405e+01,7.016205857756e+02,8.130006497497e+02,1.045401157441e+02,1.285855254560e-01,2.077363528877e-04,2.080179369349e-04,1.001355769609e+00,2.326966203024e+01
1.081803005008e-01,3.182566090376e-04,1.006500000000e-02,8.133283948258e+06,3.474137587857e-03,1.046912301077e+02,1.045504949059e+02,5.697053180876e+02,5.770658579079e+02,2.759043259960e+06,1.368493539712e+06,4.321134756252e+01,7.016237350004e+02,8.110937729960e+02,1.045505757167e+02,1.289007254124e-01,2.146637641197e-04,2.149526604497e-04,1.001346097902e+00,2.326964369126e+01
1.101836393990e-01,3.182566090376e-04,1.006500000000e-02,8.132536587304e+06,3.587170395793e-03,1.047006914025e+02,1.045611484396e+02,5.696936031682e+02,5.770638405372e+02,2.759023264118e+06,1.368482693529e+06,4.320829096510e+01,7.016268678073e+02,8.091812888285e+02,1.045612311799e+02,1.292185479614e-01,2.216548810388e-04,2.219506267751e-04,1.001334558438e+00,2.326964193501e+01
1.121869782972e-01,3.182566090376e-04,1.006500000000e-02,8.131769098722e+06,3.701466179932e-03,1.047105209959e+02,1.045719484085e+02,5.696843653621e+02,5.770617935408e+02,2.759019210533e+06,1.368471701725e+06,4.320433837911e+01,7.016300235428e+02,8.072619981143e+02,1.045720331974e+02,1.295391501664e-01,2.287200015810e-04,2.290230184432e-04,1.001325141106e+00,2.326964521813e+01
1.141903171953e-01,3.182566090376e-04,1.006500000000e-02,8.130995182557e+06,3.817123147861e-03,1.047208824751e+02,1.045828777530e+02,5.696763207926e+02,5.770597223665e+02,2.759022623179e+06,1.368460576194e+06,4.319998248695e+01,7.016332231780e+02,8.053346081124e+02,1.045829648384e+02,1.298627474654e-01,2.358674850606e-04,2.361786558719e-04,1.001319572812e+00,2.326964833140e+01
1.161936560935e-01,3.182566090376e-04,1.006500000000e-02,8.130215758615e+06,3.934252130633e-03,1.047318313666e+02,1.045939440663e+02,5.696688598727e+02,5.770576258762e+02,2.759029844230e+06,1.368449308820e+06,4.319540889646e+01,7.016364718589e+02,8.033975828986e+02,1.045940337531e+02,1.301896296175e-01,2.431050743435e-04,2.434254843135e-04,1.001318310553e+00,2.326965071047e+01
1.181969949917e-01,3.182566090376e-04,1.006500000000e-02,8.129428651224e+06,4.052968925718e-03,1.047433629893e+02,1.046051609149e+02,5.696617180112e+02,5.770555013381e+02,2.759039455164e+06,1.368437886652e+06,4.319067589651e+01,7.016397708942e+02,8.014493569819e+02,1.046052535246e+02,1.305201041255e-01,2.504402084683e-04,2.507710016767e-04,1.001321178355e+00,2.326965286379e+01
1.202003338898e-01,3.182566090376e-04,1.006500000000e-02,8.128632134182e+06,4.173387618946e-03,1.047554470847e+02,1.046165407974e+02,5.696547914909e+02,5.770533462842e+02,2.759050957230e+06,1.368426297630e+06,4.318579879878e+01,7.016431220704e+02,7.994884701254e+02,1.046166366502e+02,1.308544657733e-01,2.578800047692e-04,2.582223206588e-04,1.001327766014e+00,2.326965510629e+01
1.222036727880e-01,3.182566090376e-04,1.006500000000e-02,8.127825079220e+06,4.295617132038e-03,1.047680486052e+02,1.046280945914e+02,5.696480346980e+02,5.770511586268e+02,2.759064155225e+06,1.368414531062e+06,4.318078116591e+01,7.016465277337e+02,7.975136123182e+02,1.046281940016e+02,1.311929882895e-01,2.654312001601e-04,2.657861553804e-04,1.001337633207e+00,2.326965751958e+01
1.242070116861e-01,3.182566090376e-04,1.006500000000e-02,8.127006575042e+06,4.419760008774e-03,1.047811363464e+02,1.046398321870e+02,5.696414152330e+02,5.770489364816e+02,2.759078917659e+06,1.368402577135e+06,4.317562458873e+01,7.016499902720e+02,7.955236299980e+02,1.046399354629e+02,1.315359236571e-01,2.731001275641e-04,2.734688172871e-04,1.001350385952e+00,2.326966010391e+01
1.262103505843e-01,3.182566090376e-04,1.006500000000e-02,8.126175769589e+06,4.545912366531e-03,1.047946848167e+02,1.046517628192e+02,5.696349009539e+02,5.770466780845e+02,2.759095110692e+06,1.368390426664e+06,4.317033109261e+01,7.016535119231e+02,7.935175193074e+02,1.046518702654e+02,1.318835031603e-01,2.808927267378e-04,2.812762315776e-04,1.001365691257e+00,2.326966284755e+01
1.282136894825e-01,3.182566090376e-04,1.006500000000e-02,8.125331856101e+06,4.674164365132e-03,1.048086736627e+02,1.046638951680e+02,5.696284591483e+02,5.770443817752e+02,2.759112594179e+06,1.368378071008e+06,4.316490325703e+01,7.016570947813e+02,7.914944144881e+02,1.046640070871e+02,1.322359389672e-01,2.888145744223e-04,2.892139676041e-04,1.001383270654e+00,2.326966573904e+01
1.302170283806e-01,3.182566090376e-04,1.006500000000e-02,8.124474081259e+06,4.804600856427e-03,1.048230866708e+02,1.046762374138e+02,5.696220582027e+02,5.770420459898e+02,2.759131230983e+06,1.368365502022e+06,4.315934379974e+01,7.016607408349e+02,7.894535744298e+02,1.046763541083e+02,1.325934260086e-01,2.968709222036e-04,2.972872756676e-04,1.001402890099e+00,2.326966876645e+01
1.322203672788e-01,3.182566090376e-04,1.006500000000e-02,8.123601743102e+06,4.937302054081e-03,1.048379109274e+02,1.046887973011e+02,5.696156688170e+02,5.770396692509e+02,2.759150894284e+06,1.368352711994e+06,4.315365520536e+01,7.016644519877e+02,7.873943691989e+02,1.046889190750e+02,1.329561439225e-01,3.050667355338e-04,3.055011249932e-04,1.001424351317e+00,2.326967191765e+01
1.342237061770e-01,3.182566090376e-04,1.006500000000e-02,8.122714183408e+06,5.072344157393e-03,1.048531361940e+02,1.047015822030e+02,5.696092644627e+02,5.770372501541e+02,2.759171470775e+06,1.368339693582e+06,4.314783952655e+01,7.016682300708e+02,7.853162675739e+02,1.047017093627e+02,1.333242588825e-01,3.134067307665e-04,3.138602399887e-04,1.001447485203e+00,2.326967518124e+01
1.362270450751e-01,3.182566090376e-04,1.006500000000e-02,8.121810780430e+06,5.209799909979e-03,1.048687544421e+02,1.047145991780e+02,5.696028213758e+02,5.770347873580e+02,2.759192861099e+06,1.368326439763e+06,4.314189832364e+01,7.016720768518e+02,7.832188259425e+02,1.047147320332e+02,1.336979252346e-01,3.218954089692e-04,3.223691335085e-04,1.001472146820e+00,2.326967854717e+01
1.382303839733e-01,3.182566090376e-04,1.006500000000e-02,8.120890943298e+06,5.349739094087e-03,1.048847594972e+02,1.047278550170e+02,5.695963183411e+02,5.770322795742e+02,2.759214978940e+06,1.368312943780e+06,4.313583267950e+01,7.016759940436e+02,7.811016785402e+02,1.047279938823e+02,1.340772869392e-01,3.305370862479e-04,3.310321367908e-04,1.001498211533e+00,2.326968200689e+01
1.402337228715e-01,3.182566090376e-04,1.006500000000e-02,8.119954107564e+06,5.492228967607e-03,1.049011467612e+02,1.047413562855e+02,5.695897364090e+02,5.770297255591e+02,2.759237749642e+06,1.368299199106e+06,4.312964324371e+01,7.016799833138e+02,7.789645288840e+02,1.047415014807e+02,1.344624788381e-01,3.393359207616e-04,3.398534261898e-04,1.001525571955e+00,2.326968555309e+01
1.422370617696e-01,3.182566090376e-04,1.006500000000e-02,8.118999731376e+06,5.637334651496e-03,1.049179129898e+02,1.047551093594e+02,5.695830586114e+02,5.770271241077e+02,2.759261108782e+06,1.368285199406e+06,4.312333028268e+01,7.016840462919e+02,7.768071422373e+02,1.047552612105e+02,1.348536277728e-01,3.482959367559e-04,3.488370469975e-04,1.001554135462e+00,2.326968917964e+01
1.442404006678e-01,3.182566090376e-04,1.006500000000e-02,8.118027292066e+06,5.785119474368e-03,1.049350561116e+02,1.047691204575e+02,5.695762697009e+02,5.770244740465e+02,2.759285000851e+06,1.368270938505e+06,4.311689372623e+01,7.016881845768e+02,7.746293389708e+02,1.047692792975e+02,1.352508535717e-01,3.574210459666e-04,3.579869346841e-04,1.001583822154e+00,2.326969288139e+01
1.462437395659e-01,3.182566090376e-04,1.006500000000e-02,8.117036283098e+06,5.935645279846e-03,1.049525750783e+02,1.047833956707e+02,5.695693559211e+02,5.770217742281e+02,2.759309378102e+06,1.368256410359e+06,4.311033320831e+01,7.016923997429e+02,7.724309886998e+02,1.047835618402e+02,1.356542699259e-01,3.667150667138e-04,3.673069338640e-04,1.001614563133e+00,2.326969665405e+01
1.482470784641e-01,3.182566090376e-04,1.006500000000e-02,8.116026211338e+06,6.088972701328e-03,1.049704697398e+02,1.047979409877e+02,5.695623048077e+02,5.770190235264e+02,2.759334199551e+06,1.368241609028e+06,4.310364810161e+01,7.016966933456e+02,7.702120051020e+02,1.047981148359e+02,1.360639851647e-01,3.761817409699e-04,3.768008152620e-04,1.001646299063e+00,2.326970049411e+01
1.502504173623e-01,3.182566090376e-04,1.006500000000e-02,8.114996594600e+06,6.245161408139e-03,1.049887407390e+02,1.048127623190e+02,5.695551050146e+02,5.770162208318e+02,2.759359430110e+06,1.368226528658e+06,4.309683754704e+01,7.017010669268e+02,7.679723413314e+02,1.048129442041e+02,1.364801029453e-01,3.858247496437e-04,3.864722909172e-04,1.001678978934e+00,2.326970439875e+01
1.522537562604e-01,3.182566090376e-04,1.006500000000e-02,8.113946959462e+06,6.404270326473e-03,1.050073894233e+02,1.048278655174e+02,5.695477461642e+02,5.770133650472e+02,2.759385039850e+06,1.368211163452e+06,4.308990047862e+01,7.017055220191e+02,7.657119859556e+02,1.048280558072e+02,1.369027228644e-01,3.956477262941e-04,3.963250278356e-04,1.001712559013e+00,2.326970836579e+01
1.542570951586e-01,3.182566090376e-04,1.006500000000e-02,8.112876839286e+06,6.566357838116e-03,1.050264177688e+02,1.048432563972e+02,5.695402187161e+02,5.770104550845e+02,2.759411003350e+06,1.368195507659e+06,4.308283564481e+01,7.017100601502e+02,7.634309593538e+02,1.048434554702e+02,1.373319410035e-01,4.056542694597e-04,4.063626602719e-04,1.001747001933e+00,2.326971239356e+01
1.562604340568e-01,3.182566090376e-04,1.006500000000e-02,8.111785772450e+06,6.731481959584e-03,1.050458283168e+02,1.048589407514e+02,5.695325138528e+02,5.770074898611e+02,2.759437299142e+06,1.368179555551e+06,4.307564162652e+01,7.017146828464e+02,7.611293105206e+02,1.048591489972e+02,1.377678504136e-01,4.158479537676e-04,4.165888008057e-04,1.001782275922e+00,2.326971648094e+01
1.582637729549e-01,3.182566090376e-04,1.006500000000e-02,8.110673300742e+06,6.899700504017e-03,1.050656241191e+02,1.048749243675e+02,5.695246233795e+02,5.770044682968e+02,2.759463909223e+06,1.368163301411e+06,4.306831685249e+01,7.017193916363e+02,7.588071142265e+02,1.048751421872e+02,1.382105415473e-01,4.262323399668e-04,4.270070503530e-04,1.001818354127e+00,2.326972062721e+01
1.602671118531e-01,3.182566090376e-04,1.006500000000e-02,8.109538967915e+06,7.071071227890e-03,1.050858086914e+02,1.048912130414e+02,5.695165396368e+02,5.770013893115e+02,2.759490818635e+06,1.368146739520e+06,4.306085961238e+01,7.017241880535e+02,7.564644684929e+02,1.048914408485e+02,1.386601026450e-01,4.368109840147e-04,4.376210072419e-04,1.001855214029e+00,2.326972483209e+01
1.622704507513e-01,3.182566090376e-04,1.006500000000e-02,8.108382318374e+06,7.245651964402e-03,1.051063859737e+02,1.049078125906e+02,5.695082554238e+02,5.769982518222e+02,2.759518015098e+06,1.368129864140e+06,4.305326806780e+01,7.017290736401e+02,7.541014923427e+02,1.049080508117e+02,1.391166200796e-01,4.475874453327e-04,4.484342754659e-04,1.001892836942e+00,2.326972909566e+01
1.642737896494e-01,3.182566090376e-04,1.006500000000e-02,8.107202895976e+06,7.423500745166e-03,1.051273602966e+02,1.049247288659e+02,5.694997639309e+02,5.769950547413e+02,2.759545488689e+06,1.368112669506e+06,4.304554026162e+01,7.017340499486e+02,7.517183237958e+02,1.049249779414e+02,1.395801786653e-01,4.585652943304e-04,4.594504722158e-04,1.001931207570e+00,2.326973341831e+01
1.662771285476e-01,3.182566090376e-04,1.006500000000e-02,8.106000242939e+06,7.604675911695e-03,1.051487363521e+02,1.049419677629e+02,5.694910586806e+02,5.769917969738e+02,2.759573231568e+06,1.368095149814e+06,4.303767412585e+01,7.017391185449e+02,7.493151180772e+02,1.049422281473e+02,1.400508619346e-01,4.697481192919e-04,4.706732347808e-04,1.001970313628e+00,2.326973780076e+01
1.682804674457e-01,3.182566090376e-04,1.006500000000e-02,8.104773898842e+06,7.789236217955e-03,1.051705191695e+02,1.049595352315e+02,5.694821334753e+02,5.769884774162e+02,2.759601237733e+06,1.368077299212e+06,4.302966748811e+01,7.017442810102e+02,7.468920460142e+02,1.049598073944e+02,1.405287523874e-01,4.811395327037e-04,4.821062268991e-04,1.002010145506e+00,2.326974224399e+01
1.702838063439e-01,3.182566090376e-04,1.006500000000e-02,8.103523399699e+06,7.977240925188e-03,1.051927140948e+02,1.049774372858e+02,5.694729823518e+02,5.769850949540e+02,2.759629502815e+06,1.368059111789e+06,4.302151807706e+01,7.017495389432e+02,7.444492925982e+02,1.049777217126e+02,1.410139317162e-01,4.927431770970e-04,4.937531446302e-04,1.002050695984e+00,2.326974674925e+01
1.722871452421e-01,3.182566090376e-04,1.006500000000e-02,8.102248277100e+06,8.168749890012e-03,1.052153267729e+02,1.049956800131e+02,5.694635995406e+02,5.769816484605e+02,2.759658023893e+06,1.368040581567e+06,4.301322352678e+01,7.017548939623e+02,7.419870556931e+02,1.049959772053e+02,1.415064810089e-01,5.045627304693e-04,5.056177218126e-04,1.002091959972e+00,2.326975131802e+01
1.742904841402e-01,3.182566090376e-04,1.006500000000e-02,8.100948057419e+06,8.363823646749e-03,1.052383631335e+02,1.050142695819e+02,5.694539794304e+02,5.769781367950e+02,2.759686799335e+06,1.368021702495e+06,4.300478138033e+01,7.017603477070e+02,7.395055448700e+02,1.050145800581e+02,1.420064809340e-01,5.166019113426e-04,5.177037351656e-04,1.002133934298e+00,2.326975595199e+01
1.762938230384e-01,3.182566090376e-04,1.006500000000e-02,8.099622261065e+06,8.562523484805e-03,1.052618293787e+02,1.050332122499e+02,5.694441165361e+02,5.769745588014e+02,2.759715828663e+06,1.368002468439e+06,4.299618909252e+01,7.017659018402e+02,7.370049803549e+02,1.050335365467e+02,1.425140119082e-01,5.288644835090e-04,5.300150090844e-04,1.002176617509e+00,2.326976065308e+01
1.782971619366e-01,3.182566090376e-04,1.006500000000e-02,8.098270401776e+06,8.764911521845e-03,1.052857319738e+02,1.050525143719e+02,5.694340054710e+02,5.769709133069e+02,2.759745112434e+06,1.367982873175e+06,4.298744403206e+01,7.017715580493e+02,7.344855920753e+02,1.050528530443e+02,1.430291542513e-01,5.413542605115e-04,5.425554201765e-04,1.002220009709e+00,2.326976542338e+01
1.803005008347e-01,3.182566090376e-04,1.006500000000e-02,8.096891985953e+06,8.971050773426e-03,1.053100776391e+02,1.050721824068e+02,5.694236409216e+02,5.769671991204e+02,2.759774652132e+06,1.367962910383e+06,4.297854348309e+01,7.017773180485e+02,7.319476187920e+02,1.050725360290e+02,1.435519883273e-01,5.540751098998e-04,5.553289015795e-04,1.002264112412e+00,2.326977026518e+01
1.823038397329e-01,3.182566090376e-04,1.006500000000e-02,8.095486512023e+06,9.181005219689e-03,1.053348733441e+02,1.050922229246e+02,5.694130176252e+02,5.769634150315e+02,2.759804450085e+06,1.367942573641e+06,4.296948464622e+01,7.017831835799e+02,7.293913073084e+02,1.050925920910e+02,1.440825946759e-01,5.670309572977e-04,5.683394470968e-04,1.002308928413e+00,2.326977518092e+01
1.843071786311e-01,3.182566090376e-04,1.006500000000e-02,8.094053469823e+06,9.394839869651e-03,1.053601263030e+02,1.051126426135e+02,5.694021303496e+02,5.769595598092e+02,2.759834509380e+06,1.367921856417e+06,4.296026463912e+01,7.017891564152e+02,7.268169117454e+02,1.051130279392e+02,1.446210541343e-01,5.802257903176e-04,5.815911151861e-04,1.002354461684e+00,2.326978017324e+01
1.863105175292e-01,3.182566090376e-04,1.006500000000e-02,8.092592340012e+06,9.612620823563e-03,1.053858439716e+02,1.051334482862e+02,5.693909738753e+02,5.769556322006e+02,2.759864833802e+06,1.367900752061e+06,4.295088049667e+01,7.017952383573e+02,7.242246928758e+02,1.051338504082e+02,1.451674479514e-01,5.936636623491e-04,5.950880328282e-04,1.002400717275e+00,2.326978524492e+01
1.883138564274e-01,3.182566090376e-04,1.006500000000e-02,8.091102593488e+06,9.834415333799e-03,1.054120340458e+02,1.051546468870e+02,5.693795429787e+02,5.769516309297e+02,2.759895427769e+06,1.367879253805e+06,4.294132917079e+01,7.018014312414e+02,7.216149175100e+02,1.051550664646e+02,1.457218578955e-01,6.073486962505e-04,6.088343993050e-04,1.002447701233e+00,2.326979039891e+01
1.903171953255e-01,3.182566090376e-04,1.006500000000e-02,8.089583690825e+06,1.006029186464e-02,1.054387044606e+02,1.051762454978e+02,5.693678324173e+02,5.769475546962e+02,2.759926296288e+06,1.367857354750e+06,4.293160752991e+01,7.018077369372e+02,7.189878579266e+02,1.051766832140e+02,1.462843663554e-01,6.212850879669e-04,6.228344899109e-04,1.002495420535e+00,2.326979563830e+01
1.923205342237e-01,3.182566090376e-04,1.006500000000e-02,8.088035081718e+06,1.029032015134e-02,1.054658633907e+02,1.051982513451e+02,5.693558369159e+02,5.769434021746e+02,2.759957444906e+06,1.367835047864e+06,4.292171235822e+01,7.018141573497e+02,7.163437913437e+02,1.051987079072e+02,1.468550564385e-01,6.354771100975e-04,6.370926596183e-04,1.002543883023e+00,2.326980096635e+01
1.943238731219e-01,3.182566090376e-04,1.006500000000e-02,8.086456204424e+06,1.052457125878e-02,1.054935192523e+02,1.052206718063e+02,5.693435511540e+02,5.769391720127e+02,2.759988879677e+06,1.367812325976e+06,4.291164035449e+01,7.018206944209e+02,7.136829994249e+02,1.052211479466e+02,1.474340120634e-01,6.499291154313e-04,6.516133467200e-04,1.002593097358e+00,2.326980638644e+01
1.963272120200e-01,3.182566090376e-04,1.006500000000e-02,8.084846485215e+06,1.076311764003e-02,1.055216807046e+02,1.052435144160e+02,5.693309697539e+02,5.769348628308e+02,2.760020607126e+06,1.367789181766e+06,4.290138813085e+01,7.018273501315e+02,7.110057678169e+02,1.052440108936e+02,1.480213180502e-01,6.646455404711e-04,6.664010764649e-04,1.002643072974e+00,2.326981190214e+01
1.983305509182e-01,3.182566090376e-04,1.006500000000e-02,8.083205337825e+06,1.100603319511e-02,1.055503566535e+02,1.052667868732e+02,5.693180872699e+02,5.769304732201e+02,2.760052634222e+06,1.367765607766e+06,4.289095221118e+01,7.018341265019e+02,7.083123857137e+02,1.052673044741e+02,1.486170602086e-01,6.796309089613e-04,6.814604647054e-04,1.002693820043e+00,2.326981751715e+01
2.003338898164e-01,3.182566090376e-04,1.006500000000e-02,8.081532162891e+06,1.125339333012e-02,1.055795562552e+02,1.052904970474e+02,5.693048981775e+02,5.769260017420e+02,2.760084968358e+06,1.367741596346e+06,4.288032902933e+01,7.018410255944e+02,7.056031454463e+02,1.052910365863e+02,1.492213254233e-01,6.948898354364e-04,6.967962215723e-04,1.002745349446e+00,2.326982323530e+01
2.023372287145e-01,3.182566090376e-04,1.006500000000e-02,8.079826347397e+06,1.150527501714e-02,1.056092889208e+02,1.053146529860e+02,5.692913968640e+02,5.769214469264e+02,2.760117617323e+06,1.367717139713e+06,4.286951492721e+01,7.018480495142e+02,7.028783420928e+02,1.053152153070e+02,1.498342017388e-01,7.104270288039e-04,7.124131551920e-04,1.002797672750e+00,2.326982906059e+01
2.043405676127e-01,3.182566090376e-04,1.006500000000e-02,8.078087264099e+06,1.176175685496e-02,1.056395643219e+02,1.053392629207e+02,5.692775776189e+02,5.769168072710e+02,2.760150589292e+06,1.367692229903e+06,4.285850615257e+01,7.018552004112e+02,7.001382731087e+02,1.053398488986e+02,1.504557784434e-01,7.262472959762e-04,7.283161754595e-04,1.002850802187e+00,2.326983499718e+01
2.063439065109e-01,3.182566090376e-04,1.006500000000e-02,8.076314270945e+06,1.202291913095e-02,1.056703923958e+02,1.053643352752e+02,5.692634346246e+02,5.769120812396e+02,2.760183892811e+06,1.367666858775e+06,4.284729885666e+01,7.018624804814e+02,6.973832379737e+02,1.053649458165e+02,1.510861461521e-01,7.423555455641e-04,7.445102978815e-04,1.002904750643e+00,2.326984104938e+01
2.083472454090e-01,3.182566090376e-04,1.006500000000e-02,8.074506710486e+06,1.228884388430e-02,1.057017833529e+02,1.053898786721e+02,5.692489619476e+02,5.769072672612e+02,2.760217536779e+06,1.367641018002e+06,4.283588909173e+01,7.018698919691e+02,6.946135378543e+02,1.053905147167e+02,1.517253968908e-01,7.587567916436e-04,7.610006475017e-04,1.002959531643e+00,2.326984722163e+01
2.103505843072e-01,3.182566090376e-04,1.006500000000e-02,8.072663909268e+06,1.255961497071e-02,1.057337476834e+02,1.054159019407e+02,5.692341535301e+02,5.769023637285e+02,2.760251530445e+06,1.367614699070e+06,4.282427280832e+01,7.018774371679e+02,6.918294752800e+02,1.054165644626e+02,1.523736241795e-01,7.754561576087e-04,7.777924629200e-04,1.003015159353e+00,2.326985351857e+01
2.123539232053e-01,3.182566090376e-04,1.006500000000e-02,8.070785177206e+06,1.283531812881e-02,1.057662961649e+02,1.054424141244e+02,5.692190031813e+02,5.768973689966e+02,2.760285883395e+06,1.367587893264e+06,4.281244585233e+01,7.018851184229e+02,6.890313538321e+02,1.054431041338e+02,1.530309231174e-01,7.924588801216e-04,7.948911004187e-04,1.003071648569e+00,2.326985994498e+01
2.143572621035e-01,3.182566090376e-04,1.006500000000e-02,8.068869806950e+06,1.311604104854e-02,1.057994398713e+02,1.054694244891e+02,5.692035045685e+02,5.768922813816e+02,2.760320605548e+06,1.367560591664e+06,4.280040396204e+01,7.018929381325e+02,6.862194778435e+02,1.054701430333e+02,1.536973904686e-01,8.097703131704e-04,8.123020382060e-04,1.003129014724e+00,2.326986650579e+01
2.163606010017e-01,3.182566090376e-04,1.006500000000e-02,8.066917073220e+06,1.340187344154e-02,1.058331901815e+02,1.054969425316e+02,5.691876512096e+02,5.768870991592e+02,2.760355707151e+06,1.367532785140e+06,4.278814276485e+01,7.019008987501e+02,6.833941521097e+02,1.054976906964e+02,1.543731247490e-01,8.273959322463e-04,8.300308807885e-04,1.003187273885e+00,2.326987320614e+01
2.183639398998e-01,3.182566090376e-04,1.006500000000e-02,8.064926232129e+06,1.369290711382e-02,1.058675587890e+02,1.055249779876e+02,5.691714364634e+02,5.768818205632e+02,2.760391198773e+06,1.367504464340e+06,4.277565777390e+01,7.019090027860e+02,6.805556816079e+02,1.055257568992e+02,1.550582263158e-01,8.453413386510e-04,8.480833634850e-04,1.003246442766e+00,2.326988005130e+01
2.203672787980e-01,3.182566090376e-04,1.006500000000e-02,8.062896520477e+06,1.398923604094e-02,1.059025577119e+02,1.055535408411e+02,5.691548535221e+02,5.768764437841e+02,2.760427091305e+06,1.367475619684e+06,4.276294438446e+01,7.019172528095e+02,6.777043712262e+02,1.055543516677e+02,1.557527974576e-01,8.636122639436e-04,8.664653570913e-04,1.003306538729e+00,2.326988704675e+01
2.223706176962e-01,3.182566090376e-04,1.006500000000e-02,8.060827155024e+06,1.429095644571e-02,1.059381993038e+02,1.055826413333e+02,5.691378954019e+02,5.768709669674e+02,2.760463395958e+06,1.367446241356e+06,4.274999787024e+01,7.019256514512e+02,6.748405254997e+02,1.055834852867e+02,1.564569424880e-01,8.822145745400e-04,8.851828727088e-04,1.003367579803e+00,2.326989419814e+01
2.243739565943e-01,3.182566090376e-04,1.006500000000e-02,8.058717331737e+06,1.459816687885e-02,1.059744962654e+02,1.056122899726e+02,5.691205549347e+02,5.768653882120e+02,2.760500124260e+06,1.367416319296e+06,4.273681337940e+01,7.019342014046e+02,6.719644483555e+02,1.056131683099e+02,1.571707678410e-01,9.011542764737e-04,9.042420667469e-04,1.003429584690e+00,2.326990151130e+01
2.263772954925e-01,3.182566090376e-04,1.006500000000e-02,8.056566225006e+06,1.491096830251e-02,1.060114616560e+02,1.056424975442e+02,5.691028247587e+02,5.768597055685e+02,2.760537288059e+06,1.367385843188e+06,4.272338593048e+01,7.019429054289e+02,6.690764428630e+02,1.056434115697e+02,1.578943821691e-01,9.204375203309e-04,9.236492461132e-04,1.003492572784e+00,2.326990899224e+01
2.283806343907e-01,3.182566090376e-04,1.006500000000e-02,8.054372986834e+06,1.522946417714e-02,1.060491089067e+02,1.056732751208e+02,5.690846973091e+02,5.768539170375e+02,2.760574899524e+06,1.367354802456e+06,4.270971040804e+01,7.019517663509e+02,6.661768109926e+02,1.056742261880e+02,1.586278964448e-01,9.400706063684e-04,9.434108736006e-04,1.003556564188e+00,2.326991664719e+01
2.303839732888e-01,3.182566090376e-04,1.006500000000e-02,8.052136745994e+06,1.555376055161e-02,1.060874518332e+02,1.057046340730e+02,5.690661648092e+02,5.768480205675e+02,2.760612971144e+06,1.367323186249e+06,4.269578155818e+01,7.019607870678e+02,6.632658533798e+02,1.057056235868e+02,1.593714240650e-01,9.600599898295e-04,9.635335734866e-04,1.003621579731e+00,2.326992448256e+01
2.323873121870e-01,3.182566090376e-04,1.006500000000e-02,8.049856607150e+06,1.588396615711e-02,1.061265046503e+02,1.057365860810e+02,5.690472192600e+02,5.768420140536e+02,2.760651515733e+06,1.367290983435e+06,4.268159398380e+01,7.019699705493e+02,6.603438690952e+02,1.057376154996e+02,1.601250809589e-01,9.804122864664e-04,9.840241373549e-04,1.003687640993e+00,2.326993250495e+01
2.343906510851e-01,3.182566090376e-04,1.006500000000e-02,8.047531649950e+06,1.622019250467e-02,1.061662819864e+02,1.057691431463e+02,5.690278524304e+02,5.768358953347e+02,2.760690546434e+06,1.367258182589e+06,4.266714213970e+01,7.019793198405e+02,6.574111554210e+02,1.057702139834e+02,1.608889856998e-01,1.001134278283e-03,1.004889530155e-03,1.003754770326e+00,2.326994072120e+01
2.363939899833e-01,3.182566090376e-04,1.006500000000e-02,8.045160928076e+06,1.656255398694e-02,1.062067988989e+02,1.058023176037e+02,5.690080558469e+02,5.768296621922e+02,2.760730076717e+06,1.367224771982e+06,4.265242032739e+01,7.019888380648e+02,6.544680076323e+02,1.058034314311e+02,1.616632596204e-01,1.022232919513e-03,1.026136896511e-03,1.003822990879e+00,2.326994913832e+01
2.383973288815e-01,3.182566090376e-04,1.006500000000e-02,8.042743468255e+06,1.691116798407e-02,1.062480708905e+02,1.058361221345e+02,5.689878207827e+02,5.768233123474e+02,2.760770120390e+06,1.367190739569e+06,4.263742268974e+01,7.019985284262e+02,6.515147187845e+02,1.058372805843e+02,1.624480269330e-01,1.043715342839e-03,1.047773567296e-03,1.003892326624e+00,2.326995776356e+01
2.404006677796e-01,3.182566090376e-04,1.006500000000e-02,8.040278269234e+06,1.726615497417e-02,1.062901139263e+02,1.058705697796e+02,5.689671382464e+02,5.768168434594e+02,2.760810691600e+06,1.367156072980e+06,4.262214320535e+01,7.020083942129e+02,6.485515795053e+02,1.058717745471e+02,1.632434148535e-01,1.065588865879e-03,1.069807066487e-03,1.003962802387e+00,2.326996660436e+01
2.424040066778e-01,3.182566090376e-04,1.006500000000e-02,8.037764300707e+06,1.762763864859e-02,1.063329444518e+02,1.059056739536e+02,5.689459989707e+02,5.768102531225e+02,2.760851804839e+06,1.367120759506e+06,4.260657568267e+01,7.020184387997e+02,6.455788777924e+02,1.059069267998e+02,1.640495537306e-01,1.087860997940e-03,1.092245118315e-03,1.004034443880e+00,2.326997566839e+01
2.444073455760e-01,3.182566090376e-04,1.006500000000e-02,8.035200502198e+06,1.799574603213e-02,1.063765794114e+02,1.059414484596e+02,5.689243934001e+02,5.768035388643e+02,2.760893474948e+06,1.367084786084e+06,4.259071375388e+01,7.020286656522e+02,6.425968988157e+02,1.059427512140e+02,1.648665771796e-01,1.110539447067e-03,1.115095654726e-03,1.004107277729e+00,2.326998496355e+01
2.464106844741e-01,3.182566090376e-04,1.006500000000e-02,8.032585781896e+06,1.837060760868e-02,1.064210362685e+02,1.059779075043e+02,5.689023116784e+02,5.767966981426e+02,2.760935717126e+06,1.367048139289e+06,4.257455086849e+01,7.020390783292e+02,6.396059247243e+02,1.059792620681e+02,1.656946222219e-01,1.133632127396e-03,1.138366823170e-03,1.004181331512e+00,2.326999449794e+01
2.484140233723e-01,3.182566090376e-04,1.006500000000e-02,8.029919015442e+06,1.875235745236e-02,1.064663330258e+02,1.060150657142e+02,5.688797436356e+02,5.767897283432e+02,2.760978546935e+06,1.367010805315e+06,4.255808028663e+01,7.020496804870e+02,6.366062344591e+02,1.060164740633e+02,1.665338294296e-01,1.157147166830e-03,1.162066994747e-03,1.004256633797e+00,2.327000427988e+01
2.504173622705e-01,3.182566090376e-04,1.006500000000e-02,8.027199044658e+06,1.914113336467e-02,1.065124882473e+02,1.060529381522e+02,5.688566787746e+02,5.767826267766e+02,2.761021980306e+06,1.366972769963e+06,4.254129507213e+01,7.020604758828e+02,6.335981035694e+02,1.060544023406e+02,1.673843430768e-01,1.181092915053e-03,1.186204772706e-03,1.004333214177e+00,2.327001431792e+01
2.524207011686e-01,3.182566090376e-04,1.006500000000e-02,8.024424676227e+06,1.953707701785e-02,1.065595210811e+02,1.060915403355e+02,5.688331062562e+02,5.767753906756e+02,2.761066033549e+06,1.366934018625e+06,4.252418808514e+01,7.020714683784e+02,6.305818040338e+02,1.060930624990e+02,1.682463112958e-01,1.205477951909e-03,1.210789001347e-03,1.004411103318e+00,2.327002462083e+01
2.544240400668e-01,3.182566090376e-04,1.006500000000e-02,8.021594680306e+06,1.994033410480e-02,1.066074512831e+02,1.061308882540e+02,5.688090148852e+02,5.767680171919e+02,2.761110723357e+06,1.366894536266e+06,4.250675197458e+01,7.020826619448e+02,6.275576040872e+02,1.061324706132e+02,1.691198862415e-01,1.230311096150e-03,1.235828775313e-03,1.004490332993e+00,2.327003519758e+01
2.564273789649e-01,3.182566090376e-04,1.006500000000e-02,8.018707789086e+06,2.035105449601e-02,1.066562992423e+02,1.061709983893e+02,5.687843930946e+02,5.767605033930e+02,2.761156066820e+06,1.366854307414e+06,4.248897917004e+01,7.020940606659e+02,6.245257680509e+02,1.061726432543e+02,1.700052242611e-01,1.255601414590e-03,1.261333449329e-03,1.004570936135e+00,2.327004605736e+01
2.584307178631e-01,3.182566090376e-04,1.006500000000e-02,8.015762695285e+06,2.076939240377e-02,1.067060860071e+02,1.062118877354e+02,5.687592289294e+02,5.767528462590e+02,2.761202081433e+06,1.366813316133e+06,4.247086187345e+01,7.021056687435e+02,6.214865561683e+02,1.062135975094e+02,1.709024860718e-01,1.281358231673e-03,1.287312648384e-03,1.004652946881e+00,2.327005720956e+01
2.604340567613e-01,3.182566090376e-04,1.006500000000e-02,8.012758050562e+06,2.119550655409e-02,1.067568333132e+02,1.062535738198e+02,5.687335100262e+02,5.767450426792e+02,2.761248785106e+06,1.366771546012e+06,4.245239205048e+01,7.021174905014e+02,6.184402244468e+02,1.062553510034e+02,1.718118369458e-01,1.307591139492e-03,1.313776278402e-03,1.004736400624e+00,2.327006866378e+01
2.624373956594e-01,3.182566090376e-04,1.006500000000e-02,8.009692463876e+06,2.162956036688e-02,1.068085636123e+02,1.062960747260e+02,5.687072236017e+02,5.767370894480e+02,2.761296196171e+06,1.366728980144e+06,4.243356142150e+01,7.021295303909e+02,6.153870244996e+02,1.062979219218e+02,1.727334469039e-01,1.334310008273e-03,1.340734537418e-03,1.004821334066e+00,2.327008042981e+01
2.644407345576e-01,3.182566090376e-04,1.006500000000e-02,8.006564499760e+06,2.207172214473e-02,1.068613001034e+02,1.063394091168e+02,5.686803564319e+02,5.767289832613e+02,2.761344333386e+06,1.366685601104e+06,4.241436145210e+01,7.021417929955e+02,6.123272033944e+02,1.063413290341e+02,1.736674909177e-01,1.361524997359e-03,1.368197927300e-03,1.004907785278e+00,2.327009251761e+01
2.664440734558e-01,3.182566090376e-04,1.006500000000e-02,8.003372676512e+06,2.252216527090e-02,1.069150667647e+02,1.063835962590e+02,5.686528948318e+02,5.767207207126e+02,2.761393215953e+06,1.366641390929e+06,4.239478334315e+01,7.021542830369e+02,6.092610035067e+02,1.063855917192e+02,1.746141491198e-01,1.389246566719e-03,1.396177266026e-03,1.004995793754e+00,2.327010493732e+01
2.684474123539e-01,3.182566090376e-04,1.006500000000e-02,8.000115464309e+06,2.298106841693e-02,1.069698883876e+02,1.064286560495e+02,5.686248246348e+02,5.767122982887e+02,2.761442863524e+06,1.366596331097e+06,4.237481802040e+01,7.021670053798e+02,6.061886623770e+02,1.064307299909e+02,1.755736070246e-01,1.417485488996e-03,1.424683700571e-03,1.005085400476e+00,2.327011769922e+01
2.704507512521e-01,3.182566090376e-04,1.006500000000e-02,7.996791283226e+06,2.344861576043e-02,1.070257906124e+02,1.064746090425e+02,5.685961311718e+02,5.767037123650e+02,2.761493296216e+06,1.366550402503e+06,4.235445612354e+01,7.021799650389e+02,6.031104125724e+02,1.064767645263e+02,1.765460557581e-01,1.446252862155e-03,1.453728720423e-03,1.005176647981e+00,2.327013081375e+01
2.724540901503e-01,3.182566090376e-04,1.006500000000e-02,7.993398501164e+06,2.392499721379e-02,1.070827999658e+02,1.065214764781e+02,5.685667992484e+02,5.766949592016e+02,2.761544534617e+06,1.366503585433e+06,4.233368799478e+01,7.021931671842e+02,6.000264815516e+02,1.065237166941e+02,1.775316922990e-01,1.475560122736e-03,1.483324171771e-03,1.005269580429e+00,2.327014429143e+01
2.744574290484e-01,3.182566090376e-04,1.006500000000e-02,7.989935431669e+06,2.441040866413e-02,1.071409439003e+02,1.065692803127e+02,5.685368131217e+02,5.766860349375e+02,2.761596599809e+06,1.366455859541e+06,4.231250366691e+01,7.022066171484e+02,5.969370915356e+02,1.065716085856e+02,1.785307197303e-01,1.505419059765e-03,1.513482272404e-03,1.005364243673e+00,2.327015814293e+01
2.764607679466e-01,3.182566090376e-04,1.006500000000e-02,7.986400331661e+06,2.490505222555e-02,1.072002508362e+02,1.066180432506e+02,5.685061564751e+02,5.766769355861e+02,2.761649513370e+06,1.366407203822e+06,4.229089285074e+01,7.022203204335e+02,5.938424593810e+02,1.066204630468e+02,1.795433475032e-01,1.535841829352e-03,1.544215627363e-03,1.005460685339e+00,2.327017237893e+01
2.784641068447e-01,3.182566090376e-04,1.006500000000e-02,7.982791399035e+06,2.540913650403e-02,1.072607502055e+02,1.066677887779e+02,5.684748123927e+02,5.766676570298e+02,2.761703297393e+06,1.366357596580e+06,4.226884492200e+01,7.022342827180e+02,5.907427964585e+02,1.066703037123e+02,1.805697917127e-01,1.566840970020e-03,1.575537245389e-03,1.005558954905e+00,2.327018701021e+01
2.804674457429e-01,3.182566090376e-04,1.006500000000e-02,7.979106770150e+06,2.592287687595e-02,1.073224724978e+02,1.067185411972e+02,5.684427633316e+02,5.766581950142e+02,2.761757974500e+06,1.366307015403e+06,4.224634890753e+01,7.022485098650e+02,5.876383085344e+02,1.067211550407e+02,1.816102753868e-01,1.598429418808e-03,1.607460556214e-03,1.005659103787e+00,2.327020204753e+01
2.824707846411e-01,3.182566090376e-04,1.006500000000e-02,7.975344517193e+06,2.644649578104e-02,1.073854493096e+02,1.067703256654e+02,5.684099910933e+02,5.766485451418e+02,2.761813567855e+06,1.366255437131e+06,4.222339347086e+01,7.022630079297e+02,5.845291956572e+02,1.067730423530e+02,1.826650287894e-01,1.630620528187e-03,1.639999428751e-03,1.005761185426e+00,2.327021750165e+01
2.844741235392e-01,3.182566090376e-04,1.006500000000e-02,7.971502645399e+06,2.698022303048e-02,1.074497133956e+02,1.068231682329e+02,5.683764767930e+02,5.766387028666e+02,2.761870101176e+06,1.366202837819e+06,4.219996689696e+01,7.022777831685e+02,5.814156520466e+02,1.068259918715e+02,1.837342897383e-01,1.663428083851e-03,1.673168190227e-03,1.005865255385e+00,2.327023338325e+01
2.864774624374e-01,3.182566090376e-04,1.006500000000e-02,7.967579090140e+06,2.752429613130e-02,1.075152987234e+02,1.068770958849e+02,5.683422008275e+02,5.766286634866e+02,2.761927598756e+06,1.366149192706e+06,4.217605707639e+01,7.022928420478e+02,5.782978659877e+02,1.068800307626e+02,1.848183039376e-01,1.696866323418e-03,1.706981646333e-03,1.005971371445e+00,2.327024970294e+01
2.884808013356e-01,3.182566090376e-04,1.006500000000e-02,7.963571713849e+06,2.807896062788e-02,1.075822405309e+02,1.069321365854e+02,5.683071428420e+02,5.766184221376e+02,2.761986085475e+06,1.366094476180e+06,4.215165148839e+01,7.023081912533e+02,5.751760197275e+02,1.069351871805e+02,1.859173253280e-01,1.730949956114e-03,1.741455102433e-03,1.006079593715e+00,2.327026647118e+01
2.904841402337e-01,3.182566090376e-04,1.006500000000e-02,7.959478302784e+06,2.864447046179e-02,1.076505753871e+02,1.069883193233e+02,5.682712816934e+02,5.766079737853e+02,2.762045586814e+06,1.366038661735e+06,4.212673718335e+01,7.023238377003e+02,5.720502893754e+02,1.069914903147e+02,1.870316164537e-01,1.765694183484e-03,1.776604385922e-03,1.006189984738e+00,2.327028369825e+01
2.924874791319e-01,3.182566090376e-04,1.006500000000e-02,7.955296563621e+06,2.922108835090e-02,1.077203412565e+02,1.070456741616e+02,5.682345954132e+02,5.765973132181e+02,2.762106128879e+06,1.365981721932e+06,4.210130076413e+01,7.023397885441e+02,5.689208448075e+02,1.070489704388e+02,1.881614488481e-01,1.801114721210e-03,1.812445869781e-03,1.006302609612e+00,2.327030139419e+01
2.944908180301e-01,3.182566090376e-04,1.006500000000e-02,7.951024119850e+06,2.980908618937e-02,1.077915775673e+02,1.071042322891e+02,5.681970611674e+02,5.765864350383e+02,2.762167738411e+06,1.365923628360e+06,4.207532836648e+01,7.023560511911e+02,5.657878495725e+02,1.071076589639e+02,1.893071034396e-01,1.837227822089e-03,1.848996497430e-03,1.006417536110e+00,2.327031956876e+01
2.964941569282e-01,3.182566090376e-04,1.006500000000e-02,7.946658507977e+06,3.040874546937e-02,1.078643252836e+02,1.071640260752e+02,5.681586552142e+02,5.765753336543e+02,2.762230442809e+06,1.365864351584e+06,4.204880563839e+01,7.023726333105e+02,5.626514608021e+02,1.071675884931e+02,1.904688709780e-01,1.874050300253e-03,1.886273808941e-03,1.006534834814e+00,2.327033823140e+01
2.984974958264e-01,3.182566090376e-04,1.006500000000e-02,7.942197173504e+06,3.102035772646e-02,1.079386269817e+02,1.072250891280e+02,5.681193528587e+02,5.765640032708e+02,2.762294270147e+06,1.365803861103e+06,4.202171771823e+01,7.023895428470e+02,5.595118291225e+02,1.072287928812e+02,1.916470524840e-01,1.911599556720e-03,1.924295968715e-03,1.006654579255e+00,2.327035739112e+01
3.005008347245e-01,3.182566090376e-04,1.006500000000e-02,7.937637466679e+06,3.164422500978e-02,1.080145269313e+02,1.072874563558e+02,5.680791284062e+02,5.765524378796e+02,2.762359249191e+06,1.365742125298e+06,4.199404921169e+01,7.024067880338e+02,5.563690985693e+02,1.072913072967e+02,1.928419597216e-01,1.949893606335e-03,1.963081794715e-03,1.006776846056e+00,2.327037705652e+01
3.025041736227e-01,3.182566090376e-04,1.006500000000e-02,7.932976637994e+06,3.228066037902e-02,1.080920711817e+02,1.073511640325e+02,5.680379551106e+02,5.765406312495e+02,2.762425409422e+06,1.365679111375e+06,4.196578416739e+01,7.024243774062e+02,5.532234065034e+02,1.073551682876e+02,1.940539156977e-01,1.988951106223e-03,2.002650789360e-03,1.006901715095e+00,2.327039723567e+01
3.045075125209e-01,3.182566090376e-04,1.006500000000e-02,7.928211833408e+06,3.292998842979e-02,1.081713076534e+02,1.074162498668e+02,5.679958051216e+02,5.765285769150e+02,2.762492781056e+06,1.365614785313e+06,4.193690605100e+01,7.024423198165e+02,5.500748835288e+02,1.074204138524e+02,1.952832551876e-01,2.028791385837e-03,2.043023172186e-03,1.007029269664e+00,2.327041793608e+01
3.065108514190e-01,3.182566090376e-04,1.006500000000e-02,7.923340089285e+06,3.359254584953e-02,1.082522862349e+02,1.074827530759e+02,5.679526494265e+02,5.765162681656e+02,2.762561395062e+06,1.365549111803e+06,4.190739771783e+01,7.024606244498e+02,5.469236534113e+02,1.074870835141e+02,1.965303252907e-01,2.069434478709e-03,2.084219914412e-03,1.007159596652e+00,2.327043916463e+01
3.085141903172e-01,3.182566090376e-04,1.006500000000e-02,7.918358327003e+06,3.426868200593e-02,1.083350588866e+02,1.075507144633e+02,5.679084577903e+02,5.765036980330e+02,2.762631283189e+06,1.365482054183e+06,4.187724138380e+01,7.024793008399e+02,5.437698329976e+02,1.075552183996e+02,1.977954860179e-01,2.110901156028e-03,2.126262775529e-03,1.007292786730e+00,2.327046092755e+01
3.105175292154e-01,3.182566090376e-04,1.006500000000e-02,7.913263347233e+06,3.495875957030e-02,1.084196797508e+02,1.076201765027e+02,5.678631986897e+02,5.764908592790e+02,2.762702477982e+06,1.365413574370e+06,4.184641859446e+01,7.024983588869e+02,5.406135321343e+02,1.076248613242e+02,1.990791109119e-01,2.153212962163e-03,2.169174342060e-03,1.007428934555e+00,2.327048323029e+01
3.125208681135e-01,3.182566090376e-04,1.006500000000e-02,7.908051823831e+06,3.566315517843e-02,1.085062052694e+02,1.076911834260e+02,5.678168392440e+02,5.764777443813e+02,2.762775012811e+06,1.365343632793e+06,4.181491019217e+01,7.025178088759e+02,5.374548535860e+02,1.076960568814e+02,2.003815877051e-01,2.196392252279e-03,2.212978068651e-03,1.007568138982e+00,2.327050607756e+01
3.145242070117e-01,3.182566090376e-04,1.006500000000e-02,7.902720297339e+06,3.638226013159e-02,1.085946943088e+02,1.077637813178e+02,5.677693451407e+02,5.764643455192e+02,2.762848921891e+06,1.365272188311e+06,4.178269628105e+01,7.025376614963e+02,5.342938929517e+02,1.077688515382e+02,2.017033190157e-01,2.240462232183e-03,2.257698321662e-03,1.007710503295e+00,2.327052947321e+01
3.165275459098e-01,3.182566090376e-04,1.006500000000e-02,7.897265168038e+06,3.711648114078e-02,1.086852082940e+02,1.078380182160e+02,5.677206805559e+02,5.764506545581e+02,2.762924240308e+06,1.365199198136e+06,4.174975618964e+01,7.025579278625e+02,5.311307385788e+02,1.078432937378e+02,2.030447230872e-01,2.285447000565e-03,2.303360425436e-03,1.007856135452e+00,2.327055342023e+01
3.185308848080e-01,3.182566090376e-04,1.006500000000e-02,7.891682688520e+06,3.786624111741e-02,1.087778113515e+02,1.079139442191e+02,5.676708080689e+02,5.764366630334e+02,2.763001004044e+06,1.365124617747e+06,4.171606843103e+01,7.025786195359e+02,5.279654714736e+02,1.079194340082e+02,2.044062345724e-01,2.331371593818e-03,2.349990711464e-03,1.008005148349e+00,2.327057792073e+01
3.205342237062e-01,3.182566090376e-04,1.006500000000e-02,7.885968955746e+06,3.863198001417e-02,1.088725704623e+02,1.079916116008e+02,5.676196885704e+02,5.764223621325e+02,2.763079250003e+06,1.365048400794e+06,4.168161066025e+01,7.025997485487e+02,5.247981652072e+02,1.079973250782e+02,2.057883053679e-01,2.378262033622e-03,2.397616570643e-03,1.008157660104e+00,2.327060297586e+01
3.225375626043e-01,3.182566090376e-04,1.006500000000e-02,7.880119902529e+06,3.941415571980e-02,1.089695556260e+02,1.080710749328e+02,5.675672811645e+02,5.764077426768e+02,2.763159016035e+06,1.364970499006e+06,4.164635962862e+01,7.026213274279e+02,5.216288858155e+02,1.080770220023e+02,2.071914055016e-01,2.426145377501e-03,2.446266508901e-03,1.008313794359e+00,2.327062858585e+01
3.245409015025e-01,3.182566090376e-04,1.006500000000e-02,7.874131288400e+06,4.021324501225e-02,1.090688400360e+02,1.081523912156e+02,5.675135430621e+02,5.763927951009e+02,2.763240340969e+06,1.364890862085e+06,4.161029113487e+01,7.026433692227e+02,5.184576916925e+02,1.081585822940e+02,2.086160240788e-01,2.475049772587e-03,2.495970206418e-03,1.008473680611e+00,2.327065475001e+01
3.265442404007e-01,3.182566090376e-04,1.006500000000e-02,7.867998689794e+06,4.102974457488e-02,1.091705002686e+02,1.082356200190e+02,5.674584294668e+02,5.763775094322e+02,2.763323264634e+06,1.364809437592e+06,4.157337997269e+01,7.026658875318e+02,5.152846334747e+02,1.082420660675e+02,2.100626702907e-01,2.525004512836e-03,2.546758580761e-03,1.008637454559e+00,2.327068146670e+01
3.285475792988e-01,3.182566090376e-04,1.006500000000e-02,7.861717489492e+06,4.186417208089e-02,1.092746164851e+02,1.083208236329e+02,5.674018934520e+02,5.763618752675e+02,2.763407827893e+06,1.364726170830e+06,4.153559987434e+01,7.026888965336e+02,5.121097539152e+02,1.083275361916e+02,2.115318744926e-01,2.576040099981e-03,2.598663854238e-03,1.008805258492e+00,2.327070873340e+01
3.305509181970e-01,3.182566090376e-04,1.006500000000e-02,7.855282865261e+06,4.271706735176e-02,1.093812726500e+02,1.084080672285e+02,5.673438858275e+02,5.763458817489e+02,2.763494072667e+06,1.364641004718e+06,4.149692345010e+01,7.027124110183e+02,5.089330877463e+02,1.084150584535e+02,2.130241893559e-01,2.628188308510e-03,2.651719625823e-03,1.008977241697e+00,2.327073654674e+01
3.325542570952e-01,3.182566090376e-04,1.006500000000e-02,7.848689777594e+06,4.358899359598e-02,1.094905567656e+02,1.084974190322e+02,5.672843549955e+02,5.763295175376e+02,2.763582041969e+06,1.364553879650e+06,4.145732212291e+01,7.027364464215e+02,5.057546615281e+02,1.085047017351e+02,2.145401911022e-01,2.681482255008e-03,2.705960948038e-03,1.009153560907e+00,2.327076490256e+01
3.345575959933e-01,3.182566090376e-04,1.006500000000e-02,7.841932956488e+06,4.448053873497e-02,1.096025611248e+02,1.085889505120e+02,5.672232467947e+02,5.763127707855e+02,2.763671779931e+06,1.364464733353e+06,4.141676605806e+01,7.027610188608e+02,5.025744934808e+02,1.085965382026e+02,2.160804808267e-01,2.735956472234e-03,2.761424409221e-03,1.009334380781e+00,2.327079379602e+01
3.365609348915e-01,3.182566090376e-04,1.006500000000e-02,7.835006887150e+06,4.539231682397e-02,1.097173825840e+02,1.086827365786e+02,5.671605043313e+02,5.762956291058e+02,2.763763331837e+06,1.364373500731e+06,4.137522408723e+01,7.027861451746e+02,4.993925932994e+02,1.086906435111e+02,2.176456859181e-01,2.791646988311e-03,2.818148221634e-03,1.009519874434e+00,2.327082322169e+01
3.385642737896e-01,3.182566090376e-04,1.006500000000e-02,7.827905794531e+06,4.632496957633e-02,1.098351228583e+02,1.087788558016e+02,5.670960677957e+02,5.762780795398e+02,2.763856744148e+06,1.364280113690e+06,4.133266362638e+01,7.028118429631e+02,4.962089619469e+02,1.087870970247e+02,2.192364615864e-01,2.848591411500e-03,2.876172315948e-03,1.009710224003e+00,2.327085317367e+01
3.405676126878e-01,3.182566090376e-04,1.006500000000e-02,7.820623626586e+06,4.727916800061e-02,1.099558888404e+02,1.088773906438e+02,5.670298742626e+02,5.762601085225e+02,2.763952064538e+06,1.364184500961e+06,4.128905058701e+01,7.028381306334e+02,4.930235914249e+02,1.088859820542e+02,2.208534925063e-01,2.906829021021e-03,2.935538442660e-03,1.009905621270e+00,2.327088364579e+01
3.425709515860e-01,3.182566090376e-04,1.006500000000e-02,7.813154036105e+06,4.825561416094e-02,1.100797929462e+02,1.089784277128e+02,5.669618574748e+02,5.762417018447e+02,2.764049341921e+06,1.364086587906e+06,4.124434927999e+01,7.028650274464e+02,4.898364645174e+02,1.089873861136e+02,2.224974945892e-01,2.966400864473e-03,2.996290281089e-03,1.010106268337e+00,2.327091463174e+01
3.445742904841e-01,3.182566090376e-04,1.006500000000e-02,7.805490361006e+06,4.925504307221e-02,1.102069534897e+02,1.090820580346e+02,5.668919476059e+02,5.762228446126e+02,2.764148626478e+06,1.363986296303e+06,4.119852231133e+01,7.028925535685e+02,4.866475545054e+02,1.090914011983e+02,2.241692168969e-01,3.027349862444e-03,3.058473556636e-03,1.010312378363e+00,2.327094612534e+01
3.465776293823e-01,3.182566090376e-04,1.006500000000e-02,7.797625602914e+06,5.027822474296e-02,1.103374950902e+02,1.091883773490e+02,5.668200710035e+02,5.762035212040e+02,2.764249969690e+06,1.363883544120e+06,4.115153046909e+01,7.029207301257e+02,4.834568248480e+02,1.091981240859e+02,2.258694437093e-01,3.089720920975e-03,3.122136167117e-03,1.010524176374e+00,2.327097812073e+01
3.485809682805e-01,3.182566090376e-04,1.006500000000e-02,7.789552403851e+06,5.132596638034e-02,1.104715491142e+02,1.092974864297e+02,5.667461499069e+02,5.761837152204e+02,2.764353424361e+06,1.363778245270e+06,4.110333260043e+01,7.029495792630e+02,4.802642288275e+02,1.093076566624e+02,2.275989967632e-01,3.153561052608e-03,3.187328319006e-03,1.010741900137e+00,2.327101061267e+01
3.505843071786e-01,3.182566090376e-04,1.006500000000e-02,7.781263020855e+06,5.239911477302e-02,1.106092541581e+02,1.094094914331e+02,5.666701021398e+02,5.761634094366e+02,2.764459044643e+06,1.363670309348e+06,4.105388547801e+01,7.029791242077e+02,4.770697091539e+02,1.094201062769e+02,2.293587376801e-01,3.218919506826e-03,3.254102674580e-03,1.010965801132e+00,2.327104359682e+01
3.525876460768e-01,3.182566090376e-04,1.006500000000e-02,7.772749298303e+06,5.349855886997e-02,1.107507565727e+02,1.095245042756e+02,5.665918407733e+02,5.761425857442e+02,2.764566886058e+06,1.363559641334e+06,4.100314365438e+01,7.030093893379e+02,4.738731975236e+02,1.095355861268e+02,2.311495706008e-01,3.285847910802e-03,3.322514511019e-03,1.011196145604e+00,2.327107707009e+01
3.545909849750e-01,3.182566090376e-04,1.006500000000e-02,7.764002637698e+06,5.462523257479e-02,1.108962110374e+02,1.096426430463e+02,5.665112737567e+02,5.761212250915e+02,2.764677005520e+06,1.363446141292e+06,4.095105930330e+01,7.030404002558e+02,4.706746141294e+02,1.096542156775e+02,2.329724450518e-01,3.354400421438e-03,3.392621892677e-03,1.011433215729e+00,2.327111103100e+01
3.565943238731e-01,3.182566090376e-04,1.006500000000e-02,7.755013964643e+06,5.578011777807e-02,1.110457811865e+02,1.097640324554e+02,5.664283035129e+02,5.760993074180e+02,2.764789461344e+06,1.363329704021e+06,4.089758204658e+01,7.030721838682e+02,4.674738671161e+02,1.097761211204e+02,2.348283590644e-01,3.424633889825e-03,3.464485857855e-03,1.011677310886e+00,2.327114548007e+01
3.585976627713e-01,3.182566090376e-04,1.006500000000e-02,7.745773692710e+06,5.696424765263e-02,1.111996402963e+02,1.098888043245e+02,5.663428264929e+02,5.760768115828e+02,2.764904313264e+06,1.363210218692e+06,4.084265876484e+01,7.031047684722e+02,4.642708519751e+02,1.099014358724e+02,2.367183625784e-01,3.496608039379e-03,3.538170621595e-03,1.011928749064e+00,2.327118042029e+01
3.606010016694e-01,3.182566090376e-04,1.006500000000e-02,7.736271683845e+06,5.817871024027e-02,1.113579720378e+02,1.100170981230e+02,5.662547326854e+02,5.760537152867e+02,2.765021622423e+06,1.363087568444e+06,4.078623339067e+01,7.031381838489e+02,4.610654508712e+02,1.100303011232e+02,2.386435611588e-01,3.570385659101e-03,3.613743796215e-03,1.012187868410e+00,2.327121585754e+01
3.626043405676e-01,3.182566090376e-04,1.006500000000e-02,7.726497204925e+06,5.942465236212e-02,1.115209713036e+02,1.101490615546e+02,5.661639050750e+02,5.760299949873e+02,2.765141451362e+06,1.362961629946e+06,4.072824668241e+01,7.031724613653e+02,4.578575318945e+02,1.101628664340e+02,2.406051200646e-01,3.646032813567e-03,3.691276631561e-03,1.012455028937e+00,2.327125180115e+01
3.646076794658e-01,3.182566090376e-04,1.006500000000e-02,7.716438880035e+06,6.070328388899e-02,1.116888451181e+02,1.102848512019e+02,5.660702190420e+02,5.760056258061e+02,2.765263863976e+06,1.362832272919e+06,4.066863597665e+01,7.032076340843e+02,4.546469482259e+02,1.102992903952e+02,2.426042687091e-01,3.723619071493e-03,3.770844277167e-03,1.012730614413e+00,2.327128826439e+01
3.666110183639e-01,3.182566090376e-04,1.006500000000e-02,7.706084637979e+06,6.201588241198e-02,1.118618136402e+02,1.104246332339e+02,5.659735416980e+02,5.759805814268e+02,2.765388925455e+06,1.362699359611e+06,4.060733491656e+01,7.032437368849e+02,4.514335372116e+02,1.104397413493e+02,2.446423055572e-01,3.803217754860e-03,3.852526068758e-03,1.013015034456e+00,2.327132526500e+01
3.686143572621e-01,3.182566090376e-04,1.006500000000e-02,7.695421654414e+06,6.336379835816e-02,1.120401112711e+02,1.105685841857e+02,5.658737311543e+02,5.759548339838e+02,2.765516702221e+06,1.362562744224e+06,4.054427315211e+01,7.032808065940e+02,4.482171193394e+02,1.105843981871e+02,2.467206035103e-01,3.884906210630e-03,3.936405841631e-03,1.013308726852e+00,2.327136282592e+01
3.706176961603e-01,3.182566090376e-04,1.006500000000e-02,7.684436287950e+06,6.474846060201e-02,1.122239878781e+02,1.107168918177e+02,5.657706357150e+02,5.759283539398e+02,2.765647261885e+06,1.362422272285e+06,4.047937600798e+01,7.033188821286e+02,4.449974971082e+02,1.107334512257e+02,2.488406158356e-01,3.968766107427e-03,4.022572273844e-03,1.013612160129e+00,2.327140097594e+01
3.726210350584e-01,3.182566090376e-04,1.006500000000e-02,7.673114009567e+06,6.617138263290e-02,1.124137101518e+02,1.108697560651e+02,5.656640929775e+02,5.759011099510e+02,2.765780673156e+06,1.362277779954e+06,4.041256411841e+01,7.033580046528e+02,4.417744537775e+02,1.108871031795e+02,2.510038827084e-01,4.054883760378e-03,4.111119263086e-03,1.013925836419e+00,2.327143975043e+01
3.746243739566e-01,3.182566090376e-04,1.006500000000e-02,7.661439324483e+06,6.763416934656e-02,1.126095631125e+02,1.110273900888e+02,5.655539288312e+02,5.758730687194e+02,2.765917005717e+06,1.362129093262e+06,4.034375302412e+01,7.033982177490e+02,4.385477519803e+02,1.110455702350e+02,2.532120384463e-01,4.143350487336e-03,4.202146341264e-03,1.014250294657e+00,2.327147919228e+01
3.766277128548e-01,3.182566090376e-04,1.006500000000e-02,7.649395685427e+06,6.913852453919e-02,1.128118517889e+02,1.111900214418e+02,5.654399563388e+02,5.758441948283e+02,2.766056330071e+06,1.361976027273e+06,4.027285272552e+01,7.034395676067e+02,4.353171321803e+02,1.112090832434e+02,2.554668195263e-01,4.234263000211e-03,4.295759131464e-03,1.014586114168e+00,2.327151935272e+01
3.786310517529e-01,3.182566090376e-04,1.006500000000e-02,7.636965396020e+06,7.068625919620e-02,1.130209030890e+02,1.113578933644e+02,5.653219744855e+02,5.758144505617e+02,2.766198717345e+06,1.361818385153e+06,4.019976718586e+01,7.034821032290e+02,4.320823109481e+02,1.113778890477e+02,2.577700734921e-01,4.327723835710e-03,4.392069852641e-03,1.014933918687e+00,2.327156029219e+01
3.806343906511e-01,3.182566090376e-04,1.006500000000e-02,7.624129503031e+06,7.227930068086e-02,1.132370678905e+02,1.115312662277e+02,5.651997667634e+02,5.757837957030e+02,2.766344239049e+06,1.361655957142e+06,4.012439377698e+01,7.035258766602e+02,4.288429790348e+02,1.115522519600e+02,2.601237688699e-01,4.423841830466e-03,4.491197878161e-03,1.015294380854e+00,2.327160208095e+01
3.826377295492e-01,3.182566090376e-04,1.006500000000e-02,7.610867678208e+06,7.391970294170e-02,1.134607233867e+02,1.117104191492e+02,5.650730995062e+02,5.757521873133e+02,2.766492966799e+06,1.361488519415e+06,4.004662266132e+01,7.035709432400e+02,4.255987993139e+02,1.117324554166e+02,2.625300061861e-01,4.522732646186e-03,4.593270355394e-03,1.015668227287e+00,2.327164480069e+01
3.846410684474e-01,3.182566090376e-04,1.006500000000e-02,7.597158081464e+06,7.560965783815e-02,1.136922757054e+02,1.118956517992e+02,5.649417202825e+02,5.757195794823e+02,2.766644971783e+06,1.361315832813e+06,3.996633612134e+01,7.036173618782e+02,4.223494042879e+02,1.119188038302e+02,2.649910303980e-01,4.624519351080e-03,4.698422893690e-03,1.016056244164e+00,2.327168854636e+01
3.866444073456e-01,3.182566090376e-04,1.006500000000e-02,7.582977211436e+06,7.735150778778e-02,1.139321628615e+02,1.120872864238e+02,5.648053558515e+02,5.756859230521e+02,2.766800324246e+06,1.361137641431e+06,3.988340779396e+01,7.036651953637e+02,4.190943934897e+02,1.121116246631e+02,2.675092447063e-01,4.729333064354e-03,4.806800330375e-03,1.016459283623e+00,2.327173342717e+01
3.886477462437e-01,3.182566090376e-04,1.006500000000e-02,7.568299736315e+06,7.914775991438e-02,1.141808581016e+02,1.122856701235e+02,5.646637098569e+02,5.756511653086e+02,2.766959092889e+06,1.360953671037e+06,3.979770180772e+01,7.037145107071e+02,4.158333305275e+02,1.123112707660e+02,2.700872261093e-01,4.837313672853e-03,4.918557586245e-03,1.016878271074e+00,2.327177956820e+01
3.906510851419e-01,3.182566090376e-04,1.006500000000e-02,7.553098301783e+06,8.100110191020e-02,1.144388736858e+02,1.124911774250e+02,5.645164602347e+02,5.756152496344e+02,2.767121344085e+06,1.360763627309e+06,3.970907181012e+01,7.037653795189e+02,4.125657397190e+02,1.125181230171e+02,2.727277429623e-01,4.948610629615e-03,5.033860622768e-03,1.017314213482e+00,2.327182711202e+01
3.926544240401e-01,3.182566090376e-04,1.006500000000e-02,7.537343314489e+06,8.291441985093e-02,1.147067651819e+02,1.127042131897e+02,5.643632562650e+02,5.755781151141e+02,2.767287140916e+06,1.360567193846e+06,3.961735987515e+01,7.038178784191e+02,4.092911023413e+02,1.127325933100e+02,2.754337748002e-01,5.063383845677e-03,5.152887515887e-03,1.017768208797e+00,2.327187622053e+01
3.946577629382e-01,3.182566090376e-04,1.006500000000e-02,7.521002700540e+06,8.489081822869e-02,1.149851363867e+02,1.129252159237e+02,5.642037152457e+02,5.755396960800e+02,2.767456541965e+06,1.360364029950e+06,3.952239528992e+01,7.038720894657e+02,4.060088525586e+02,1.129551279542e+02,2.782085347214e-01,5.181804688911e-03,5.275829665215e-03,1.018241456934e+00,2.327192707910e+01
3.966611018364e-01,3.182566090376e-04,1.006500000000e-02,7.504041619713e+06,8.693364275572e-02,1.152746449240e+02,1.131546615344e+02,5.640374185792e+02,5.754999216565e+02,2.767629599987e+06,1.360153768085e+06,3.942399311247e+01,7.039281007931e+02,4.027183723391e+02,1.131862115381e+02,2.810554951360e-01,5.304057106621e-03,5.402893159064e-03,1.018735272245e+00,2.327197990022e+01
3.986644407346e-01,3.182566090376e-04,1.006500000000e-02,7.486422150409e+06,8.904650608348e-02,1.155760086466e+02,1.133930676185e+02,5.638639073817e+02,5.754587151835e+02,2.767806360179e+06,1.359936011040e+06,3.932195259393e+01,7.039860071656e+02,3.994189861538e+02,1.134263713406e+02,2.839784168321e-01,5.430338889456e-03,5.534300318524e-03,1.019251097743e+00,2.327203492541e+01
4.006677796327e-01,3.182566090376e-04,1.006500000000e-02,7.468102923206e+06,9.123331713030e-02,1.158900130445e+02,1.136409983915e+02,5.636826773433e+02,5.754159935737e+02,2.767986858020e+06,1.359710328683e+06,3.921605534766e+01,7.040459106351e+02,3.961099547152e+02,1.136761824053e+02,2.869813824473e-01,5.560863099393e-03,5.670291452558e-03,1.019790521773e+00,2.327209242987e+01
4.026711185309e-01,3.182566090376e-04,1.006500000000e-02,7.449038698589e+06,9.349831460007e-02,1.162175198069e+02,1.138990703597e+02,5.634931727632e+02,5.753716665826e+02,2.768171116646e+06,1.359476254271e+06,3.910606324396e+01,7.041079212936e+02,3.927904677673e+02,1.139362733835e+02,2.900688349977e-01,5.695859688700e-03,5.811126859056e-03,1.020355297369e+00,2.327215272772e+01
4.046744574290e-01,3.182566090376e-04,1.006500000000e-02,7.429179879502e+06,9.584610541837e-02,1.165594767468e+02,1.141679588720e+02,5.632947796101e+02,5.753256359742e+02,2.768359143654e+06,1.359233280224e+06,3.899171598511e+01,7.041721581245e+02,3.894596357962e+02,1.142073332874e+02,2.932456223708e-01,5.835577341195e-03,5.957089113789e-03,1.020947364729e+00,2.327221617757e+01
4.066777963272e-01,3.182566090376e-04,1.006500000000e-02,7.408471946182e+06,9.828170896100e-02,1.169169293628e+02,1.144484057234e+02,5.630868174128e+02,5.752777945616e+02,2.768550927177e+06,1.358980853288e+06,3.887272830050e+01,7.042387499676e+02,3.861164804853e+02,1.144901193330e+02,2.965170489203e-01,5.980285572224e-03,6.108485697314e-03,1.021568877468e+00,2.327228318994e+01
4.086811352254e-01,3.182566090376e-04,1.006500000000e-02,7.386854798310e+06,1.008106081190e-01,1.172910343902e+02,1.147412280229e+02,5.628685297057e+02,5.752280251030e+02,2.768746431059e+06,1.358718368959e+06,3.874878669232e+01,7.043078366167e+02,3.827599237387e+02,1.147854660933e+02,2.998889355292e-01,6.130277130300e-03,6.265652020370e-03,1.022222233553e+00,2.327235423875e+01
4.106844741235e-01,3.182566090376e-04,1.006500000000e-02,7.364261977723e+06,1.034388084822e-01,1.176830757630e+02,1.150473285730e+02,5.626390724250e+02,5.751761990230e+02,2.768945588622e+06,1.358445165041e+06,3.861954564840e+01,7.043795700728e+02,3.793887750624e+02,1.150942962202e+02,3.033676897828e-01,6.285870752923e-03,6.428954922452e-03,1.022910112061e+00,2.327242987703e+01
4.126878130217e-01,3.182566090376e-04,1.006500000000e-02,7.340619759406e+06,1.061729073301e-01,1.180944835378e+02,1.153677080785e+02,5.623975008478e+02,5.751221749149e+02,2.769148294855e+06,1.358160514166e+06,3.848462318815e+01,7.044541159547e+02,3.760017165703e+02,1.154176330680e+02,3.069603886939e-01,6.447414342959e-03,6.598796738893e-03,1.023635517292e+00,2.327251075500e+01
4.146911519199e-01,3.182566090376e-04,1.006500000000e-02,7.315846074847e+06,1.090201746456e-01,1.185268564596e+02,1.157034796165e+02,5.621427534055e+02,5.750657967992e+02,2.769354396685e+06,1.357863615062e+06,3.834359557155e+01,7.045316551321e+02,3.725972850081e+02,1.157566156657e+02,3.106748769337e-01,6.615288652981e-03,6.775620058146e-03,1.024401831755e+00,2.327259764450e+01
4.166944908180e-01,3.182566090376e-04,1.006500000000e-02,7.289849223432e+06,1.119886489448e-01,1.189819890000e+02,1.160558858842e+02,5.618736322178e+02,5.750068920656e+02,2.769563680772e+06,1.357553582261e+06,3.819599101430e+01,7.046123856186e+02,3.691738501225e+02,1.161125165801e+02,3.145198841726e-01,6.789911595889e-03,6.959913331666e-03,1.025212879928e+00,2.327269146691e+01
4.186978297162e-01,3.182566090376e-04,1.006500000000e-02,7.262526326378e+06,1.150872515703e-01,1.194619039241e+02,1.164263198737e+02,5.615887796299e+02,5.749452690238e+02,2.769775858458e+06,1.357229433875e+06,3.804128215415e+01,7.046965247892e+02,3.657295882524e+02,1.164867633455e+02,3.185051663503e-01,6.971743328598e-03,7.152217539734e-03,1.026073005260e+00,2.327279331627e+01
4.207011686144e-01,3.182566090376e-04,1.006500000000e-02,7.233761458948e+06,1.183259239079e-01,1.199688918228e+02,1.168163498232e+02,5.612866495682e+02,5.748807139691e+02,2.769990546555e+06,1.356890076959e+06,3.787887697914e+01,7.047843120035e+02,3.622624499956e+02,1.168809643526e+02,3.226416769224e-01,7.161292286047e-03,7.353134167428e-03,1.026987164077e+00,2.327290447522e+01
4.227045075125e-01,3.182566090376e-04,1.006500000000e-02,7.203423375317e+06,1.217157925005e-01,1.205055595952e+02,1.172277495563e+02,5.609654721628e+02,5.748129876499e+02,2.770207242080e+06,1.356534289951e+06,3.770810783848e+01,7.048760116969e+02,3.587701210630e+02,1.172969403589e+02,3.269417754505e-01,7.359122337876e-03,7.563334769490e-03,1.027961042085e+00,2.327302643909e+01
4.247078464107e-01,3.182566090376e-04,1.006500000000e-02,7.171362711299e+06,1.252693673452e-01,1.210748906391e+02,1.176625356635e+02,5.606232095052e+02,5.747418210238e+02,2.770425288093e+06,1.356160701631e+06,3.752821803588e+01,7.049719169434e+02,3.552499757747e+02,1.177367631553e+02,3.314194825730e-01,7.565861204994e-03,7.783572410596e-03,1.029001202094e+00,2.327316099576e+01
4.267111853088e-01,3.182566090376e-04,1.006500000000e-02,7.137408509025e+06,1.290007796423e-01,1.216803205149e+02,1.181230134712e+02,5.602574996593e+02,5.746669101804e+02,2.770643826957e+06,1.355767766156e+06,3.733834531820e+01,7.050723534034e+02,3.516990222845e+02,1.182028034367e+02,3.360907933975e-01,7.782210255400e-03,8.014695306692e-03,1.030115275078e+00,2.327331044233e+01
4.287145242070e-01,3.182566090376e-04,1.006500000000e-02,7.101363853331e+06,1.329260690251e-01,1.223258330174e+02,1.186118344875e+02,5.598655852633e+02,5.745879102740e+02,2.770861737338e+06,1.355353733493e+06,3.713750127053e+01,7.051776835329e+02,3.481138363298e+02,1.186977907100e+02,3.409740674528e-01,8.008955923975e-03,8.257663183207e-03,1.031312208820e+00,2.327347802069e+01
4.307178631052e-01,3.182566090376e-04,1.006500000000e-02,7.063000342529e+06,1.370635398898e-01,1.230160827689e+02,1.191320691817e+02,5.594442224470e+02,5.745044281545e+02,2.771077553352e+06,1.354916613834e+06,3.692454517510e+01,7.052883111419e+02,3.444904751933e+02,1.192248892813e+02,3.460905246057e-01,8.246983459012e-03,8.513567382050e-03,1.032602586473e+00,2.327366857556e+01
4.327212020033e-01,3.182566090376e-04,1.006500000000e-02,7.022051017244e+06,1.414342240457e-01,1.237565515938e+02,1.196873006791e+02,5.589895649825e+02,5.744160130014e+02,2.771289367807e+06,1.354454132411e+06,3.669815020802e+01,7.054046870937e+02,3.408243559427e+02,1.197877961347e+02,3.514648940019e-01,8.497294608483e-03,8.783656701081e-03,1.033999019875e+00,2.327388923724e+01
4.347245409015e-01,3.182566090376e-04,1.006500000000e-02,6.978201164818e+06,1.460625102107e-01,1.245537475761e+02,1.202817470813e+02,5.584970156204e+02,5.743221435775e+02,2.771494720920e+06,1.353963667374e+06,3.645675876650e+01,7.055273181227e+02,3.371100741631e+02,1.203908687111e+02,3.571262858578e-01,8.761032000931e-03,9.069372155143e-03,1.035516614934e+00,2.327414960912e+01
4.367278797997e-01,3.182566090376e-04,1.006500000000e-02,6.931076004733e+06,1.509770184102e-01,1.254154607300e+02,1.209204223703e+02,5.579610277918e+02,5.742222098998e+02,2.771690458904e+06,1.353442159172e+06,3.619852221460e+01,7.056567817477e+02,3.333411367392e+02,1.210392930214e+02,3.631093785945e-01,9.039513496964e-03,9.372394667866e-03,1.037173525130e+00,2.327446068126e+01
4.387312186978e-01,3.182566090376e-04,1.006500000000e-02,6.880223737528e+06,1.562117860875e-01,1.263511065852e+02,1.216093490818e+02,5.573748247378e+02,5.741154869291e+02,2.771872500319e+06,1.352885979443e+06,3.592121937384e+01,7.057937494545e+02,3.295095954752e+02,1.217393062669e+02,3.694560278019e-01,9.334278235188e-03,9.694709302288e-03,1.038991718476e+00,2.327483219480e+01
4.407345575960e-01,3.182566090376e-04,1.006500000000e-02,6.825092306211e+06,1.618077677888e-01,1.273722345978e+02,1.223558443093e+02,5.567299862584e+02,5.740010996867e+02,2.772035376944e+06,1.352290758225e+06,3.562215000615e+01,7.059390155872e+02,3.256056093438e+02,1.224984978217e+02,3.762174062929e-01,9.647141254646e-03,1.003868785760e-02,1.040998370914e+00,2.327527084964e+01
4.427378964942e-01,3.182566090376e-04,1.006500000000e-02,6.764998561094e+06,1.678145456926e-01,1.284933557917e+02,1.231689199796e+02,5.560158405464e+02,5.738779839113e+02,2.772171350466e+06,1.351651194127e+06,3.529800376302e+01,7.060935198131e+02,3.216170118062e+02,1.233262341225e+02,3.834568122810e-01,9.980246326068e-03,1.040718967692e-02,1.043228728587e+00,2.327578727409e+01
4.447412353923e-01,3.182566090376e-04,1.006500000000e-02,6.699086884314e+06,1.742921361422e-01,1.297332921937e+02,1.240598652538e+02,5.552185742380e+02,5.737448493777e+02,2.772268884152e+06,1.350960897094e+06,3.494469657546e+01,7.062583358324e+02,3.175288970333e+02,1.242342819914e+02,3.912534674862e-01,1.033610201231e-02,1.080367933589e-02,1.045731364679e+00,2.327642356031e+01
4.467445742905e-01,3.182566090376e-04,1.006500000000e-02,6.626265046312e+06,1.813131897606e-01,1.311171079708e+02,1.250430921682e+02,5.543198548263e+02,5.736001462966e+02,2.772310284063e+06,1.350212281214e+06,3.455711137914e+01,7.064345965720e+02,3.133228447752e+02,1.252377156607e+02,3.997082170966e-01,1.071759550457e-02,1.123235909324e-02,1.048575380673e+00,2.327730217940e+01
4.487479131886e-01,3.182566090376e-04,1.006500000000e-02,6.545087865468e+06,1.889670697959e-01,1.326782566180e+02,1.261373256514e+02,5.532945510928e+02,5.734420015733e+02,2.772268484957e+06,1.349396349120e+06,3.412858498433e+01,7.066233690317e+02,3.089747611380e+02,1.263561812026e+02,4.089530832136e-01,1.112802254554e-02,1.169832268266e-02,1.051855633794e+00,2.327866131853e+01
4.507512520868e-01,3.182566090376e-04,1.006500000000e-02,6.453570248124e+06,1.973690581235e-01,1.344603630399e+02,1.273673521296e+02,5.521074552347e+02,5.732680364149e+02,2.772104052373e+06,1.348501876922e+06,3.364999527762e+01,7.068256478149e+02,3.044504558120e+02,1.276157132921e+02,4.191674239796e-01,1.157127556158e-02,1.220780623061e-02,1.055689396001e+00,2.328081391818e+01
4.527545909850e-01,3.182566090376e-04,1.006500000000e-02,6.349012144426e+06,2.066788150706e-01,1.365193907790e+02,1.287670977532e+02,5.507107913746e+02,5.730749547678e+02,2.771766848098e+06,1.347513233956e+06,3.310871291762e+01,7.070429402403e+02,2.997009736699e+02,1.290518830147e+02,4.306021479824e-01,1.205250398717e-02,1.276884762446e-02,1.060203989693e+00,2.328403961030e+01
4.547579298831e-01,3.182566090376e-04,1.006500000000e-02,6.228081369456e+06,2.171301815618e-01,1.389301615900e+02,1.303854946388e+02,5.490473442102e+02,5.728578773621e+02,2.771211498298e+06,1.346406349968e+06,3.248839774524e+01,7.072791028384e+02,2.946649716301e+02,1.307158518313e+02,4.436083838136e-01,1.257969654764e-02,1.339305165022e-02,1.065533876869e+00,2.328857510011e+01
4.567612687813e-01,3.182566090376e-04,1.006500000000e-02,6.087290387962e+06,2.290700778206e-01,1.418008803920e+02,1.322949675594e+02,5.470619979698e+02,5.726095832526e+02,2.770431153835e+06,1.345143600728e+06,3.177028749880e+01,7.075433614280e+02,2.892847868288e+02,1.326833891422e+02,4.586600996088e-01,1.316635298487e-02,1.409906865777e-02,1.071853926177e+00,2.329460985976e+01
4.587646076795e-01,3.182566090376e-04,1.006500000000e-02,5.923171102681e+06,2.430011673038e-01,1.452829214163e+02,1.345938467406e+02,5.447068864934e+02,5.723199856026e+02,2.769478064851e+06,1.343670510501e+06,3.093352819217e+01,7.078520046771e+02,2.835240478095e+02,1.350581318946e+02,4.763551202731e-01,1.383407523101e-02,1.491635153249e-02,1.079417261149e+00,2.330060527121e+01
4.607679465776e-01,3.182566090376e-04,1.006500000000e-02,5.730694710347e+06,2.596103571657e-01,1.495301301663e+02,1.373792881201e+02,5.419021692904e+02,5.719764626266e+02,2.768378750416e+06,1.341919880682e+06,2.994990298438e+01,7.082237385543e+02,2.773542978571e+02,1.379447055553e+02,4.973591778497e-01,1.461147703599e-02,1.588329758097e-02,1.088447408721e+00,2.329608297185e+01
4.627712854758e-01,3.182566090376e-04,1.006500000000e-02,5.501604765953e+06,2.796822403490e-01,1.545679962080e+02,1.406688684874e+02,5.384659381133e+02,5.715670744526e+02,2.766916409965e+06,1.339832924627e+06,2.878181006464e+01,7.086678188884e+02,2.707422281946e+02,1.413683375891e+02,5.221510457815e-01,1.552462139242e-02,1.703244227456e-02,1.098807418230e+00,2.324893562534e+01
4.647746243740e-01,3.192907086258e-04,1.008133865725e-02,5.235068679549e+06,3.035417773778e-01,1.601584885470e+02,1.443072537612e+02,5.342771507217e+02,5.710918429215e+02,2.764741689461e+06,1.337410787502e+06,2.743352780237e+01,7.091823524267e+02,2.638998923398e+02,1.451779604448e+02,5.501251219074e-01,1.658006202144e-02,1.836782472415e-02,1.109843645227e+00,2.318348110356e+01
4.667779632721e-01,3.230189369109e-04,1.014002569244e-02,4.953474940702e+06,3.303537047595e-01,1.658018511196e+02,1.479791079236e+02,5.296394274652e+02,5.705723827501e+02,2.761988936828e+06,1.334749664833e+06,2.601632956151e+01,7.097688157004e+02,2.575626740351e+02,1.490546795296e+02,5.787122691126e-01,1.776150541412e-02,1.985823687498e-02,1.120440942280e+00,2.317938337992e+01
4.687813021703e-01,3.290573980562e-04,1.023436480311e-02,4.694123543067e+06,3.586010130711e-01,1.706551340476e+02,1.513844679290e+02,5.253024132296e+02,5.700360182635e+02,2.759741531689e+06,1.331959676594e+06,2.469689253667e+01,7.104501672195e+02,2.527168731625e+02,1.526670453622e+02,6.041030954987e-01,1.906479996247e-02,2.143964500788e-02,1.127296190833e+00,2.319675585456e+01
4.707846410684e-01,3.369882832706e-04,1.035696394187e-02,4.475449870612e+06,3.868500938815e-01,1.743734583126e+02,1.543459526801e+02,5.216781364374e+02,5.695022241249e+02,2.758518688923e+06,1.329131290326e+06,2.356329522637e+01,7.112222944879e+02,2.497506334839e+02,1.558173616410e+02,6.238917574197e-01,2.047492230436e-02,2.307039908594e-02,1.129757245233e+00,2.321767918681e+01
4.727879799666e-01,3.463890292404e-04,1.050043106129e-02,4.301539710220e+06,4.139985753311e-01,1.768781483446e+02,1.567940964872e+02,5.188804770660e+02,5.689836331797e+02,2.758330763941e+06,1.326334521215e+06,2.264138259612e+01,7.120629080594e+02,2.485985722510e+02,1.584201938680e+02,6.372530317998e-01,2.197034011532e-02,2.471500893180e-02,1.128091888070e+00,2.323696106125e+01
4.747913188648e-01,3.568209092296e-04,1.065737411396e-02,4.168785274333e+06,4.392762759626e-01,1.782522988957e+02,1.587327640306e+02,5.168466997484e+02,5.684879528992e+02,2.758917857806e+06,1.323620608929e+06,2.192087150783e+01,7.129433923745e+02,2.489510499417e+02,1.604674483956e+02,6.445742985749e-01,2.352093186391e-02,2.633714818030e-02,1.122971051278e+00,2.325478096167e+01
4.767946577629e-01,3.678210574608e-04,1.082040105247e-02,4.070203979683e+06,4.621992760220e-01,1.787217617652e+02,1.602189984973e+02,5.154515937091e+02,5.680188334726e+02,2.760046570523e+06,1.321021011328e+06,2.137096949276e+01,7.138373645917e+02,2.504094670091e+02,1.620128756856e+02,6.469918155278e-01,2.508418198825e-02,2.790018673338e-02,1.115484202507e+00,2.327343038330e+01
4.787979966611e-01,3.788979267769e-04,1.098211982941e-02,3.998653877099e+06,4.825542577537e-01,1.786902198141e+02,1.613574369871e+02,5.145680285418e+02,5.675764931242e+02,2.761556888558e+06,1.318546833134e+06,2.095738601159e+01,7.147268387803e+02,2.525969932080e+02,1.631769213048e+02,6.459970850500e-01,2.661717948888e-02,2.939232056046e-02,1.107418555666e+00,2.329551956745e+01
4.808013355593e-01,3.895301795844e-04,1.113513839737e-02,3.946194705217e+06,5.004408796217e-01,1.786315146014e+02,1.622868367469e+02,5.140378336407e+02,5.671573670756e+02,2.763255503237e+06,1.316187702733e+06,2.064201021024e+01,7.156015026422e+02,2.551725560314e+02,1.641296346506e+02,6.432103718491e-01,2.808503066315e-02,3.082641257193e-02,1.100714747925e+00,2.331744561006e+01
4.828046744574e-01,3.991690120774e-04,1.127206470894e-02,3.901034057309e+06,5.163380673075e-01,1.788700811418e+02,1.631410071375e+02,5.135872038530e+02,5.667534085620e+02,2.764746698744e+06,1.313911624313e+06,2.037083745208e+01,7.164532503227e+02,2.577828536953e+02,1.650312149735e+02,6.401946933545e-01,2.945960239570e-02,3.220843775778e-02,1.096413981256e+00,2.331674328042e+01
4.848080133556e-01,4.079326745263e-04,1.139513067934e-02,3.853755215774e+06,5.309359253833e-01,1.795600788277e+02,1.640036243425e+02,5.129896005123e+02,5.663558814402e+02,2.765710788660e+06,1.311679335624e+06,2.010080116076e+01,7.172814398741e+02,2.602320852288e+02,1.659844631479e+02,6.378324294713e-01,3.074481251032e-02,3.356321153190e-02,1.094854333540e+00,2.329111341270e+01
4.868113522538e-01,4.167715587929e-04,1.151792114246e-02,3.802806729021e+06,5.447118772972e-01,1.806390440068e+02,1.648903652294e+02,5.122287223200e+02,5.659595227272e+02,2.766213439422e+06,1.309462047892e+06,1.982192893458e+01,7.180952401522e+02,2.625530327528e+02,1.670066414742e+02,6.360872686300e-01,3.196932811718e-02,3.491610613682e-02,1.095509999966e+00,2.328073328193e+01
4.888146911519e-01,4.257051777724e-04,1.164071160559e-02,3.751077819559e+06,5.578460385425e-01,1.819173733423e+02,1.657813137043e+02,5.114021402101e+02,5.655624277547e+02,2.766495189838e+06,1.307245229063e+06,1.954399092498e+01,7.189057901124e+02,2.648597223234e+02,1.680633020749e+02,6.345370319073e-01,3.316163826362e-02,3.627229604440e-02,1.097333404335e+00,2.327746420291e+01
4.908180300501e-01,4.347335314648e-04,1.176350206872e-02,3.700961035719e+06,5.704113606629e-01,1.832444512090e+02,1.666568654773e+02,5.105823753109e+02,5.651639672624e+02,2.766706765573e+06,1.305022494553e+06,1.927624311536e+01,7.197199071715e+02,2.672278397198e+02,1.691206130206e+02,6.328704868399e-01,3.434139046646e-02,3.763081219258e-02,1.099531367545e+00,2.327667493524e+01
4.928213689482e-01,4.438566198700e-04,1.188629253185e-02,3.653396156393e+06,5.824506656681e-01,1.845502562634e+02,1.675078450139e+02,5.097974436561e+02,5.647638611389e+02,2.766901051512e+06,1.302791274294e+06,1.902246299149e+01,7.205402282054e+02,2.696823296763e+02,1.701618899003e+02,6.309715957458e-01,3.551843299426e-02,3.899121119205e-02,1.101740973672e+00,2.327643805732e+01
4.948247078464e-01,4.530744429880e-04,1.200908299498e-02,3.608362186689e+06,5.939991043370e-01,1.858207945221e+02,1.683332023440e+02,5.090485004147e+02,5.643618680163e+02,2.767081603396e+06,1.300550372043e+06,1.878243137313e+01,7.213671176724e+02,2.722180600597e+02,1.711842984094e+02,6.288498947199e-01,3.669591077908e-02,4.035429089767e-02,1.103886767046e+00,2.327618275184e+01
4.968280467446e-01,4.623870008190e-04,1.213187345811e-02,3.565513362224e+06,6.050877582266e-01,1.870641515873e+02,1.691351457973e+02,5.083283355371e+02,5.639577514832e+02,2.767239921272e+06,1.298298974796e+06,1.855447115553e+01,7.222002229655e+02,2.748202787141e+02,1.721909188302e+02,6.265582715945e-01,3.787395876494e-02,4.172124860555e-02,1.106004022437e+00,2.327586526968e+01
4.988313856427e-01,4.717942933628e-04,1.225466392124e-02,3.524544437647e+06,6.157432774827e-01,1.882893016442e+02,1.699157999597e+02,5.076312844707e+02,5.635513191457e+02,2.767372217162e+06,1.296036457186e+06,1.833702309450e+01,7.230391965892e+02,2.774756892899e+02,1.731850400837e+02,6.241449134766e-01,3.905215570901e-02,4.309300738531e-02,1.108132979327e+00,2.327555446176e+01
5.008347245409e-01,4.812963206195e-04,1.237745438437e-02,3.485298394968e+06,6.259879768782e-01,1.894985384200e+02,1.706759364525e+02,5.069558534921e+02,5.631424558329e+02,2.767482346765e+06,1.293762460678e+06,1.812915869688e+01,7.238838459577e+02,2.801756114988e+02,1.741678192280e+02,6.216380444261e-01,4.023056299269e-02,4.446999625395e-02,1.110282693382e+00,2.327528224096e+01
5.028380634391e-01,4.908930825890e-04,1.250024484750e-02,3.447743199279e+06,6.358406229928e-01,1.906875574501e+02,1.714149864193e+02,5.063038331799e+02,5.627311340398e+02,2.767579156329e+06,1.291476984243e+06,1.793051482129e+01,7.247340531604e+02,2.829152238925e+02,1.751381197405e+02,6.190480573327e-01,4.140986548818e-02,4.585219064531e-02,1.112432240806e+00,2.327502782367e+01
5.048414023372e-01,5.005845792715e-04,1.262303531062e-02,3.411917595999e+06,6.453171090020e-01,1.918478723751e+02,1.721314705580e+02,5.056787073696e+02,5.623174126291e+02,2.767673330842e+06,1.289180438002e+06,1.774107309544e+01,7.255896583738e+02,2.856918081995e+02,1.760931249427e+02,6.163744282782e-01,4.259113233849e-02,4.723917877191e-02,1.114542690847e+00,2.327475830287e+01
5.068447412354e-01,5.103708106667e-04,1.274582577375e-02,3.377890516258e+06,6.544305130092e-01,1.929689064078e+02,1.728233272240e+02,5.050845250732e+02,5.619014469668e+02,2.767775452741e+06,1.286873741897e+06,1.756098417817e+01,7.264503511524e+02,2.885032113606e+02,1.770288769563e+02,6.136114607577e-01,4.377548237241e-02,4.863013018956e-02,1.116567476783e+00,2.327448732021e+01
5.088480801336e-01,5.202517767749e-04,1.286861623688e-02,3.345739625857e+06,6.631908453593e-01,1.940392208178e+02,1.734879586282e+02,5.045253108530e+02,5.614835289179e+02,2.767895068234e+06,1.284558568172e+06,1.739047145570e+01,7.273155393306e+02,2.913467837437e+02,1.779404844793e+02,6.107514975548e-01,4.496379513501e-02,5.002372946786e-02,1.118459300300e+00,2.327431487982e+01
5.108514190317e-01,5.302274775959e-04,1.299140670001e-02,3.315540318791e+06,6.716056290608e-01,1.950472865157e+02,1.741221172592e+02,5.040047398105e+02,5.610641402519e+02,2.768040157273e+06,1.282237652767e+06,1.722978115203e+01,7.281842061249e+02,2.942190042191e+02,1.788221795162e+02,6.077859585952e-01,4.615664036647e-02,5.141831471366e-02,1.120175251633e+00,2.327439461851e+01
5.128547579299e-01,5.402979131298e-04,1.311419716314e-02,3.287356811204e+06,6.796826275144e-01,1.959822267045e+02,1.747221215049e+02,5.035258871885e+02,5.606439348287e+02,2.768216803475e+06,1.279914692882e+06,1.707913953425e+01,7.290549416395e+02,2.971162403148e+02,1.796677203413e+02,6.047051489036e-01,4.735465267899e-02,5.281243435180e-02,1.121679527564e+00,2.327479945797e+01
5.148580968280e-01,5.504630833766e-04,1.323698762627e-02,3.261228425471e+06,6.874347166862e-01,1.968346183184e+02,1.752851740311e+02,5.030909694086e+02,5.602234948024e+02,2.768429248351e+06,1.277592968354e+06,1.693867841949e+01,7.299264790852e+02,3.000366656605e+02,1.804717437507e+02,6.014989646462e-01,4.855934617777e-02,5.420560080474e-02,1.122939343880e+00,2.327536512138e+01
5.168614357262e-01,5.607229883362e-04,1.335977808940e-02,3.237137293771e+06,6.948842750668e-01,1.975976649233e+02,1.758121238305e+02,5.027007549369e+02,5.598027749551e+02,2.768680024216e+06,1.275272293566e+06,1.680826189439e+01,7.307988305588e+02,3.029817581049e+02,1.812322719540e+02,5.981623220078e-01,4.977369743159e-02,5.559843192325e-02,1.123913758722e+00,2.327570888551e+01
5.188647746244e-01,5.710776280087e-04,1.348256855253e-02,3.214928881437e+06,7.020626797701e-01,1.982714254815e+02,1.763101470625e+02,5.023525220164e+02,5.593805886065e+02,2.768967604869e+06,1.272946268628e+06,1.668711194238e+01,7.316742172055e+02,3.059538549285e+02,1.819537069953e+02,5.947096402423e-01,5.100116395209e-02,5.699184018293e-02,1.124560490618e+00,2.327553449439e+01
5.208681135225e-01,5.815270023941e-04,1.360535901565e-02,3.194143586559e+06,7.090022534514e-01,1.988784144099e+02,1.767912144230e+02,5.020341595141e+02,5.589551921877e+02,2.769274530650e+06,1.270605723261e+06,1.657313906690e+01,7.325554224932e+02,3.089456507920e+02,1.826495119045e+02,5.912027291412e-01,5.224199326775e-02,5.838770019576e-02,1.124933809969e+00,2.327493918803e+01
5.228714524207e-01,5.920711114923e-04,1.372814947878e-02,3.174049343548e+06,7.157272153549e-01,1.994684813798e+02,1.772658924988e+02,5.017240264277e+02,5.585256417320e+02,2.769564753811e+06,1.268246195195e+06,1.646315455471e+01,7.334429300283e+02,3.119357951426e+02,1.833395102043e+02,5.877475847890e-01,5.349135059614e-02,5.979056807875e-02,1.125250202213e+00,2.327426954549e+01
5.248747913189e-01,6.027099553034e-04,1.385093994191e-02,3.154183455898e+06,7.222543026948e-01,2.000746823334e+02,1.777405888840e+02,5.014092025329e+02,5.580913664301e+02,2.769819513131e+06,1.265865045103e+06,1.635506265422e+01,7.343369570902e+02,3.149102125640e+02,1.840371134768e+02,5.844113850052e-01,5.474549422433e-02,6.120354619226e-02,1.125655561229e+00,2.327374462632e+01
5.268781302170e-01,6.134435338274e-04,1.397373040504e-02,3.134394851125e+06,7.285948088119e-01,2.007079148343e+02,1.782178797844e+02,5.010864568364e+02,5.576520120354e+02,2.770037378815e+06,1.263460564538e+06,1.624808690774e+01,7.352378642679e+02,3.178643560041e+02,1.847475993945e+02,5.812152130454e-01,5.600319633819e-02,6.262785821418e-02,1.126194044487e+00,2.327340024332e+01
5.288814691152e-01,6.242718470642e-04,1.409652086817e-02,3.114699322395e+06,7.347569281817e-01,2.013663764537e+02,1.786982030379e+02,5.007573577360e+02,5.572073541578e+02,2.770224209056e+06,1.261031637579e+06,1.614219536658e+01,7.361460426549e+02,3.207985499142e+02,1.854713164751e+02,5.781550961645e-01,5.726482899354e-02,6.406360362961e-02,1.126851714402e+00,2.327317470156e+01
5.308848080134e-01,6.351948950139e-04,1.421931133130e-02,3.095148392097e+06,7.407474707461e-01,2.020451409960e+02,1.791813410594e+02,5.004241517905e+02,5.567572418715e+02,2.770385755911e+06,1.258577519102e+06,1.603754667030e+01,7.370617985595e+02,3.237137787181e+02,1.862071406326e+02,5.752215471642e-01,5.853116320427e-02,6.551054870638e-02,1.127601455605e+00,2.327299536521e+01
5.328881469115e-01,6.462126776765e-04,1.434210179443e-02,3.075770309813e+06,7.465727302433e-01,2.027409162475e+02,1.796671595657e+02,5.000880891609e+02,5.563015554300e+02,2.770525247337e+06,1.256097660849e+06,1.593422361012e+01,7.379853216401e+02,3.266099478878e+02,1.869543409703e+02,5.724085937349e-01,5.980272185942e-02,6.696855740582e-02,1.128425009543e+00,2.327281756598e+01
5.348914858097e-01,6.573251950520e-04,1.446489225756e-02,3.056564086778e+06,7.522387663833e-01,2.034527625752e+02,1.801557672411e+02,4.997494035527e+02,5.558401846308e+02,2.770643862707e+06,1.253591595010e+06,1.583219280967e+01,7.389167216932e+02,3.294858891524e+02,1.877129810438e+02,5.697147805834e-01,6.107966899050e-02,6.843767829308e-02,1.129315845342e+00,2.327262563080e+01
5.368948247078e-01,6.685324471403e-04,1.458768272069e-02,3.037513161170e+06,7.577514231661e-01,2.041811149294e+02,1.806474267788e+02,4.994078282078e+02,5.553730205330e+02,2.770741893905e+06,1.251058875429e+06,1.573135542007e+01,7.398560743397e+02,3.323399410821e+02,1.884836330565e+02,5.671410798316e-01,6.236194489838e-02,6.991806884262e-02,1.130274139910e+00,2.327241972658e+01
5.388981636060e-01,6.798344339415e-04,1.471047318381e-02,3.018598065614e+06,7.631162898002e-01,2.049267584777e+02,1.811424406807e+02,4.990630145780e+02,5.548999541015e+02,2.770819530084e+06,1.248499058948e+06,1.563159971039e+01,7.408034488402e+02,3.351704216221e+02,1.892670148267e+02,5.646888944158e-01,6.364941871988e-02,7.140990566048e-02,1.131301740816e+00,2.327220418570e+01
5.409015025042e-01,6.912311554555e-04,1.483326364694e-02,2.999802220224e+06,7.683386825392e-01,2.056903199766e+02,1.816410912059e+02,4.987147061802e+02,5.544208770037e+02,2.770877124482e+06,1.245911705974e+06,1.553282663076e+01,7.417589166588e+02,3.379758246747e+02,1.900637909578e+02,5.623591306884e-01,6.494197020069e-02,7.291333793462e-02,1.132399715345e+00,2.327198195146e+01
5.429048414023e-01,7.027226116824e-04,1.495605411007e-02,2.981112539376e+06,7.734236515349e-01,2.064721899838e+02,1.821436298823e+02,4.983627432488e+02,5.539356800368e+02,2.770915161800e+06,1.243296385801e+06,1.543495343662e+01,7.427225429643e+02,3.407548269184e+02,1.908745328973e+02,5.601521029754e-01,6.623950658170e-02,7.442848053608e-02,1.133567998602e+00,2.327175370461e+01
5.449081803005e-01,7.143088026222e-04,1.507884457320e-02,2.962518072457e+06,7.783760038593e-01,2.072726227444e+02,1.826502884526e+02,4.980070124725e+02,5.534442561224e+02,2.770934151440e+06,1.240652680387e+06,1.533790840097e+01,7.436943895879e+02,3.435062313821e+02,1.916997525188e+02,5.580677583271e-01,6.754194994672e-02,7.595542434473e-02,1.134805887800e+00,2.327151885484e+01
5.469115191987e-01,7.259897282749e-04,1.520163503633e-02,2.944008755944e+06,7.832003248669e-01,2.080918393485e+02,1.831612905962e+02,4.976474067071e+02,5.529465024201e+02,2.770934557199e+06,1.237980186008e+06,1.524162545631e+01,7.446745183166e+02,3.462289197887e+02,1.925399418201e+02,5.561058906854e-01,6.884922159536e-02,7.749424674074e-02,1.136112541417e+00,2.327127659153e+01
5.489148580968e-01,7.377653886404e-04,1.532442549946e-02,2.925574860267e+06,7.879009921589e-01,2.089300758883e+02,1.836768576089e+02,4.972838096947e+02,5.524423185886e+02,2.770916778265e+06,1.235278513966e+06,1.514604158341e+01,7.456629848768e+02,3.489218317530e+02,1.933955929181e+02,5.542662433774e-01,7.016123397610e-02,7.904501638692e-02,1.137487207742e+00,2.327102632028e+01
5.509181969950e-01,7.496357837188e-04,1.544721596259e-02,2.907206932005e+06,7.924821869143e-01,2.097875876199e+02,1.841972090962e+02,4.969160969681e+02,5.519316069049e+02,2.770881158667e+06,1.232547291227e+06,1.505109631019e+01,7.466598386382e+02,3.515839623889e+02,1.942672003765e+02,5.525485265498e-01,7.147788932652e-02,8.060779314068e-02,1.138929241378e+00,2.327076770040e+01
5.529215358932e-01,7.616009135101e-04,1.557000642572e-02,2.888895913454e+06,7.969479032633e-01,2.106646360154e+02,1.847225615911e+02,4.965441416571e+02,5.514142724902e+02,2.770828002606e+06,1.229786161419e+06,1.495673204605e+01,7.476651224800e+02,3.542143657161e+02,1.951552557904e+02,5.509524024974e-01,7.279908127419e-02,8.218262606830e-02,1.140438039625e+00,2.327050052158e+01
5.549248747913e-01,7.736607780142e-04,1.569279688885e-02,2.870633245561e+06,8.013019570479e-01,2.115614765162e+02,1.852531270978e+02,4.961678190118e+02,5.508902236156e+02,2.770757585322e+06,1.226994786154e+06,1.486289441089e+01,7.486788725320e+02,3.568121569331e+02,1.960602420312e+02,5.494774721702e-01,7.412469657851e-02,8.376955157285e-02,1.142012984237e+00,2.327022458752e+01
5.569282136895e-01,7.858153772312e-04,1.581558735197e-02,2.852410909141e+06,8.055479926567e-01,2.124783522843e+02,1.857891122801e+02,4.957870084771e+02,5.503593696154e+02,2.770670158462e+06,1.224172846597e+06,1.476953233751e+01,7.497011108121e+02,3.593765116169e+02,1.969826297262e+02,5.481232728313e-01,7.545461601248e-02,8.536859220094e-02,1.143653412607e+00,2.326993965799e+01
5.589315525876e-01,7.980647111611e-04,1.593837781510e-02,2.834221410134e+06,8.096894929461e-01,2.134154920154e+02,1.863307182619e+02,4.954015940185e+02,5.498216228256e+02,2.770565952603e+06,1.221320044957e+06,1.467659793205e+01,7.507318491985e+02,3.619066641948e+02,1.979228756162e+02,5.468892816786e-01,7.678871461798e-02,8.697975585967e-02,1.145358607567e+00,2.326964542802e+01
5.609348914858e-01,8.104087798038e-04,1.606116827823e-02,2.816057752670e+06,8.137297889916e-01,2.143731100134e+02,1.868781405259e+02,4.950114640544e+02,5.492769019020e+02,2.770445179094e+06,1.218436105935e+06,1.458404628390e+01,7.517710974825e+02,3.644019059357e+02,1.988814218587e+02,5.457749221920e-01,7.812686148523e-02,8.860303526635e-02,1.147127798950e+00,2.326934159248e+01
5.629382303840e-01,8.228475831594e-04,1.618395874136e-02,2.797913424285e+06,8.176720661635e-01,2.153514059370e+02,1.874315687602e+02,4.946165113691e+02,5.487251300546e+02,2.770308032022e+06,1.215520778261e+06,1.449183538372e+01,7.528188569095e+02,3.668615828301e+02,1.998586951118e+02,5.447795693679e-01,7.946891989230e-02,9.023840771479e-02,1.148960163763e+00,2.326902784787e+01
5.649415692821e-01,8.353811212279e-04,1.630674920449e-02,2.779782358663e+06,8.215193709903e-01,2.163505631632e+02,1.879911864416e+02,4.942166327742e+02,5.481662353679e+02,2.770154688922e+06,1.212573836194e+06,1.439992609558e+01,7.538751197017e+02,3.692850935272e+02,2.008551049107e+02,5.439025523405e-01,8.081474762911e-02,9.188583464298e-02,1.150854820688e+00,2.326870391125e+01
5.669449081803e-01,8.480093940092e-04,1.642953966762e-02,2.761658960951e+06,8.252746177519e-01,2.173707463639e+02,1.885571701955e+02,4.938117314750e+02,5.476001510184e+02,2.769985315223e+06,1.209595081122e+06,1.430828204941e+01,7.549398684344e+02,3.716718880762e+02,2.018710414971e+02,5.431431538768e-01,8.216419695359e-02,9.354526056771e-02,1.152810821983e+00,2.326836948230e+01
5.689482470785e-01,8.607324015034e-04,1.655233013075e-02,2.743538103293e+06,8.289405947271e-01,2.184121011290e+02,1.891296894172e+02,4.934017168484e+02,5.470268152145e+02,2.769800066099e+06,1.206584343069e+06,1.421686950550e+01,7.560130746123e+02,3.740214661557e+02,2.029068746752e+02,5.425006130282e-01,8.351711442035e-02,9.521661253784e-02,1.154827154858e+00,2.326802422975e+01
5.709515859766e-01,8.735501437105e-04,1.667512059388e-02,2.725415111704e+06,8.325199685190e-01,2.194747541138e+02,1.897089061175e+02,4.929865044510e+02,5.464461679742e+02,2.769599087377e+06,1.203541482100e+06,1.412565726182e+01,7.570946889985e+02,3.763333746370e+02,2.039629530056e+02,5.419741291941e-01,8.487334082877e-02,9.689979984834e-02,1.156902744344e+00,2.326766778383e+01
5.729549248748e-01,8.864626206304e-04,1.679791105701e-02,2.707285740554e+06,8.360152936092e-01,2.205588129065e+02,1.902949748115e+02,4.925660158981e+02,5.458581579263e+02,2.769382516885e+06,1.200466389443e+06,1.403461649115e+01,7.581846580587e+02,3.786072069061e+02,2.050396031496e+02,5.415628635947e-01,8.623271109409e-02,9.859471356312e-02,1.159036454457e+00,2.326729977880e+01
5.749582637730e-01,8.994698322632e-04,1.692070152013e-02,2.689146163835e+06,8.394290169369e-01,2.216643658693e+02,1.908880422283e+02,4.921401790696e+02,5.452627410210e+02,2.769150485751e+06,1.197358988701e+06,1.394372066745e+01,7.592829195699e+02,3.808426010784e+02,2.061371289730e+02,5.412659413345e-01,8.759505422041e-02,1.003012262468e-01,1.161227090402e+00,2.326691984813e+01
5.769616026711e-01,9.125717786089e-04,1.704349198326e-02,2.670992966611e+06,8.427634827032e-01,2.227914818164e+02,1.914882470074e+02,4.917089283272e+02,5.446598799134e+02,2.768903119702e+06,1.194219237010e+06,1.385294549417e+01,7.603894001008e+02,3.830392384479e+02,2.072558106184e+02,5.410824526967e-01,8.896019330767e-02,1.020191917021e-01,1.163473400056e+00,2.326652761826e+01
5.789649415693e-01,9.257684596675e-04,1.716628244639e-02,2.652823135439e+06,8.460209373911e-01,2.239402097202e+02,1.920957193728e+02,4.912722046881e+02,5.440495442041e+02,2.768640540264e+06,1.191047126147e+06,1.376226882994e+01,7.615040148122e+02,3.851968420945e+02,2.083959036335e+02,5.410114540407e-01,9.032794554245e-02,1.037484447357e-01,1.165774075817e+00,2.326612270751e+01
5.809682804674e-01,9.390598754389e-04,1.728907290952e-02,2.634634048659e+06,8.492035345408e-01,2.251105784145e+02,1.927105808148e+02,4.908299559648e+02,5.434317104672e+02,2.768362865816e+06,1.187842683586e+06,1.367167061659e+01,7.626266667883e+02,3.873151755570e+02,2.095576381406e+02,5.410519684371e-01,9.169812223612e-02,1.054888010009e-01,1.168127756466e+00,2.326570471246e+01
5.829716193656e-01,9.524460259232e-04,1.741186337265e-02,2.616423472026e+06,8.523133375806e-01,2.263025962170e+02,1.933329439087e+02,4.903821369883e+02,5.428063587538e+02,2.768070212519e+06,1.184605973483e+06,1.358113283782e+01,7.637572367830e+02,3.893940410263e+02,2.107412179840e+02,5.412029866419e-01,9.307052895165e-02,1.072400568669e-01,1.170533027852e+00,2.326527318812e+01
5.849749582638e-01,9.659269111203e-04,1.753465383578e-02,2.598189545220e+06,8.553523273114e-01,2.275162505836e+02,1.939629123189e+02,4.899287097190e+02,5.421734785497e+02,2.767762695541e+06,1.181337097270e+06,1.349063942677e+01,7.648955982400e+02,3.914332793443e+02,2.119468202598e+02,5.414634663021e-01,9.444496572119e-02,1.090019893358e-01,1.172988422702e+00,2.326482767179e+01
5.869782971619e-01,9.795025310304e-04,1.765744429891e-02,2.579930774080e+06,8.583224057287e-01,2.287515083262e+02,1.946005807180e+02,4.894696430618e+02,5.415330686491e+02,2.767440429910e+06,1.178036194253e+06,1.340017626370e+01,7.660416162867e+02,3.934327690311e+02,2.131745949905e+02,5.418323326639e-01,9.582122743783e-02,1.107743564630e-01,1.175492423929e+00,2.326436772191e+01
5.889816360601e-01,9.931728856533e-04,1.778023476204e-02,2.561645992287e+06,8.612253993325e-01,2.300083144889e+02,1.952460344682e+02,4.890049121575e+02,5.408851362813e+02,2.767103529289e+06,1.174703442216e+06,1.330973122743e+01,7.671951446462e+02,3.953924246384e+02,2.144246640085e+02,5.423084779750e-01,9.719910462525e-02,1.125568977845e-01,1.178043462524e+00,2.326389292155e+01
5.909849749583e-01,1.006937974989e-03,1.790302522516e-02,2.543334389928e+06,8.640630628385e-01,2.312865905578e+02,1.958993490927e+02,4.885345007217e+02,5.402296969995e+02,2.766752109503e+06,1.171339058133e+06,1.321929411030e+01,7.683560256728e+02,3.973121961137e+02,2.156971193468e+02,5.428907580907e-01,9.857838340868e-02,1.143493336707e-01,1.180639913451e+00,2.326340283390e+01
5.929883138564e-01,1.020797799038e-03,1.802581568829e-02,2.524995505529e+06,8.668370824725e-01,2.325862356147e+02,1.965605900729e+02,4.880584003616e+02,5.395667739429e+02,2.766386288911e+06,1.167943298774e+06,1.312885648430e+01,7.695240881215e+02,3.991920673119e+02,2.169920233852e+02,5.435779945388e-01,9.995884520781e-02,1.161513654991e-01,1.183280104768e+00,2.326289698977e+01
5.949916527546e-01,1.034752357799e-03,1.814860615142e-02,2.506629206839e+06,8.695490779619e-01,2.339071280237e+02,1.972298129045e+02,4.875766111234e+02,5.388963942898e+02,2.766006187915e+06,1.164516461136e+06,1.303841160172e+01,7.706991368116e+02,4.010320535484e+02,2.183094094521e+02,5.443689787897e-01,1.013402666454e-01,1.179626762322e-01,1.185962327800e+00,2.326237487766e+01
5.969949916528e-01,1.048801651274e-03,1.827139661455e-02,2.488235666332e+06,8.722006092501e-01,2.352491265752e+02,1.979070631923e+02,4.870891416565e+02,5.382185975692e+02,2.765611929217e+06,1.161058882400e+06,1.294795426092e+01,7.718809733238e+02,4.028322020408e+02,2.196492825486e+02,5.452624726520e-01,1.027224193835e-01,1.197829307089e-01,1.188684844192e+00,2.326183600843e+01
5.989983305509e-01,1.062945679461e-03,1.839418707768e-02,2.469815346908e+06,8.747931786504e-01,2.366120711137e+02,1.985923765831e+02,4.865960052736e+02,5.375334330449e+02,2.765203637828e+06,1.157570939868e+06,1.285748075627e+01,7.730693900839e+02,4.045925916095e+02,2.210116195468e+02,5.462572081896e-01,1.041050703162e-01,1.216117762432e-01,1.191445891251e+00,2.326127990094e+01
6.010016694491e-01,1.077184442361e-03,1.851697754081e-02,2.451368992962e+06,8.773282335949e-01,2.379957830234e+02,1.992857786904e+02,4.860972220632e+02,5.368409588552e+02,2.764781441560e+06,1.154053050780e+06,1.276698881085e+01,7.742641687695e+02,4.063133305099e+02,2.223963694008e+02,5.473518900345e-01,1.054879816892e-01,1.234488431197e-01,1.194243686566e+00,2.326070607153e+01
6.030050083472e-01,1.091517939974e-03,1.863976800394e-02,2.432897616323e+06,8.798071695594e-01,2.394000658574e+02,1.999872850319e+02,4.855928188298e+02,5.361412420002e+02,2.764345471189e+06,1.150505672156e+06,1.267647750065e+01,7.754650807171e+02,4.079945553250e+02,2.238034535257e+02,5.485451965100e-01,1.068709111840e-01,1.252937451439e-01,1.197076433230e+00,2.326011402593e+01
6.050083472454e-01,1.105946172300e-03,1.876255846707e-02,2.414402486641e+06,8.822313316113e-01,2.408247057624e+02,2.006969010578e+02,4.850828290342e+02,5.354343551870e+02,2.763895860669e+06,1.146929300616e+06,1.258594720185e+01,7.766718788318e+02,4.096364295211e+02,2.252327660597e+02,5.498357807752e-01,1.082536120943e-01,1.271460801898e-01,1.199942323439e+00,2.325950324597e+01
6.070116861436e-01,1.120469139338e-03,1.888534893020e-02,2.395885123290e+06,8.846020181005e-01,2.422694716266e+02,2.014146223987e+02,4.845672929063e+02,5.347203798741e+02,2.763432747936e+06,1.143324471968e+06,1.249539953847e+01,7.778843033148e+02,4.112391432890e+02,2.266841742728e+02,5.512222704771e-01,1.096358338396e-01,1.290054309154e-01,1.202839539361e+00,2.325887318645e+01
6.090150250417e-01,1.135086841090e-03,1.900813939332e-02,2.377347281190e+06,8.869204841645e-01,2.437341155491e+02,2.021404350568e+02,4.840462568751e+02,5.339994089787e+02,2.762956275221e+06,1.139691760659e+06,1.240483738981e+01,7.791020911226e+02,4.128029134004e+02,2.281575191977e+02,5.527032678095e-01,1.110173225777e-01,1.308713657939e-01,1.205766255923e+00,2.325822336448e+01
6.110183639399e-01,1.149799277554e-03,1.913092985645e-02,2.358790909670e+06,8.891879431763e-01,2.452183711418e+02,2.028743152641e+02,4.835197728952e+02,5.332715438526e+02,2.762466586996e+06,1.136031779232e+06,1.231426498501e+01,7.803249706224e+02,4.143279816314e+02,2.296526147122e+02,5.542773476414e-01,1.123978226466e-01,1.327434402993e-01,1.208720634855e+00,2.325755334592e+01
6.130217028381e-01,1.164606448732e-03,1.925372031958e-02,2.340218192045e+06,8.914055689359e-01,2.467219513362e+02,2.036162291688e+02,4.829879010445e+02,5.325368948441e+02,2.761963834080e+06,1.132345177779e+06,1.222368780776e+01,7.815526623978e+02,4.158146147799e+02,2.311692461651e+02,5.559430523804e-01,1.137770765916e-01,1.346211963302e-01,1.211700817481e+00,2.325686268248e+01
6.150250417362e-01,1.179508354622e-03,1.937651078271e-02,2.321631532409e+06,8.935744970231e-01,2.482445508553e+02,2.043661329745e+02,4.824507084009e+02,5.317955800585e+02,2.761448173035e+06,1.128632643240e+06,1.213311245053e+01,7.827848737126e+02,4.172631029961e+02,2.327071720293e+02,5.576988963518e-01,1.151548248005e-01,1.365041631259e-01,1.214704937859e+00,2.325615090718e+01
6.170283806344e-01,1.194504995225e-03,1.949930124584e-02,2.303033525788e+06,8.956958264824e-01,2.497858491736e+02,2.051239733393e+02,4.819082681370e+02,5.310477239677e+02,2.760919764747e+06,1.124894898555e+06,1.204254647921e+01,7.840212942792e+02,4.186737579263e+02,2.342661261299e+02,5.595433716464e-01,1.165308053874e-01,1.383918586045e-01,1.217731136479e+00,2.325541752800e+01
6.190317195326e-01,1.209596370541e-03,1.962209170897e-02,2.284426931795e+06,8.977706240184e-01,2.513455125682e+02,2.058896876706e+02,4.813606589166e+02,5.302934620216e+02,2.760378773988e+06,1.121132701546e+06,1.195199830224e+01,7.852616162972e+02,4.200469121968e+02,2.358458195854e+02,5.614749513380e-01,1.179047537794e-01,1.402837900289e-01,1.220777569833e+00,2.325466212085e+01
6.210350584307e-01,1.224782480570e-03,1.974488217210e-02,2.265814662904e+06,8.997999246552e-01,2.529231950797e+02,2.066632042875e+02,4.808079647110e+02,5.295329380980e+02,2.759825369395e+06,1.117346843882e+06,1.186147711060e+01,7.865055256204e+02,4.213829180444e+02,2.374459418081e+02,5.634920914926e-01,1.192764030277e-01,1.421794550962e-01,1.223842415256e+00,2.325388428988e+01
6.230383973289e-01,1.240063325311e-03,1.986767263523e-02,2.247199772198e+06,9.017847333987e-01,2.545185390082e+02,2.074444425776e+02,4.802502746166e+02,5.287663044471e+02,2.759259723523e+06,1.113538149922e+06,1.177099281369e+01,7.877527021042e+02,4.226821463861e+02,2.390661613212e+02,5.655932320899e-01,1.206454840309e-01,1.440783427244e-01,1.226923873427e+00,2.325308365805e+01
6.250417362270e-01,1.255438904766e-03,1.999046309836e-02,2.228585443461e+06,9.037260264915e-01,2.561311752165e+02,2.082333132287e+02,4.796876827202e+02,5.279937204083e+02,2.758682012889e+06,1.109707475435e+06,1.168055598759e+01,7.890028169587e+02,4.239449858175e+02,2.407061264629e+02,5.677767977341e-01,1.220117258918e-01,1.459799338642e-01,1.230020169420e+00,2.325225985085e+01
6.270450751252e-01,1.270909218933e-03,2.011325356148e-02,2.209974988719e+06,9.056247523522e-01,2.577607235196e+02,2.090297186986e+02,4.791202882561e+02,5.272153499489e+02,2.758092418535e+06,1.105855706156e+06,1.159017785583e+01,7.902555267586e+02,4.251718418731e+02,2.423654662334e+02,5.700411983202e-01,1.233748567162e-01,1.478837027328e-01,1.233129552699e+00,2.325141248185e+01
6.290484140234e-01,1.286474267813e-03,2.023604402461e-02,2.191371831384e+06,9.074818347347e-01,2.594067932403e+02,2.098335537046e+02,4.785481947863e+02,5.264313673474e+02,2.757491126010e+06,1.101983756220e+06,1.149987031193e+01,7.915104908088e+02,4.263631373298e+02,2.440437915163e+02,5.723848291497e-01,1.247346045503e-01,1.497891182792e-01,1.236250297726e+00,2.325054126773e+01
6.310517529215e-01,1.302134051407e-03,2.035883448774e-02,2.172779460747e+06,9.092981733249e-01,2.610689808527e+02,2.106447052575e+02,4.779715094864e+02,5.256419549128e+02,2.756878322657e+06,1.098092566795e+06,1.140964604309e+01,7.927673665298e+02,4.275193104748e+02,2.457406939557e+02,5.748060682517e-01,1.260906993756e-01,1.516956457344e-01,1.239380693351e+00,2.324964602594e+01
6.330550918197e-01,1.317888569713e-03,2.048162495087e-02,2.154201483302e+06,9.110746448058e-01,2.627468669246e+02,2.114630524485e+02,4.773903462018e+02,5.248473023940e+02,2.756254202831e+06,1.094183104980e+06,1.131951842778e+01,7.940258096710e+02,4.286408155151e+02,2.474557440925e+02,5.773032691606e-01,1.274428730278e-01,1.536027455258e-01,1.242519030546e+00,2.324872659121e+01
6.350584307179e-01,1.333737822731e-03,2.060441541400e-02,2.135641608368e+06,9.128121032155e-01,2.644400192980e+02,2.122884667364e+02,4.768048240702e+02,5.240476042781e+02,2.755618966888e+06,1.090256362550e+06,1.122950137648e+01,7.952854675599e+02,4.297281207635e+02,2.491884938491e+02,5.798747668790e-01,1.287908585667e-01,1.555098743130e-01,1.245663616886e+00,2.324778281249e+01
6.370617696160e-01,1.349681810463e-03,2.072720587713e-02,2.117103617263e+06,9.145113807745e-01,2.661479968372e+02,2.131208125320e+02,4.762150664111e+02,5.232430584305e+02,2.754972819219e+06,1.086313354282e+06,1.113960919393e+01,7.965459748278e+02,4.307817066093e+02,2.509384796873e+02,5.825188856381e-01,1.301343900552e-01,1.574164866240e-01,1.248812791558e+00,2.324681454920e+01
6.390651085142e-01,1.365720532908e-03,2.084999634026e-02,2.098591338088e+06,9.161732910316e-01,2.678703520041e+02,2.139599477046e+02,4.756211999962e+02,5.224338727980e+02,2.754315967408e+06,1.082355115832e+06,1.104985645616e+01,7.978069762951e+02,4.318020649095e+02,2.527052252829e+02,5.852339435567e-01,1.314732020244e-01,1.593220356099e-01,1.251964934923e+00,2.324582177133e+01
6.410684474124e-01,1.381853990065e-03,2.097278680339e-02,2.080108631749e+06,9.177986287864e-01,2.696066322257e+02,2.148057239296e+02,4.750233546594e+02,5.216202613329e+02,2.753648621745e+06,1.078382701895e+06,1.096025794147e+01,7.990681168526e+02,4.327896974484e+02,2.544882430242e+02,5.880182558056e-01,1.328070297216e-01,1.612259742175e-01,1.255118473072e+00,2.324480450915e+01
6.430717863105e-01,1.398082181936e-03,2.109557726652e-02,2.061659378840e+06,9.193881708746e-01,2.713563803677e+02,2.156579870078e+02,4.744216629636e+02,5.208024434175e+02,2.752970994931e+06,1.074397184498e+06,1.087082856318e+01,8.003290410325e+02,4.337451148462e+02,2.562870349655e+02,5.908701359239e-01,1.341356092210e-01,1.631277557667e-01,1.258271878230e+00,2.324376283174e+01
6.450751252087e-01,1.414405108519e-03,2.121836772964e-02,2.043247483294e+06,9.209426762017e-01,2.731191352596e+02,2.165165773198e+02,4.738162641168e+02,5.199806410750e+02,2.752283302969e+06,1.070399651381e+06,1.078158334807e+01,8.015893853523e+02,4.346688383227e+02,2.581010937752e+02,5.937878932640e-01,1.354586779236e-01,1.650268349142e-01,1.261423668527e+00,2.324269684650e+01
6.470784641068e-01,1.430822769815e-03,2.134115819277e-02,2.024876875883e+06,9.224628870708e-01,2.748944321428e+02,2.173813305185e+02,4.732073039301e+02,5.191550796512e+02,2.751585766381e+06,1.066391204156e+06,1.069253751020e+01,8.028487835064e+02,4.355614048825e+02,2.599299039252e+02,5.967698262782e-01,1.367759763094e-01,1.669226698898e-01,1.264572405952e+00,2.324160675448e+01
6.490818030050e-01,1.447335165824e-03,2.146394865590e-02,2.006551445254e+06,9.239495307986e-01,2.766817987937e+02,2.182520777575e+02,4.725949193642e+02,5.183259916231e+02,2.750878605251e+06,1.062372956198e+06,1.060370665121e+01,8.041068802551e+02,4.364233570598e+02,2.617729396297e+02,5.998142294521e-01,1.380872506248e-01,1.688147239296e-01,1.267716677140e+00,2.324049295911e+01
6.510851419032e-01,1.463942296546e-03,2.158673911903e-02,1.988275105688e+06,9.254033194438e-01,2.784807496060e+02,2.191286454377e+02,4.719792519735e+02,5.174936136008e+02,2.750162045998e+06,1.058346030962e+06,1.051510673883e+01,8.053633223560e+02,4.372552462380e+02,2.636296606186e+02,6.029193769241e-01,1.393922536796e-01,1.707024637262e-01,1.270855068035e+00,2.323935591418e+01
6.530884808013e-01,1.480644161980e-03,2.170952958216e-02,1.970051799825e+06,9.268249503229e-01,2.802907886762e+02,2.200108554657e+02,4.713604471884e+02,5.166581859540e+02,2.749436321634e+06,1.054311560457e+06,1.042675390438e+01,8.066177585309e+02,4.380576319679e+02,2.654995146279e+02,6.060835270354e-01,1.406907435083e-01,1.725853595715e-01,1.273986177104e+00,2.323819610391e+01
6.550918196995e-01,1.497440762128e-03,2.183232004529e-02,1.951885460280e+06,9.282151056758e-01,2.821114159983e+02,2.208985258121e+02,4.707386525775e+02,5.158199484329e+02,2.748701668447e+06,1.050270683686e+06,1.033866427401e+01,8.078698297263e+02,4.388310790227e+02,2.673819422884e+02,6.093049354751e-01,1.419824822024e-01,1.744628870951e-01,1.277108640545e+00,2.323701408436e+01
6.570951585977e-01,1.514332096988e-03,2.195511050842e-02,1.933779982128e+06,9.295744546071e-01,2.839421310363e+02,2.217914710914e+02,4.701140168489e+02,5.149791445945e+02,2.747958324525e+06,1.046224544668e+06,1.025085383612e+01,8.091191849634e+02,4.395761564869e+02,2.692763805447e+02,6.125818622574e-01,1.432672352718e-01,1.763345282862e-01,1.280221144840e+00,2.323581051370e+01
6.590984974958e-01,1.531318166562e-03,2.207790097155e-02,1.915739210169e+06,9.309036535495e-01,2.857824341556e+02,2.226895029831e+02,4.694866894388e+02,5.141360224099e+02,2.747206529289e+06,1.042174290292e+06,1.016333837482e+01,8.103654824723e+02,4.402934367647e+02,2.711822642851e+02,6.159125747541e-01,1.445447714641e-01,1.781997720572e-01,1.283322430233e+00,2.323458615759e+01
6.611018363940e-01,1.548398970848e-03,2.220069143468e-02,1.897766933985e+06,9.322033463277e-01,2.876318268288e+02,2.235924306698e+02,4.688568203987e+02,5.132908318993e+02,2.746446523493e+06,1.038121068162e+06,1.007613343920e+01,8.116083846789e+02,4.409834947998e+02,2.730990270097e+02,6.192953483071e-01,1.458148631820e-01,1.800581148596e-01,1.286411288464e+00,2.323334184681e+01
6.631051752922e-01,1.565574509847e-03,2.232348189780e-02,1.879866892737e+06,9.334741644828e-01,2.894898120622e+02,2.245000613704e+02,4.682245607330e+02,5.124438237714e+02,2.745678550125e+06,1.034066024663e+06,9.989254354868e+00,8.128475575674e+02,4.416469078502e+02,2.750261017241e+02,6.227284666452e-01,1.470772872499e-01,1.819090617441e-01,1.289486560917e+00,2.323207849501e+01
6.651085141903e-01,1.582844783559e-03,2.244627236093e-02,1.862042765399e+06,9.347167269930e-01,2.913558940341e+02,2.254122008917e+02,4.675900614107e+02,5.115952459969e+02,2.744902853960e+06,1.030010303306e+06,9.902716338633e+00,8.140826631154e+02,4.422842552670e+02,2.769629211638e+02,6.262102208377e-01,1.483318268807e-01,1.837521284086e-01,1.292547133126e+00,2.323079715715e+01
6.671118530885e-01,1.600209791983e-03,2.256906282406e-02,1.844298130724e+06,9.359316418358e-01,2.932295728812e+02,2.263286537075e+02,4.669534732351e+02,5.107453502436e+02,2.744119678689e+06,1.025955042961e+06,9.816534684724e+00,8.153133774286e+02,4.428961176110e+02,2.789089144111e+02,6.297389011120e-01,1.495782745111e-01,1.855868420776e-01,1.295591910603e+00,2.322949908928e+01
6.691151919866e-01,1.617669535121e-03,2.269185328719e-02,1.826636543854e+06,9.371195057360e-01,2.951103394377e+02,2.272492227488e+02,4.663149507255e+02,5.098943892369e+02,2.743329274609e+06,1.021901376442e+06,9.730724677878e+00,8.165393847698e+02,4.434830782265e+02,2.808635027825e+02,6.333127836708e-01,1.508164314491e-01,1.874127387399e-01,1.298619796662e+00,2.322818559761e+01
6.711185308848e-01,1.635224012972e-03,2.281464375032e-02,1.809061518826e+06,9.382809043720e-01,2.969976803581e+02,2.281737097797e+02,4.656746502534e+02,5.090426155853e+02,2.742531896493e+06,1.017850428845e+06,9.645301419032e+00,8.177603767422e+02,4.440457216300e+02,2.828261039582e+02,6.369301407071e-01,1.520461063769e-01,1.892293639652e-01,1.301629712927e+00,2.322685804058e+01
6.731218697830e-01,1.652873225535e-03,2.293743421345e-02,1.791576493834e+06,9.394164124071e-01,2.988910846865e+02,2.291019159471e+02,4.650327283909e+02,5.081902796872e+02,2.741727800200e+06,1.013803315736e+06,9.560279670544e+00,8.189760490240e+02,4.445846309698e+02,2.847961373850e+02,6.405892546571e-01,1.532671139233e-01,1.910362744294e-01,1.304620624628e+00,2.322551786289e+01
6.751252086811e-01,1.670617172811e-03,2.306022467658e-02,1.774184808660e+06,9.405265936034e-01,3.007900477253e+02,2.300336423082e+02,4.643893409185e+02,5.073376283155e+02,2.740917240897e+06,1.009761141442e+06,9.475673747956e+00,8.201860979715e+02,4.451003864088e+02,2.867730276922e+02,6.442884267209e-01,1.544792738782e-01,1.928330388123e-01,1.307591553597e+00,2.322416657847e+01
6.771285475793e-01,1.688455854800e-03,2.318301513971e-02,1.756889692797e+06,9.416120020641e-01,3.026940720960e+02,2.309686902604e+02,4.637446423868e+02,5.064849104053e+02,2.740100472542e+06,1.005724997205e+06,9.391497455045e+00,8.213902361796e+02,4.455935646763e+02,2.887562061042e+02,6.480259792665e-01,1.556824105439e-01,1.946192374534e-01,1.310541579271e+00,2.322280579530e+01
6.791318864775e-01,1.706389271502e-03,2.330580560283e-02,1.739694268681e+06,9.426731820141e-01,3.046026675474e+02,2.319068619554e+02,4.630987863332e+02,5.056323733550e+02,2.739277748391e+06,1.001695959543e+06,9.307764089003e+00,8.225881855091e+02,4.460647386550e+02,2.907451106408e+02,6.518002555356e-01,1.568763533344e-01,1.963944628354e-01,1.313469834308e+00,2.322143716560e+01
6.811352253756e-01,1.724417422917e-03,2.342859606596e-02,1.722601579333e+06,9.437106679280e-01,3.065153514982e+02,2.328479608546e+02,4.624519351667e+02,5.047802621677e+02,2.738449324008e+06,9.976750886818e+05,9.224486552951e+00,8.237796765550e+02,4.465144916654e+02,2.927391870326e+02,6.556095994574e-01,1.580609386752e-01,1.981583218837e-01,1.316375502595e+00,2.322006245619e+01
6.831385642738e-01,1.742540309045e-03,2.355138652909e-02,1.705614518611e+06,9.447249841567e-01,3.084316434743e+02,2.337917919570e+02,4.618042414665e+02,5.039288167574e+02,2.737615450377e+06,9.936634269648e+05,9.141677660206e+00,8.249644421134e+02,4.469433984131e+02,2.947378846048e+02,6.594523728313e-01,1.592360145423e-01,1.999104384651e-01,1.319257792981e+00,2.321868363307e+01
6.851419031720e-01,1.760757929885e-03,2.367417699222e-02,1.688735905961e+06,9.457166455091e-01,3.103510542540e+02,2.347381613880e+02,4.611558505503e+02,5.030782739697e+02,2.736776382334e+06,9.896619978033e+05,9.059350191211e+00,8.261422243347e+02,4.473520206708e+02,2.967406475681e+02,6.633269413271e-01,1.604014418499e-01,2.016504498072e-01,1.322115894659e+00,2.321730270667e+01
6.871452420701e-01,1.779070285439e-03,2.379696745535e-02,1.671968515341e+06,9.466861576444e-01,3.122730881118e+02,2.356868764193e+02,4.605069093549e+02,5.022288694938e+02,2.735932381060e+06,9.856718047731e+05,8.977516689247e+00,8.273127803252e+02,4.477409191797e+02,2.987469167053e+02,6.672316598908e-01,1.615570918475e-01,2.033780046347e-01,1.324948986791e+00,2.321592168620e+01
6.891485809683e-01,1.797477375705e-03,2.391975791848e-02,1.655315032193e+06,9.476340169208e-01,3.141972520270e+02,2.366377458699e+02,4.598575640653e+02,5.013808357570e+02,2.735083709023e+06,9.816938306012e+05,8.896189271687e+00,8.284758767395e+02,4.481106506218e+02,3.007561368457e+02,6.711648929309e-01,1.627028438804e-01,2.050927650774e-01,1.327756275196e+00,2.321454259881e+01
6.911519198664e-01,1.815979200684e-03,2.404254838161e-02,1.638778023402e+06,9.485607105846e-01,3.161230620683e+02,2.375905805144e+02,4.592079585937e+02,5.005344013929e+02,2.734230626882e+06,9.777290359324e+05,8.815379490771e+00,8.296312899912e+02,4.484617657221e+02,3.027677622633e+02,6.751250282747e-01,1.638385836117e-01,2.067944076405e-01,1.330537016172e+00,2.321316749981e+01
6.931552587646e-01,1.834575760376e-03,2.416533884474e-02,1.622359925769e+06,9.494667164826e-01,3.180500458240e+02,2.385451934993e+02,4.585582339835e+02,4.996897877271e+02,2.733373392345e+06,9.737783578995e+05,8.735098274165e+00,8.307787981816e+02,4.487948082035e+02,3.047812588422e+02,6.791104827219e-01,1.649642023309e-01,2.084826233992e-01,1.333290523102e+00,2.321179844433e+01
6.951585976628e-01,1.853267054781e-03,2.428812930787e-02,1.606063049029e+06,9.503525039655e-01,3.199777426045e+02,2.395014008195e+02,4.579085285903e+02,4.988472126340e+02,2.732512260748e+06,9.698427086806e+05,8.655355927737e+00,8.319181929615e+02,4.491103152305e+02,3.067961047120e+02,6.831197020148e-01,1.660795972111e-01,2.101571181100e-01,1.336016163203e+00,2.321043748359e+01
6.971619365609e-01,1.872053083899e-03,2.441091977099e-02,1.589889591204e+06,9.512185339540e-01,3.219057031467e+02,2.404590217494e+02,4.572589785423e+02,4.980068909103e+02,2.731647486839e+06,9.659229744743e+05,8.576162242911e+00,8.330492797233e+02,4.494088183812e+02,3.088117903294e+02,6.871511588086e-01,1.671846729431e-01,2.118176137301e-01,1.338713352507e+00,2.320908672898e+01
6.991652754591e-01,1.890933847730e-03,2.453371023412e-02,1.573841592685e+06,9.520652588442e-01,3.238334845659e+02,2.414178788956e+02,4.566097155655e+02,4.971690327295e+02,2.730779319833e+06,9.620200147703e+05,8.497526735394e+00,8.341718753527e+02,4.496908426194e+02,3.108278145313e+02,6.912033447707e-01,1.682793455669e-01,2.134638503618e-01,1.341381533328e+00,2.320774840438e+01
7.011686143573e-01,1.909909346273e-03,2.465650069725e-02,1.557921002805e+06,9.528931223950e-01,3.257606405082e+02,2.423777977016e+02,4.559608724452e+02,4.963338423528e+02,2.729908010879e+06,9.581346620078e+05,8.419458731822e+00,8.352858055674e+02,4.499569080938e+02,3.128436762126e+02,6.952747487263e-01,1.693635440255e-01,2.150955833622e-01,1.344020135496e+00,2.320642471264e+01
7.031719532554e-01,1.928979579530e-03,2.477929116038e-02,1.542129709489e+06,9.537025594663e-01,3.276867222148e+02,2.433386064485e+02,4.553125827258e+02,4.955015155640e+02,2.729033815436e+06,9.542677210273e+05,8.341967225211e+00,8.363908978407e+02,4.502075309106e+02,3.148588749478e+02,6.993638562887e-01,1.704372081031e-01,2.167125814318e-01,1.346628580633e+00,2.320511774330e+01
7.051752921536e-01,1.948144547499e-03,2.490208162351e-02,1.526469502202e+06,9.544939969651e-01,3.296112871601e+02,2.443001366495e+02,4.546649784976e+02,4.946722445032e+02,2.728156988463e+06,9.504199681882e+05,8.265060708731e+00,8.374869966534e+02,4.504432209430e+02,3.168729183893e+02,7.034691691572e-01,1.715002858036e-01,2.183146276639e-01,1.349206315152e+00,2.320382952980e+01
7.071786310518e-01,1.967404250181e-03,2.502487208664e-02,1.510942043139e+06,9.552678536931e-01,3.315339060072e+02,2.452622233618e+02,4.540181888090e+02,4.938462165686e+02,2.727277780951e+06,9.465921507552e+05,8.188747042854e+00,8.385739583395e+02,4.506644797183e+02,3.188853281314e+02,7.075892209893e-01,1.725527311405e-01,2.199015202467e-01,1.351752836058e+00,2.320256204738e+01
7.091819699499e-01,1.986758687576e-03,2.514766254977e-02,1.495548853809e+06,9.560245403700e-01,3.334541655343e+02,2.462247054368e+02,4.533723389194e+02,4.930236132544e+02,2.726396438379e+06,9.427849863759e+05,8.113033387647e+00,8.396516485603e+02,4.508717994130e+02,3.208956423044e+02,7.117225843848e-01,1.735945029239e-01,2.214730722927e-01,1.354267700078e+00,2.320131717443e+01
7.111853088481e-01,2.006207859684e-03,2.527045301290e-02,1.480291323939e+06,9.567644598266e-01,3.353716688324e+02,2.471874258222e+02,4.527275519924e+02,4.922046095728e+02,2.725513201637e+06,9.389991625292e+05,8.037926226610e+00,8.407199434122e+02,4.510656649670e+02,3.229034159689e+02,7.158678681352e-01,1.746255650013e-01,2.230291119522e-01,1.356750521257e+00,2.320009668171e+01
7.131886477462e-01,2.025751766505e-03,2.539324347603e-02,1.465170740370e+06,9.574880068024e-01,3.372860343651e+02,2.481502320007e+02,4.520839581701e+02,4.913893716759e+02,2.724628310282e+06,9.352353358967e+05,7.963431536308e+00,8.417787233160e+02,4.512465639825e+02,3.249082205480e+02,7.200236998606e-01,1.756458890211e-01,2.245694848644e-01,1.359200963246e+00,2.319890231709e+01
7.151919866444e-01,2.045390408038e-03,2.551603393915e-02,1.450188222779e+06,9.581955683567e-01,3.391968863573e+02,2.491129759821e+02,4.514416667576e+02,4.905780608497e+02,2.723741995098e+06,9.314941318052e+05,7.889555123906e+00,8.428278808661e+02,4.514149466277e+02,3.269096359486e+02,7.241887721945e-01,1.766554602220e-01,2.260940560889e-01,1.361618699388e+00,2.319773589623e+01
7.171953255426e-01,2.065123784285e-03,2.563882440228e-02,1.435344826689e+06,9.588875239305e-01,3.411038415933e+02,2.500755135413e+02,4.508007842359e+02,4.897708327279e+02,2.722854490614e+06,9.277761446922e+05,7.816302675107e+00,8.438673227925e+02,4.515712513568e+02,3.289072389969e+02,7.283617768151e-01,1.776542781304e-01,2.276027046199e-01,1.364003363476e+00,2.319659911938e+01
7.191986644407e-01,2.084951895244e-03,2.576161486541e-02,1.420641561903e+06,9.595642452331e-01,3.430065127975e+02,2.510377039882e+02,4.501614174711e+02,4.889678362111e+02,2.721966036022e+06,9.240819386915e+05,7.743679590097e+00,8.448969662305e+02,4.517159120533e+02,3.309006059599e+02,7.325413985437e-01,1.786423536000e-01,2.290953216997e-01,1.366354564865e+00,2.319549349900e+01
7.212020033389e-01,2.104874740916e-03,2.588440532854e-02,1.406079352707e+06,9.602260962576e-01,3.449045192065e+02,2.519994103337e+02,4.495236712318e+02,4.881692133138e+02,2.721076869329e+06,9.204120478035e+05,7.671690809624e+00,8.459167363889e+02,4.518493551828e+02,3.328893214609e+02,7.367263395256e-01,1.796197055535e-01,2.305718121790e-01,1.368671929627e+00,2.319442039371e+01
7.232053422371e-01,2.124892321301e-03,2.600719579167e-02,1.391659009775e+06,9.608734331143e-01,3.467974942856e+02,2.529604995908e+02,4.488876465202e+02,4.873750981577e+02,2.720187223540e+06,9.167669755719e+05,7.600340686474e+00,8.469265592646e+02,4.519719978420e+02,3.348729850543e+02,7.409153369084e-01,1.805863584274e-01,2.320320951196e-01,1.370955128752e+00,2.319338101120e+01
7.252086811352e-01,2.145004636399e-03,2.612998625480e-02,1.377381217388e+06,9.615066048402e-01,3.486850892938e+02,2.539208430862e+02,4.482534398227e+02,4.865856195832e+02,2.719297325069e+06,9.131471946540e+05,7.529632921010e+00,8.479263763479e+02,4.520842474275e+02,3.368512145660e+02,7.451071708044e-01,1.815423406043e-01,2.334761034144e-01,1.373203889274e+00,2.319237641443e+01
7.272120200334e-01,2.165211686210e-03,2.625277671793e-02,1.363246540913e+06,9.621259533209e-01,3.505669741471e+02,2.548803166870e+02,4.476211434697e+02,4.858008999477e+02,2.718407394521e+06,9.095531469181e+05,7.459570588580e+00,8.489161411492e+02,4.521865020063e+02,3.388236469271e+02,7.493006655966e-01,1.824876843905e-01,2.349037839239e-01,1.375417995018e+00,2.319140753969e+01
7.292153589316e-01,2.185513470734e-03,2.637556718106e-02,1.349255435174e+06,9.627318131424e-01,3.524428353838e+02,2.558388009874e+02,4.469908454271e+02,4.850210542133e+02,2.717517647623e+06,9.059852437520e+05,7.390156289916e+00,8.498958138336e+02,4.522791516222e+02,3.407899365301e+02,7.534946842183e-01,1.834224284604e-01,2.363150991206e-01,1.377597276189e+00,2.319047526136e+01
7.312186978297e-01,2.205909989970e-03,2.649835764419e-02,1.335408218210e+06,9.633245116824e-01,3.543123672143e+02,2.567961810640e+02,4.463626291793e+02,4.842461910462e+02,2.716628291806e+06,9.024438663462e+05,7.321392415788e+00,8.508653623664e+02,4.523625777182e+02,3.427497475471e+02,7.576881122129e-01,1.843466226222e-01,2.377100283049e-01,1.379741574607e+00,2.318958044789e+01
7.332220367279e-01,2.226401243920e-03,2.662114810731e-02,1.321705160231e+06,9.639043691565e-01,3.561752603711e+02,2.577523459003e+02,4.457365794257e+02,4.834764122724e+02,2.715739537332e+06,8.989293661919e+05,7.253281173728e+00,8.518247625916e+02,4.524371568961e+02,3.447027439448e+02,7.618798294765e-01,1.852603280115e-01,2.390885624573e-01,1.381850702957e+00,2.318872379783e+01
7.352253756260e-01,2.246987232582e-03,2.674393857044e-02,1.308146484617e+06,9.644716986994e-01,3.580312064364e+02,2.587071883021e+02,4.451127804758e+02,4.827118122880e+02,2.714851595990e+06,8.954420656261e+05,7.185824468990e+00,8.527739975038e+02,4.525032607483e+02,3.466485930324e+02,7.660687183981e-01,1.861636144989e-01,2.404507033240e-01,1.383924462193e+00,2.318790580912e+01
7.372287145242e-01,2.267667955957e-03,2.686672903357e-02,1.294732334696e+06,9.650268065289e-01,3.598799074491e+02,2.596606049963e+02,4.444913141411e+02,4.819524798454e+02,2.713964675865e+06,8.919822584510e+05,7.119023757989e+00,8.537130589905e+02,4.525612534187e+02,3.485869737665e+02,7.702536863977e-01,1.870565572163e-01,2.417964639819e-01,1.385962677913e+00,2.318712682462e+01
7.392320534224e-01,2.288443414045e-03,2.698951949670e-02,1.281462749615e+06,9.655699920360e-01,3.617210828183e+02,2.606124967509e+02,4.438722582441e+02,4.811984973791e+02,2.713078977808e+06,8.885502104167e+05,7.052879936620e+00,8.546419466668e+02,4.526114899723e+02,3.505175827896e+02,7.744336822096e-01,1.879392337632e-01,2.431258687945e-01,1.387965225490e+00,2.318638703045e+01
7.412353923205e-01,2.309313606846e-03,2.711230995983e-02,1.268337657583e+06,9.661015479572e-01,3.635544721064e+02,2.615627685415e+02,4.432556864560e+02,4.804499413006e+02,2.712194694333e+06,8.851461594201e+05,6.987393303482e+00,8.555606688656e+02,4.526543162679e+02,3.524401369483e+02,7.786077019084e-01,1.888117228344e-01,2.444389529192e-01,1.389932038622e+00,2.318568644849e+01
7.432387312187e-01,2.330278534360e-03,2.723510042296e-02,1.255356899380e+06,9.666217604769e-01,3.653798353512e+02,2.625113298547e+02,4.426416784060e+02,4.797068819821e+02,2.711312012596e+06,8.817703155478e+05,6.922563634762e+00,8.564692421265e+02,4.526900718607e+02,3.543543737226e+02,7.827747851109e-01,1.896741051983e-01,2.457357632888e-01,1.391863107598e+00,2.318502499097e+01
7.452420701169e-01,2.351338196587e-03,2.735789088609e-02,1.242520209940e+06,9.671309090254e-01,3.671969474514e+02,2.634580948570e+02,4.420302982384e+02,4.789693818645e+02,2.710431111833e+06,8.784228614558e+05,6.858390412923e+00,8.573676836640e+02,4.527190589275e+02,3.562600463533e+02,7.869340583921e-01,1.905264680118e-01,2.470163607048e-01,1.393758455783e+00,2.318440256365e+01
7.472454090150e-01,2.372492593526e-03,2.748068134922e-02,1.229827228581e+06,9.676292666155e-01,3.690055848053e+02,2.644029818533e+02,4.414216008192e+02,4.782374975013e+02,2.709552165035e+06,8.751039533819e+05,6.794873070677e+00,8.582560193840e+02,4.527415623664e+02,3.581569120441e+02,7.910846757078e-01,1.913689095597e-01,2.482808190513e-01,1.395618091062e+00,2.318381907495e+01
7.492487479132e-01,2.393741725178e-03,2.760347181234e-02,1.217277585285e+06,9.681170998917e-01,3.708055157427e+02,2.653459125669e+02,4.408156427312e+02,4.775112802429e+02,2.708675350323e+06,8.718137225532e+05,6.732010962762e+00,8.591342846053e+02,4.527578634677e+02,3.600447231110e+02,7.952257755468e-01,1.922015380890e-01,2.495292194913e-01,1.397441973594e+00,2.318327427213e+01
7.512520868114e-01,2.415085591544e-03,2.772626227547e-02,1.204870886943e+06,9.685946691161e-01,3.725965073026e+02,2.662868119698e+02,4.402124802009e+02,4.767907759788e+02,2.707800847422e+06,8.685522762082e+05,6.669803247960e+00,8.600025209034e+02,4.527682386801e+02,3.619232327264e+02,7.993564959006e-01,1.930244688290e-01,2.507616503727e-01,1.399230042774e+00,2.318276774849e+01
7.532554257095e-01,2.436524192622e-03,2.784905273860e-02,1.192606685878e+06,9.690622282613e-01,3.743783352453e+02,2.672256083810e+02,4.396121670088e+02,4.760760251302e+02,2.706928832345e+06,8.653196980629e+05,6.608248750207e+00,8.608607748839e+02,4.527729573118e+02,3.637922036985e+02,8.034759979007e-01,1.938378204387e-01,2.519782078533e-01,1.400982254333e+00,2.318229897806e+01
7.552587646077e-01,2.458057528413e-03,2.797184320173e-02,1.180484456464e+06,9.695200251150e-01,3.761507916377e+02,2.681622336109e+02,4.390147529689e+02,4.753670625578e+02,2.706059473724e+06,8.621160487461e+05,6.547345851000e+00,8.617090968854e+02,4.527722800307e+02,3.656514151938e+02,8.075834836200e-01,1.946417120112e-01,2.531789958988e-01,1.402698607379e+00,2.318186732578e+01
7.572621035058e-01,2.479685598917e-03,2.809463366486e-02,1.168503586250e+06,9.699683013686e-01,3.779136886085e+02,2.690966230773e+02,4.384202833260e+02,4.746639171477e+02,2.705192931388e+06,8.589413665528e+05,6.487092445668e+00,8.625475389666e+02,4.527664584282e+02,3.675006661117e+02,8.116782046697e-01,1.954362614574e-01,2.543641260075e-01,1.404379156776e+00,2.318147204050e+01
7.592654424040e-01,2.501408404133e-03,2.821742412799e-02,1.156663387758e+06,9.704072929322e-01,3.796668585302e+02,2.700287159707e+02,4.378287994071e+02,4.739666130814e+02,2.704329358055e+06,8.557956681631e+05,6.427485995864e+00,8.633761613004e+02,4.527557361153e+02,3.693397753954e+02,8.157594613032e-01,1.962215858423e-01,2.555337174493e-01,1.406024011800e+00,2.318111231949e+01
7.612687813022e-01,2.523225944063e-03,2.834021459112e-02,1.144963090555e+06,9.708372299617e-01,3.814101493013e+02,2.709584553234e+02,4.372403373404e+02,4.732751690069e+02,2.703468898183e+06,8.526789492273e+05,6.368523700216e+00,8.641950303165e+02,4.527403497221e+02,3.711685778982e+02,8.198265918336e-01,1.969978047407e-01,2.566878987616e-01,1.407633317241e+00,2.318078739507e+01
7.632721202003e-01,2.545138218705e-03,2.846300505425e-02,1.133401856340e+06,9.712583369139e-01,3.831434120502e+02,2.718857875993e+02,4.366549314827e+02,4.725895990131e+02,2.702611690234e+06,8.495911848775e+05,6.310202713684e+00,8.650042184780e+02,4.527205296520e+02,3.729869133139e+02,8.238789471302e-01,1.977650449132e-01,2.578268074182e-01,1.409207209517e+00,2.318049655237e+01
7.652754590985e-01,2.567145228061e-03,2.858579551738e-02,1.121978846910e+06,9.716708325355e-01,3.848664927381e+02,2.728106621876e+02,4.360726175941e+02,4.719099128944e+02,2.701757876112e+06,8.465323307166e+05,6.252520129135e+00,8.658038011012e+02,4.526965038220e+02,3.747946183324e+02,8.279158667410e-01,1.985234394629e-01,2.589505849090e-01,1.410745788497e+00,2.318023897308e+01
7.672787979967e-01,2.589246972129e-03,2.870858598050e-02,1.110693209185e+06,9.720749299301e-01,3.865792386359e+02,2.737330312199e+02,4.354934309890e+02,4.712361159477e+02,2.700907597420e+06,8.435023241762e+05,6.195472882652e+00,8.665938547934e+02,4.526684963367e+02,3.765915322805e+02,8.319366939120e-01,1.992731250749e-01,2.600593767300e-01,1.412249142579e+00,2.318001374847e+01
7.692821368948e-01,2.611443450910e-03,2.883137644363e-02,1.099544048755e+06,9.724708366624e-01,3.882815073208e+02,2.746528495309e+02,4.349174047160e+02,4.705682080797e+02,2.700060990692e+06,8.405010856918e+05,6.139057635957e+00,8.673744561768e+02,4.526367254873e+02,3.783775051353e+02,8.359407971768e-01,2.000142386277e-01,2.611533327364e-01,1.413717381720e+00,2.317981989518e+01
7.712854757930e-01,2.633734664404e-03,2.895416690676e-02,1.088530410799e+06,9.728587551579e-01,3.899731730565e+02,2.755700747165e+02,4.343445682816e+02,4.699061857661e+02,2.699218184229e+06,8.375285192916e+05,6.083270687933e+00,8.681456910002e+02,4.526014026362e+02,3.801524033466e+02,8.399275855804e-01,2.007469142191e-01,2.622326065879e-01,1.415150659801e+00,2.317965637612e+01
7.732888146912e-01,2.656120612611e-03,2.907695736989e-02,1.077651277206e+06,9.732388826877e-01,3.916541297677e+02,2.764846673167e+02,4.337749499192e+02,4.692500415792e+02,2.698379297496e+06,8.345845127323e+05,6.028107950025e+00,8.689076487297e+02,4.525627322092e+02,3.819161125300e+02,8.438965149995e-01,2.014712820023e-01,2.632973555746e-01,1.416549183608e+00,2.317952209253e+01
7.752921535893e-01,2.678601295530e-03,2.919974783302e-02,1.066905580168e+06,9.736114114505e-01,3.933242911134e+02,2.773965911177e+02,4.332085813589e+02,4.685997641577e+02,2.697544443238e+06,8.316689376663e+05,5.973565015929e+00,8.696604206575e+02,4.525208992500e+02,3.836685376384e+02,8.478471121980e-01,2.021874694063e-01,2.643477417880e-01,1.417913210572e+00,2.317941594539e+01
7.772954924875e-01,2.701176713163e-03,2.932253829615e-02,1.056292183871e+06,9.739765286290e-01,3.949835840299e+02,2.783058132077e+02,4.326454777604e+02,4.679553386448e+02,2.696713724867e+06,8.287816504063e+05,5.919637343857e+00,8.704040987756e+02,4.524760636883e+02,3.854095971877e+02,8.517789737785e-01,2.028956052350e-01,2.653839337140e-01,1.419243024345e+00,2.317933693419e+01
7.792988313856e-01,2.723846865508e-03,2.944532875928e-02,1.045809914096e+06,9.743344165754e-01,3.966319350498e+02,2.792123033767e+02,4.320856520363e+02,4.673167466077e+02,2.695887241529e+06,8.259224932323e+05,5.866320442590e+00,8.711387803341e+02,4.524283793143e+02,3.871392107809e+02,8.556917038839e-01,2.035958239670e-01,2.664061050002e-01,1.420538888341e+00,2.317928414917e+01
7.813021702838e-01,2.746611752566e-03,2.956811922241e-02,1.035457619263e+06,9.746852527684e-01,3.982692618457e+02,2.801160334870e+02,4.315291190009e+02,4.666839654438e+02,2.695065097128e+06,8.230912958768e+05,5.813609862568e+00,8.718645635902e+02,4.523779982264e+02,3.888572911106e+02,8.595848883792e-01,2.042882651370e-01,2.674144299514e-01,1.421801018984e+00,2.317925662611e+01
7.833055091820e-01,2.769471374337e-03,2.969090968554e-02,1.025234158686e+06,9.750292099110e-01,3.998954785831e+02,2.810169773128e+02,4.309758937580e+02,4.660569692687e+02,2.694247396971e+06,8.202878764002e+05,5.761501124124e+00,8.725815463174e+02,4.523250696953e+02,3.905637486789e+02,8.634581075551e-01,2.049730712705e-01,2.684090837785e-01,1.423029606279e+00,2.317925334322e+01
7.853088480801e-01,2.792425730821e-03,2.981370014866e-02,1.015138378718e+06,9.753664561512e-01,4.015105046340e+02,2.819151105886e+02,4.304259899782e+02,4.654357301533e+02,2.693434243137e+06,8.175120416275e+05,5.709989612136e+00,8.732898295628e+02,4.522697383503e+02,3.922584996896e+02,8.673109572186e-01,2.056503845748e-01,2.693902428265e-01,1.424224844832e+00,2.317927325813e+01
7.873121869783e-01,2.815474822018e-03,2.993649061179e-02,1.005169091814e+06,9.756971551802e-01,4.031142723669e+02,2.828104110440e+02,4.298794184268e+02,4.648202175185e+02,2.692625730776e+06,8.147635878662e+05,5.659070480051e+00,8.739895166093e+02,4.522121427308e+02,3.939414731204e+02,8.711430673699e-01,2.063203438259e-01,2.703580845567e-01,1.425386961105e+00,2.317931531391e+01
7.893155258765e-01,2.838618647928e-03,3.005928107492e-02,9.953250661794e+05,9.760214663596e-01,4.047067315748e+02,2.837028584656e+02,4.293361862379e+02,4.642103982204e+02,2.691821946385e+06,8.120423016155e+05,5.608738600658e+00,8.746807130463e+02,4.521524147375e+02,3.956126147902e+02,8.749541125857e-01,2.069830824199e-01,2.713127872369e-01,1.426516228154e+00,2.317937843985e+01
7.913188647746e-01,2.861857208551e-03,3.018207153805e-02,9.856050316852e+05,9.763395448241e-01,4.062878502677e+02,2.845924348501e+02,4.287962973055e+02,4.636062365815e+02,2.691022968928e+06,8.093479601174e+05,5.558988592192e+00,8.753635260905e+02,4.520906802911e+02,3.972718881499e+02,8.787438128432e-01,2.076387285541e-01,2.722545303427e-01,1.427612966879e+00,2.317946158080e+01
7.933222036728e-01,2.885190503886e-03,3.030486200118e-02,9.760076785051e+05,9.766515415579e-01,4.078576107453e+02,2.854791245658e+02,4.282597514201e+02,4.630076943561e+02,2.690228869891e+06,8.066803316465e+05,5.509814938872e+00,8.760380632578e+02,4.520270604574e+02,3.989192707707e+02,8.825119238815e-01,2.082874082183e-01,2.731834960379e-01,1.428677530680e+00,2.317956376920e+01
7.953255425710e-01,2.908618533935e-03,3.042765246431e-02,9.665316620916e+05,9.769576034291e-01,4.094159983892e+02,2.863629140964e+02,4.277265467572e+02,4.624147305381e+02,2.689439714439e+06,8.040391758439e+05,5.461212176690e+00,8.767044299562e+02,4.519616720842e+02,4.005547440547e+02,8.862582134622e-01,2.089292502862e-01,2.740998699555e-01,1.429710267061e+00,2.317968415518e+01
7.973288814691e-01,2.932141298696e-03,3.055044292744e-02,9.571756625700e+05,9.772578733745e-01,4.109629912476e+02,2.872437915203e+02,4.271966834869e+02,4.618273021511e+02,2.688655571332e+06,8.014242447928e+05,5.413174913999e+00,8.773627336699e+02,4.518946314095e+02,4.021782835074e+02,8.899824329690e-01,2.095643867746e-01,2.750038367815e-01,1.430711484041e+00,2.317982187361e+01
7.993322203673e-01,2.955758798170e-03,3.067323339057e-02,9.479383811842e+05,9.775524904799e-01,4.124985631306e+02,2.881217462400e+02,4.266701625350e+02,4.612453647808e+02,2.687876510954e+06,7.988352842470e+05,5.365697783731e+00,8.780130843338e+02,4.518260535320e+02,4.037898614448e+02,8.936843245058e-01,2.101929510302e-01,2.758955797647e-01,1.431681462832e+00,2.317997605379e+01
8.013355592654e-01,2.979471032357e-03,3.079602385370e-02,9.388185213502e+05,9.778415900285e-01,4.140226910882e+02,2.889967688656e+02,4.261469841411e+02,4.606688723251e+02,2.687102601209e+06,7.962720346043e+05,5.318775360766e+00,8.786555918041e+02,4.517560507742e+02,4.053894537828e+02,8.973636392652e-01,2.108150750280e-01,2.767752811592e-01,1.432620484697e+00,2.318014582853e+01
8.033388981636e-01,3.003278001257e-03,3.091881431682e-02,9.298147709142e+05,9.781253036209e-01,4.155353624116e+02,2.898688512282e+02,4.256271465589e+02,4.600977771419e+02,2.686333904097e+06,7.937342313144e+05,5.272402081064e+00,8.792903656477e+02,4.516847313903e+02,4.069770464714e+02,9.010201545195e-01,2.114308866693e-01,2.776431223110e-01,1.433528855036e+00,2.318033032888e+01
8.053422370618e-01,3.027179704869e-03,3.104160477995e-02,9.209257902890e+05,9.784037593116e-01,4.170365792707e+02,2.907379865377e+02,4.251106451986e+02,4.595320301494e+02,2.685570473567e+06,7.912216047515e+05,5.226572186066e+00,8.799175153945e+02,4.516121988467e+02,4.085526398026e+02,9.046536848339e-01,2.120405077926e-01,2.784992833369e-01,1.434406918191e+00,2.318052866707e+01
8.073455759599e-01,3.051176143195e-03,3.116439524308e-02,9.121502131331e+05,9.786770817367e-01,4.185263612083e+02,2.916041696205e+02,4.245974762158e+02,4.589715810278e+02,2.684812355749e+06,7.887338802686e+05,5.181279712801e+00,8.805371510319e+02,4.515385513153e+02,4.101162507829e+02,9.082640886107e-01,2.126440534689e-01,2.793439432429e-01,1.435255064264e+00,2.318073995021e+01
8.093489148581e-01,3.075267316233e-03,3.128718570621e-02,9.034866517487e+05,9.789453922028e-01,4.200047441633e+02,2.924673971601e+02,4.240876371453e+02,4.584163783137e+02,2.684059590290e+06,7.862707786935e+05,5.136518569799e+00,8.811493829734e+02,4.514638718255e+02,4.116679123260e+02,9.118512864859e-01,2.132416339063e-01,2.801772815050e-01,1.436073723914e+00,2.318096336305e+01
8.113522537563e-01,3.099453223984e-03,3.140997616934e-02,8.949336802575e+05,9.792088086941e-01,4.214717710194e+02,2.933276675549e+02,4.235811138073e+02,4.578663681174e+02,2.683312207917e+06,7.838320170415e+05,5.092282712362e+00,8.817543189865e+02,4.513882310964e+02,4.132076645352e+02,9.154152369714e-01,2.138333596979e-01,2.809994798740e-01,1.436863336257e+00,2.318119823823e+01
8.133555926544e-01,3.123733866449e-03,3.153276663247e-02,8.864898965364e+05,9.794674460129e-01,4.229274768718e+02,2.941849803249e+02,4.230778938640e+02,4.573214959396e+02,2.682570242238e+06,7.814173093468e+05,5.048566228652e+00,8.823520675888e+02,4.513116988710e+02,4.147355409348e+02,9.189558834224e-01,2.144193443287e-01,2.818107187085e-01,1.437624301569e+00,2.318144393611e+01
8.153589315526e-01,3.148109243626e-03,3.165555709560e-02,8.781539399421e+05,9.797214158408e-01,4.243718861545e+02,2.950393358155e+02,4.225779669156e+02,4.567817069092e+02,2.681833731893e+06,7.790263672263e+05,5.005363334776e+00,8.829427373945e+02,4.512343451225e+02,4.162515656635e+02,9.224731454128e-01,2.149997039285e-01,2.826111755289e-01,1.438356973593e+00,2.318169979933e+01
8.173622704508e-01,3.172579355516e-03,3.177834755873e-02,8.699244789052e+05,9.799708268185e-01,4.258050175717e+02,2.958907351055e+02,4.220813234400e+02,4.562469454886e+02,2.681102717292e+06,7.766589003114e+05,4.962668323941e+00,8.835264370211e+02,4.511562388046e+02,4.177557579642e+02,9.259669312589e-01,2.155745555269e-01,2.834010253658e-01,1.439061677345e+00,2.318196517175e+01
8.193656093489e-01,3.197144202118e-03,3.190113802186e-02,8.618001946480e+05,9.802157846234e-01,4.272268908448e+02,2.967391799084e+02,4.215879535453e+02,4.557171554653e+02,2.680377237204e+06,7.743146169865e+05,4.920475493448e+00,8.841032748851e+02,4.510774465265e+02,4.192481383894e+02,9.294371545680e-01,2.161440144479e-01,2.841804409249e-01,1.439738732771e+00,2.318223940971e+01
8.213689482471e-01,3.221803783434e-03,3.202392848498e-02,8.537797688704e+05,9.804563920479e-01,4.286375318279e+02,2.975846724899e+02,4.210978460651e+02,4.551922800640e+02,2.679657326511e+06,7.719932250780e+05,4.878779087523e+00,8.846733587238e+02,4.509980317155e+02,4.207287335268e+02,9.328837465797e-01,2.167081921828e-01,2.849495925108e-01,1.440388472435e+00,2.318252187568e+01
8.233722871452e-01,3.246558099462e-03,3.214671894811e-02,8.458618800626e+05,9.806927490813e-01,4.300369744297e+02,2.984272156665e+02,4.206109883317e+02,4.546722621250e+02,2.678943015827e+06,7.696944323298e+05,4.837573279407e+00,8.852367949243e+02,4.509180545578e+02,4.221975777896e+02,9.363066604277e-01,2.172671956036e-01,2.857086479701e-01,1.441011247816e+00,2.318281192741e+01
8.253756260434e-01,3.271407150204e-03,3.226950941124e-02,8.380452123059e+05,9.809249529791e-01,4.314252589903e+02,2.992668129801e+02,4.201273668785e+02,4.541570442338e+02,2.678234333715e+06,7.674179465719e+05,4.796852213624e+00,8.857936874394e+02,4.508375729843e+02,4.236547119356e+02,9.397058659758e-01,2.178211282592e-01,2.864577733264e-01,1.441607422802e+00,2.318310894509e+01
8.273789649416e-01,3.296350935658e-03,3.239229987437e-02,8.303284545591e+05,9.811530983309e-01,4.328024259429e+02,3.001034689109e+02,4.196469667893e+02,4.536465683996e+02,2.677531307219e+06,7.651634757106e+05,4.756610118477e+00,8.863441378160e+02,4.507566437898e+02,4.251001771918e+02,9.430813345704e-01,2.183700940794e-01,2.871971340551e-01,1.442177351410e+00,2.318341240975e+01
8.293823038397e-01,3.321389455825e-03,3.251509033750e-02,8.227103160463e+05,9.813772771729e-01,4.341685036413e+02,3.009371885231e+02,4.191697751040e+02,4.531407767796e+02,2.676833965485e+06,7.629307283126e+05,4.716841452414e+00,8.868882496317e+02,4.506753238992e+02,4.265340038541e+02,9.464330111617e-01,2.189142021306e-01,2.879268952746e-01,1.442721339200e+00,2.318372196108e+01
8.313856427379e-01,3.346522710705e-03,3.263788080063e-02,8.151895675342e+05,9.815975789674e-01,4.355234991342e+02,3.017679768477e+02,4.186957831548e+02,4.526396117923e+02,2.676142347432e+06,7.607194148926e+05,4.677540925556e+00,8.874261248379e+02,4.505936729444e+02,4.279562024572e+02,9.497607892731e-01,2.194535674691e-01,2.886472188736e-01,1.443239616356e+00,2.318403728532e+01
8.333889816361e-01,3.371750700298e-03,3.276067126376e-02,8.077650313998e+05,9.818140907109e-01,4.368674025993e+02,3.025958383154e+02,4.182249850737e+02,4.521430163457e+02,2.675456497950e+06,7.585292492389e+05,4.638703446486e+00,8.879578632522e+02,4.505117519757e+02,4.293667678104e+02,9.530645225733e-01,2.199883098712e-01,2.893582645261e-01,1.443732356107e+00,2.318435805761e+01
8.353923205342e-01,3.397073424604e-03,3.288346172689e-02,8.004355483978e+05,9.820268971202e-01,4.382002015570e+02,3.034207762279e+02,4.177573749165e+02,4.516509340446e+02,2.674776459139e+06,7.563599493068e+05,4.600323975524e+00,8.884835626221e+02,4.504296201931e+02,4.307656922739e+02,9.563440612304e-01,2.205185496585e-01,2.900601917731e-01,1.444199724899e+00,2.318468383079e+01
8.373956594324e-01,3.422490883622e-03,3.300625219001e-02,7.931999232745e+05,9.822360808068e-01,4.395219059234e+02,3.042427929232e+02,4.172929419059e+02,4.511633091816e+02,2.674102256277e+06,7.542112371254e+05,4.562397277813e+00,8.890033188672e+02,4.503473296685e+02,4.321529892973e+02,9.595993155225e-01,2.210443993669e-01,2.907531616830e-01,1.444641964072e+00,2.318501397242e+01
8.393989983306e-01,3.448003077354e-03,3.312904265314e-02,7.860568460091e+05,9.824417222143e-01,4.408325877208e+02,3.050618920494e+02,4.168316633520e+02,4.506800863970e+02,2.673433876926e+06,7.520828372032e+05,4.524917562991e+00,8.895172266228e+02,4.502649172778e+02,4.335287308097e+02,9.628303564725e-01,2.215659482278e-01,2.914373352518e-01,1.445059508283e+00,2.318534796153e+01
8.414023372287e-01,3.473610005798e-03,3.325183311627e-02,7.790047837098e+05,9.826438990861e-01,4.421324401190e+02,3.058780838772e+02,4.163734947117e+02,4.502012098849e+02,2.672771241498e+06,7.499744729093e+05,4.487877987902e+00,8.900253802092e+02,4.501823930301e+02,4.348931028225e+02,9.660375651196e-01,2.220832356261e-01,2.921128654679e-01,1.445453150859e+00,2.318568635336e+01
8.434056761269e-01,3.499311668955e-03,3.337462357940e-02,7.720418316683e+05,9.828426856847e-01,4.434218571977e+02,3.066913908420e+02,4.159183557986e+02,4.497266217357e+02,2.672114163949e+06,7.478858596442e+05,4.451269965399e+00,8.905278745845e+02,4.500997245575e+02,4.362464805658e+02,9.692218341051e-01,2.225962128686e-01,2.927798847459e-01,1.445824272994e+00,2.318603198984e+01
8.454090150250e-01,3.525108066825e-03,3.349741404253e-02,7.651654798881e+05,9.830381531200e-01,4.447015293174e+02,3.075018435198e+02,4.154661119453e+02,4.492562595654e+02,2.671462296635e+06,7.458166949636e+05,4.415082160781e+00,8.910248059024e+02,4.500168173812e+02,4.375895186197e+02,9.723848125637e-01,2.231047020224e-01,2.934385023616e-01,1.446175165089e+00,2.318638935815e+01
8.474123539232e-01,3.550999199408e-03,3.362020450566e-02,7.583723405486e+05,9.832303733416e-01,4.459725454724e+02,3.083094573896e+02,4.150165549585e+02,4.487900547594e+02,2.670815071428e+06,7.437666481047e+05,4.379299146872e+00,8.915162768643e+02,4.499334912662e+02,4.389232489945e+02,9.755291782331e-01,2.236083767153e-01,2.940888440108e-01,1.446509455948e+00,2.318675892557e+01
8.494156928214e-01,3.576985066704e-03,3.374299496879e-02,7.516579363905e+05,9.834194279287e-01,4.472365062471e+02,3.091142083850e+02,4.145693720999e+02,4.483279303514e+02,2.670171653372e+06,7.417353518457e+05,4.343900244475e+00,8.920023979542e+02,4.498494694987e+02,4.402491928105e+02,9.786589129494e-01,2.241068023079e-01,2.947311675734e-01,1.446832575519e+00,2.318712673298e+01
8.514190317195e-01,3.603065668713e-03,3.386578543192e-02,7.450168321097e+05,9.836054167594e-01,4.484956351845e+02,3.099160806893e+02,4.141241591104e+02,4.478697991129e+02,2.669530957936e+06,7.397223947042e+05,4.308860111344e+00,8.924832888914e+02,4.497643978653e+02,4.415694759630e+02,9.817795229210e-01,2.245995497286e-01,2.953660169444e-01,1.447151868296e+00,2.318746003257e+01
8.534223706177e-01,3.629241005434e-03,3.398857589505e-02,7.384433584684e+05,9.837884516623e-01,4.497527455806e+02,3.107152793538e+02,4.136804794123e+02,4.474155588354e+02,2.668891800850e+06,7.377273008022e+05,4.274152208196e+00,8.929590837187e+02,4.496778973429e+02,4.428868087481e+02,9.848978821620e-01,2.250862702061e-01,2.959941511192e-01,1.447475471808e+00,2.318772852300e+01
8.554257095159e-01,3.655511076869e-03,3.411136635817e-02,7.319324694735e+05,9.839686181561e-01,4.510106693044e+02,3.115125240837e+02,4.132379486474e+02,4.469650814436e+02,2.668253171131e+06,7.357494825490e+05,4.239752595861e+00,8.934299426332e+02,4.495896379768e+02,4.442039371250e+02,9.880208519127e-01,2.255664319292e-01,2.966157673573e-01,1.447809106973e+00,2.318795501530e+01
8.574290484140e-01,3.681875883016e-03,3.423415682130e-02,7.254795857407e+05,9.841459135072e-01,4.522708105758e+02,3.123088785096e+02,4.127962668651e+02,4.465182011218e+02,2.667614517850e+06,7.337881883308e+05,4.205638010115e+00,8.938960642521e+02,4.494993962593e+02,4.455222158951e+02,9.911519784069e-01,2.260385303412e-01,2.972290069876e-01,1.448152267506e+00,2.318824582066e+01
8.594323873122e-01,3.708335423876e-03,3.435694728443e-02,7.190802874883e+05,9.843202238377e-01,4.535318292536e+02,3.131042360901e+02,4.123552619475e+02,4.460747253668e+02,2.666976185534e+06,7.318425503967e+05,4.171782579884e+00,8.943576737631e+02,4.494071750379e+02,4.468402596913e+02,9.942882190378e-01,2.264996328669e-01,2.978298244423e-01,1.448501096367e+00,2.318871433062e+01
8.614357262104e-01,3.734889699449e-03,3.447973774756e-02,7.127365382895e+05,9.844914321310e-01,4.547914802251e+02,3.138946269166e+02,4.119154384962e+02,4.456345021904e+02,2.666340889045e+06,7.299118817544e+05,4.138187802168e+00,8.948149567289e+02,4.493137553983e+02,4.481556556992e+02,9.974225144786e-01,2.269478205399e-01,2.984175510754e-01,1.448866725412e+00,2.318931264567e+01
8.634390651085e-01,3.761538709735e-03,3.460252821069e-02,7.064750678180e+05,9.846596446350e-01,4.560506998579e+02,3.146720728545e+02,4.114794216244e+02,4.451975355798e+02,2.665716652862e+06,7.279961940703e+05,4.104976629603e+00,8.952679481455e+02,4.492218972220e+02,4.494690799398e+02,1.000550246369e+00,2.273889217930e-01,2.990048872786e-01,1.449288765034e+00,2.318981067917e+01
8.654424040067e-01,3.788282454734e-03,3.472531867382e-02,7.003550233749e+05,9.848252695947e-01,4.573004268136e+02,3.154345099974e+02,4.110523826699e+02,4.447640490644e+02,2.665116462908e+06,7.260964799524e+05,4.072439442102e+00,8.957164737139e+02,4.491366306069e+02,4.507722888423e+02,1.003641783199e+00,2.278398383947e-01,2.996091815852e-01,1.449747609472e+00,2.319010204145e+01
8.674457429048e-01,3.815120934445e-03,3.484810913695e-02,6.944093026543e+05,9.849886244583e-01,4.584599528196e+02,3.162081461903e+02,4.106368727982e+02,4.443343639036e+02,2.664544543529e+06,7.242141436207e+05,4.040751475086e+00,8.961602434465e+02,4.490612084849e+02,4.519897731450e+02,1.006521526698e+00,2.283120812442e-01,3.001897418814e-01,1.449867621512e+00,2.319034566598e+01
8.694490818030e-01,3.842054148870e-03,3.497089960008e-02,6.885822083737e+05,9.851495391089e-01,4.595771079022e+02,3.169840274127e+02,4.102277842882e+02,4.439086184695e+02,2.663985908471e+06,7.223497398409e+05,4.009654088412e+00,8.965991038517e+02,4.489893834315e+02,4.531663187448e+02,1.009302971223e+00,2.287926194605e-01,3.007590461610e-01,1.449843109299e+00,2.319061343466e+01
8.714524207012e-01,3.869082098007e-03,3.509369006321e-02,6.828357588221e+05,9.853079693430e-01,4.606774862997e+02,3.177587472451e+02,4.098218568776e+02,4.434868303236e+02,2.663432086314e+06,7.205033038515e+05,3.978963657015e+00,8.970330393047e+02,4.489177026918e+02,4.543259726643e+02,1.012047352867e+00,2.292727406194e-01,3.013207413978e-01,1.449771218868e+00,2.319091446360e+01
8.734557595993e-01,3.896204781857e-03,3.521648052633e-02,6.771491838161e+05,9.854639322681e-01,4.617737649263e+02,3.185310924709e+02,4.094174135672e+02,4.430689243337e+02,2.662879234190e+06,7.186744750865e+05,3.948576662388e+00,8.974621409751e+02,4.488446138893e+02,4.554806937104e+02,1.014784804397e+00,2.297477263095e-01,3.018758248406e-01,1.449697614585e+00,2.319124179112e+01
8.754590984975e-01,3.923422200420e-03,3.533927098946e-02,6.715138302045e+05,9.856174708566e-01,4.628709804579e+02,3.193006921273e+02,4.090138381456e+02,4.426547752969e+02,2.662326298374e+06,7.168626813540e+05,3.918448083640e+00,8.978865583116e+02,4.487696911427e+02,4.566352614852e+02,1.017526964271e+00,2.302156464785e-01,3.024245480535e-01,1.449639765495e+00,2.319158594945e+01
8.774624373957e-01,3.950734353696e-03,3.546206145259e-02,6.659281893862e+05,9.857686368048e-01,4.639699005325e+02,3.200674828368e+02,4.086111208626e+02,4.422442425006e+02,2.661773682292e+06,7.150672873870e+05,3.888568288960e+00,8.983064595191e+02,4.486930937341e+02,4.577904281627e+02,1.020275182649e+00,2.306762332526e-01,3.029669842934e-01,1.449600241862e+00,2.319193892780e+01
8.794657762938e-01,3.978141241685e-03,3.558485191572e-02,6.603942214277e+05,9.859174830096e-01,4.650692117512e+02,3.208315001306e+02,4.082095366459e+02,4.418371912876e+02,2.661222391707e+06,7.132876869960e+05,3.858945347171e+00,8.987220067055e+02,4.486152237265e+02,4.589449741210e+02,1.023025857903e+00,2.311300540756e-01,3.035031874599e-01,1.449574656983e+00,2.319229504117e+01
8.814691151920e-01,4.005642864387e-03,3.570764237885e-02,6.549150209085e+05,9.860640606791e-01,4.661668650493e+02,3.215927999532e+02,4.078094447891e+02,4.414335034772e+02,2.660673541298e+06,7.115233470278e+05,3.829593564976e+00,8.991333435562e+02,4.485365299665e+02,4.600969772218e+02,1.025773702882e+00,2.315779820873e-01,3.040332297334e-01,1.449556287072e+00,2.319265077133e+01
8.834724540902e-01,4.033239221801e-03,3.583043284198e-02,6.494935281177e+05,9.862084185647e-01,4.672608173278e+02,3.223514323734e+02,4.074111810307e+02,4.410330795554e+02,2.660128107097e+06,7.097738186890e+05,3.800527103154e+00,8.995405940801e+02,4.484574103905e+02,4.612445152908e+02,1.028513532398e+00,2.320208994546e-01,3.045572042158e-01,1.449538517287e+00,2.319300430598e+01
8.854757929883e-01,4.060930313929e-03,3.595322330511e-02,6.441319856557e+05,9.863506030080e-01,4.683493687502e+02,3.231074355851e+02,4.070150139986e+02,4.406358371499e+02,2.659586841292e+06,7.080387305664e+05,3.771757050439e+00,8.999438644742e+02,4.483781772855e+02,4.623859872035e+02,1.031241060845e+00,2.324595578495e-01,3.050752157779e-01,1.449515910713e+00,2.319335494416e+01
8.874791318865e-01,4.088716140769e-03,3.607601376824e-02,6.388318035279e+05,9.864906582395e-01,4.694312643369e+02,3.238608368952e+02,4.066211344882e+02,4.402417085768e+02,2.659050268113e+06,7.063177738537e+05,3.743290584046e+00,9.003432447827e+02,4.482990552909e+02,4.635202108830e+02,1.033953128860e+00,2.328945344971e-01,3.055873733070e-01,1.449484503397e+00,2.319370261625e+01
8.894824707846e-01,4.116596702322e-03,3.619880423137e-02,6.335936321899e+05,9.866286267316e-01,4.705056702593e+02,3.246116556082e+02,4.062296631568e+02,4.398506369803e+02,2.658518717610e+06,7.046106863764e+05,3.715131230426e+00,9.007388122961e+02,4.482201942931e+02,4.646464022345e+02,1.036647630229e+00,2.333262396019e-01,3.060937848611e-01,1.449441700970e+00,2.319404755567e+01
8.914858096828e-01,4.144571998588e-03,3.632159469449e-02,6.284175225132e+05,9.867645495073e-01,4.715720958697e+02,3.253599059103e+02,4.058406676102e+02,4.394625730288e+02,2.657992372476e+06,7.029172384649e+05,3.687279581712e+00,9.011306354048e+02,4.481416879196e+02,4.657641021792e+02,1.039323309423e+00,2.337549460573e-01,3.065945548913e-01,1.449386010087e+00,2.319439008975e+01
8.934891485810e-01,4.172642029567e-03,3.644438515762e-02,6.233030963126e+05,9.868984663728e-01,4.726303043884e+02,3.261055991329e+02,4.054541780596e+02,4.390774723011e+02,2.657471312548e+06,7.012372218187e+05,3.659734098567e+00,9.015187766333e+02,4.480635887543e+02,4.668730925250e+02,1.041979540946e+00,2.341808244784e-01,3.070897833178e-01,1.449316741709e+00,2.319473052888e+01
8.954924874791e-01,4.200806795259e-03,3.656717562075e-02,6.182496900065e+05,9.870304160811e-01,4.736802327025e+02,3.268487453372e+02,4.050701941669e+02,4.386952933518e+02,2.656955550226e+06,6.995704413158e+05,3.632491816732e+00,9.019032948412e+02,4.479859208499e+02,4.679733201775e+02,1.044616132779e+00,2.346039748561e-01,3.075795654024e-01,1.449233749433e+00,2.319506911019e+01
8.974958263773e-01,4.229066295663e-03,3.668996608388e-02,6.132564698140e+05,9.871604364414e-01,4.747219274263e+02,3.275893543623e+02,4.046886990463e+02,4.383159963422e+02,2.656445057944e+06,6.979167092596e+05,3.605548895179e+00,9.022842467284e+02,4.479086925136e+02,4.690648365721e+02,1.047233162499e+00,2.350244515940e-01,3.080639916598e-01,1.449137223493e+00,2.319540596555e+01
8.994991652755e-01,4.257420530781e-03,3.681275654701e-02,6.083225122133e+05,9.872885643889e-01,4.757554997593e+02,3.283274364002e+02,4.043096666143e+02,4.379395421402e+02,2.655939786781e+06,6.962758416415e+05,3.578901010974e+00,9.026616877548e+02,4.478319034966e+02,4.701477548454e+02,1.049830865498e+00,2.354422818404e-01,3.085431487377e-01,1.449027546938e+00,2.319574113677e+01
9.015025041736e-01,4.285869500611e-03,3.693554701014e-02,6.034468536612e+05,9.874148360231e-01,4.767810947732e+02,3.290630021798e+02,4.039330655348e+02,4.375658918117e+02,2.655439677879e+06,6.946476562600e+05,3.552543640845e+00,9.030356725331e+02,4.477555496992e+02,4.712222206481e+02,1.052409559110e+00,2.358574787967e-01,3.090171211858e-01,1.448905199354e+00,2.319607462830e+01
9.035058430718e-01,4.314413205154e-03,3.705833747327e-02,5.986285207744e+05,9.875392866289e-01,4.777988672569e+02,3.297960630395e+02,4.035588632025e+02,4.371950065717e+02,2.654944669541e+06,6.930319720515e+05,3.526472276382e+00,9.034062547914e+02,4.476796260470e+02,4.722883891207e+02,1.054969584591e+00,2.362700522031e-01,3.094859929629e-01,1.448770682262e+00,2.319640646288e+01
9.055091819699e-01,4.343051644411e-03,3.718112793640e-02,5.938665701322e+05,9.876619506939e-01,4.788089629908e+02,3.305266308390e+02,4.031870295473e+02,4.368268479184e+02,2.654454706947e+06,6.914286092878e+05,3.500682536902e+00,9.037734877196e+02,4.476041296198e+02,4.733464069507e+02,1.057511259677e+00,2.366800139750e-01,3.099498457928e-01,1.448624462650e+00,2.319673663635e+01
9.075125208681e-01,4.371784818380e-03,3.730391839952e-02,5.891601006136e+05,9.877828619206e-01,4.798115115003e+02,3.312547177721e+02,4.028175375031e+02,4.364613776365e+02,2.653969744092e+06,6.898373901082e+05,3.475170218481e+00,9.041374242326e+02,4.475290604365e+02,4.743964053887e+02,1.060034861035e+00,2.370873807786e-01,3.104087591311e-01,1.448466952342e+00,2.319706512435e+01
9.095158597663e-01,4.400612727061e-03,3.742670886265e-02,5.845082534094e+05,9.879020532338e-01,4.808066252064e+02,3.319803361923e+02,4.024503629585e+02,4.360985581036e+02,2.653489742898e+06,6.882581389935e+05,3.449931299392e+00,9.044981165489e+02,4.474544211472e+02,4.754384993814e+02,1.062540622936e+00,2.374921744999e-01,3.108628104979e-01,1.448298506836e+00,2.319739189588e+01
9.115191986644e-01,4.429535370456e-03,3.754949932578e-02,5.799102068851e+05,9.880195567926e-01,4.817944019251e+02,3.327034985210e+02,4.020854842373e+02,4.357383522254e+02,2.653014671318e+06,6.866906829726e+05,3.424961918815e+00,9.048556157315e+02,4.473802163484e+02,4.764727899195e+02,1.065028744026e+00,2.378944213960e-01,3.113120756899e-01,1.448119433871e+00,2.319771691889e+01
9.135225375626e-01,4.458552748564e-03,3.767228978891e-02,5.753651683003e+05,9.881354040075e-01,4.827749295193e+02,3.334242171736e+02,4.017228812735e+02,4.353807234655e+02,2.652544500760e+06,6.851348519197e+05,3.400258339080e+00,9.052099717068e+02,4.473064516541e+02,4.774993684602e+02,1.067499399337e+00,2.382941503106e-01,3.117566288212e-01,1.447930008239e+00,2.319804016228e+01
9.155258764608e-01,4.487664861384e-03,3.779508025204e-02,5.708723642849e+05,9.882496255587e-01,4.837482914408e+02,3.341425045134e+02,4.013625346631e+02,4.350256359153e+02,2.652079203351e+06,6.835904788709e+05,3.375816900741e+00,9.055612332875e+02,4.472331327061e+02,4.785183222175e+02,1.069952754444e+00,2.386913904235e-01,3.121965421815e-01,1.447730488958e+00,2.319836159141e+01
9.175292153589e-01,4.516871708917e-03,3.791787071517e-02,5.664310319383e+05,9.883622514173e-01,4.847145720642e+02,3.348583728401e+02,4.010044247837e+02,4.346730543340e+02,2.651618749547e+06,6.820574001900e+05,3.351633979595e+00,9.059094482165e+02,4.471602643162e+02,4.795297392694e+02,1.072388978933e+00,2.390861690273e-01,3.126318859967e-01,1.447521135437e+00,2.319868115790e+01
9.195325542571e-01,4.546173291164e-03,3.804066117830e-02,5.620404129934e+05,9.884733108672e-01,4.856738610041e+02,3.355718343909e+02,4.006485312414e+02,4.343229441443e+02,2.651163106819e+06,6.805354555222e+05,3.327705957705e+00,9.062546632482e+02,4.470878499886e+02,4.805337127075e+02,1.074808256856e+00,2.394785099936e-01,3.130627285328e-01,1.447302220360e+00,2.319899879734e+01
9.215358931553e-01,4.575569608123e-03,3.816345164143e-02,5.576997507348e+05,9.885828325282e-01,4.866262551638e+02,3.362829013601e+02,4.002948322473e+02,4.339752713309e+02,2.650712239402e+06,6.790244874675e+05,3.304029223919e+00,9.065969241797e+02,4.470158920144e+02,4.815303426297e+02,1.077210791007e+00,2.398684338149e-01,3.134891370378e-01,1.447074035568e+00,2.319931445298e+01
9.235392320534e-01,4.605060659795e-03,3.828624210456e-02,5.534082850039e+05,9.886908443837e-01,4.875718557196e+02,3.369915859896e+02,3.999433047547e+02,4.336300023806e+02,2.650266107724e+06,6.775243410232e+05,3.280600213840e+00,9.069362764149e+02,4.469443915981e+02,4.825197332755e+02,1.079596796260e+00,2.402559598232e-01,3.139111789599e-01,1.446836882552e+00,2.319962811691e+01
9.255425709516e-01,4.634646446179e-03,3.840903256768e-02,5.491652706182e+05,9.887973737935e-01,4.885107605372e+02,3.376979006344e+02,3.995939270863e+02,4.332871042889e+02,2.649824674185e+06,6.760348632506e+05,3.257415439447e+00,9.072727648812e+02,4.468733504200e+02,4.835019857222e+02,1.081966479469e+00,2.406411078508e-01,3.143289205152e-01,1.446591049632e+00,2.319993979040e+01
9.275459098497e-01,4.664326967277e-03,3.853182303081e-02,5.449699844268e+05,9.889024474967e-01,4.894430610183e+02,3.384018576992e+02,3.992466788419e+02,4.329465445576e+02,2.649387904765e+06,6.745559035874e+05,3.234471500220e+00,9.076064334139e+02,4.468027712504e+02,4.844771948277e+02,1.084320031122e+00,2.410238988755e-01,3.147424261115e-01,1.446336803072e+00,2.320024947076e+01
9.295492487479e-01,4.694102223088e-03,3.865461349394e-02,5.408217251646e+05,9.890060916204e-01,4.903688417734e+02,3.391034694987e+02,3.989015408679e+02,4.326082913496e+02,2.648955768641e+06,6.730873145569e+05,3.211765084802e+00,9.079373246057e+02,4.467326578230e+02,4.854454488925e+02,1.086657624849e+00,2.414043551401e-01,3.151517584526e-01,1.446074386966e+00,2.320055715836e+01
9.315525876461e-01,4.723972213611e-03,3.877740395707e-02,5.367198122374e+05,9.891083316848e-01,4.912881811387e+02,3.398027480866e+02,3.985584951447e+02,4.322723135920e+02,2.648528237696e+06,6.716289524999e+05,3.189292966684e+00,9.082654791429e+02,4.466630146629e+02,4.864068301351e+02,1.088979418863e+00,2.417825000049e-01,3.155569787188e-01,1.445804025733e+00,2.320086285549e+01
9.335559265442e-01,4.753936938847e-03,3.890019442020e-02,5.326635846285e+05,9.892091926381e-01,4.922011516393e+02,3.404997052481e+02,3.982175247011e+02,4.319385809058e+02,2.648105286181e+06,6.701806773785e+05,3.167052000064e+00,9.085909369242e+02,4.465938469845e+02,4.873614151357e+02,1.091285557171e+00,2.421583579234e-01,3.159581467636e-01,1.445525925729e+00,2.320116656189e+01
9.355592654424e-01,4.783996398796e-03,3.902298488333e-02,5.286523987265e+05,9.893086988844e-01,4.931078211137e+02,3.411943526107e+02,3.978786134012e+02,4.316070635303e+02,2.647686890007e+06,6.687423519938e+05,3.145039110402e+00,9.089137379461e+02,4.465251604583e+02,4.883092759189e+02,1.093576172545e+00,2.425319540744e-01,3.163553211162e-01,1.445240278277e+00,2.320146827532e+01
9.375626043406e-01,4.814150593458e-03,3.914577534646e-02,5.246856239983e+05,9.894068742935e-01,4.940082552560e+02,3.418867017352e+02,3.975417454784e+02,4.312777321889e+02,2.647273025311e+06,6.673138414288e+05,3.123251274375e+00,9.092339214312e+02,4.464569607153e+02,4.892504823971e+02,1.095851393185e+00,2.429033133902e-01,3.167485589084e-01,1.444947266883e+00,2.320176798169e+01
9.395659432387e-01,4.844399522833e-03,3.926856580959e-02,5.207626378664e+05,9.895037422178e-01,4.949025210087e+02,3.425767641901e+02,3.972069049870e+02,4.309505580190e+02,2.646863666912e+06,6.658950126641e+05,3.101685495295e+00,9.095515258348e+02,4.463892528048e+02,4.901851056403e+02,1.098111351383e+00,2.432724592182e-01,3.171379157454e-01,1.444647076922e+00,2.320206564791e+01
9.415692821369e-01,4.874743186921e-03,3.939135627272e-02,5.168828223343e+05,9.895993255061e-01,4.957906899074e+02,3.432645515758e+02,3.968740754192e+02,4.306255125558e+02,2.646458787536e+06,6.644857344533e+05,3.080338786963e+00,9.098665887898e+02,4.463220409273e+02,4.911132211106e+02,1.100356191440e+00,2.436394123836e-01,3.175234460531e-01,1.444339905275e+00,2.320236123202e+01
9.435726210351e-01,4.905181585722e-03,3.951414673584e-02,5.130455579837e+05,9.896936465113e-01,4.966728390019e+02,3.439500755334e+02,3.965432386667e+02,4.303025677563e+02,2.646058356623e+06,6.630858772759e+05,3.059208181585e+00,9.101791466160e+02,4.462553283697e+02,4.920349095664e+02,1.102586071888e+00,2.440041916506e-01,3.179052040145e-01,1.444025962872e+00,2.320265471289e+01
9.455759599332e-01,4.935714719235e-03,3.963693719897e-02,5.092502273103e+05,9.897867271166e-01,4.975490465235e+02,3.446333477330e+02,3.962143768041e+02,4.299816958584e+02,2.645662342095e+06,6.616953134487e+05,3.038290762547e+00,9.104892358029e+02,4.461891179867e+02,4.929502528980e+02,1.104801154995e+00,2.443668156393e-01,3.182832439336e-01,1.443705462041e+00,2.320294610963e+01
9.475792988314e-01,4.966342587461e-03,3.975972766210e-02,5.054962283891e+05,9.898785887379e-01,4.984193864129e+02,3.453143798039e+02,3.958874730846e+02,4.296628695105e+02,2.645270714663e+06,6.603139173321e+05,3.017583677477e+00,9.107968925307e+02,4.461234134878e+02,4.938593288226e+02,1.107001591693e+00,2.447273036390e-01,3.186576188511e-01,1.443378600960e+00,2.320323543584e+01
9.495826377295e-01,4.997065190401e-03,3.988251812523e-02,5.017829770671e+05,9.899692523328e-01,4.992839266222e+02,3.459931832910e+02,3.955625119190e+02,4.293460618197e+02,2.644883447995e+06,6.589415653540e+05,2.997084146690e+00,9.111021523015e+02,4.460582195671e+02,4.947622092344e+02,1.109187517528e+00,2.450856762375e-01,3.190283805849e-01,1.443045559086e+00,2.320352269620e+01
9.515859766277e-01,5.027882528053e-03,4.000530858836e-02,4.981099072047e+05,9.900587384116e-01,5.001427294637e+02,3.466697696733e+02,3.952394810770e+02,4.290312462973e+02,2.644500518406e+06,6.575781357694e+05,2.976789460973e+00,9.114050499284e+02,4.459935425109e+02,4.956589605331e+02,1.111359051843e+00,2.454419553105e-01,3.193955798700e-01,1.442706498277e+00,2.320380789144e+01
9.535893155259e-01,5.058794600418e-03,4.012809905149e-02,4.944764661849e+05,9.901470670454e-01,5.009958538755e+02,3.473441503911e+02,3.949183682035e+02,4.287183968309e+02,2.644121903183e+06,6.562235085862e+05,2.956696968596e+00,9.117056195098e+02,4.459293878124e+02,4.965496458058e+02,1.113516308584e+00,2.457961632630e-01,3.197592664495e-01,1.442361569387e+00,2.320409103037e+01
9.555926544240e-01,5.089801407495e-03,4.025088951462e-02,4.908821104742e+05,9.902342578674e-01,5.018433582089e+02,3.480163367959e+02,3.945991598119e+02,4.284074877952e+02,2.643747579077e+06,6.548775661288e+05,2.936804055344e+00,9.120038942887e+02,4.458657599485e+02,4.974343275088e+02,1.115659402880e+00,2.461483217121e-01,3.201194887778e-01,1.442010920606e+00,2.320437213376e+01
9.575959933222e-01,5.120902949286e-03,4.037367997775e-02,4.873263018210e+05,9.903203300737e-01,5.026853031772e+02,3.486863399766e+02,3.942818420304e+02,4.280984943036e+02,2.643377521035e+06,6.535401943067e+05,2.917108123246e+00,9.122999063358e+02,4.458026625598e+02,4.983130703061e+02,1.117788456993e+00,2.464984500279e-01,3.204762937015e-01,1.441654706665e+00,2.320465122930e+01
9.595993322204e-01,5.152099225790e-03,4.049647044088e-02,4.838085038862e+05,9.904053024255e-01,5.035217543365e+02,3.493541705400e+02,3.939664002118e+02,4.277913923006e+02,2.643011701125e+06,6.522112838444e+05,2.897606574122e+00,9.125936857367e+02,4.457400980710e+02,4.991859434635e+02,1.119903606662e+00,2.468465642615e-01,3.208297264135e-01,1.441293096797e+00,2.320492833555e+01
9.616026711185e-01,5.183390237006e-03,4.061926090400e-02,4.803281820147e+05,9.904891932873e-01,5.043527823179e+02,3.500198387940e+02,3.936528189476e+02,4.274861587353e+02,2.642650088802e+06,6.508907292365e+05,2.878296807822e+00,9.128852620692e+02,4.456780678008e+02,5.000530211010e+02,1.122005001432e+00,2.471926772131e-01,3.211798305151e-01,1.440926274510e+00,2.320520344760e+01
9.636060100167e-01,5.214775982935e-03,4.074205136713e-02,4.768848041965e+05,9.905720206479e-01,5.051784629997e+02,3.506833549642e+02,3.933410821733e+02,4.271827711946e+02,2.642292651532e+06,6.495784274476e+05,2.859176227114e+00,9.131746646440e+02,4.456165722015e+02,5.009143823857e+02,1.124092804518e+00,2.475367988690e-01,3.215266484639e-01,1.440554437068e+00,2.320547654508e+01
9.656093489149e-01,5.246256463577e-03,4.086484183026e-02,4.734778380736e+05,9.906538021387e-01,5.059988767409e+02,3.513447293398e+02,3.930311724696e+02,4.268812076703e+02,2.641939354290e+06,6.482742769802e+05,2.840242254116e+00,9.134619229547e+02,4.455556110148e+02,5.017701108135e+02,1.126167190826e+00,2.478789375289e-01,3.218702224683e-01,1.440177792596e+00,2.320574762096e+01
9.676126878130e-01,5.277831678933e-03,4.098763229339e-02,4.701067542958e+05,9.907345550349e-01,5.068141041177e+02,3.520039723484e+02,3.927230727285e+02,4.265814463601e+02,2.641590161225e+06,6.469781774010e+05,2.821492359773e+00,9.137470658753e+02,4.454951837047e+02,5.026202900880e+02,1.128228336630e+00,2.482191017841e-01,3.222105949153e-01,1.439796547569e+00,2.320601669699e+01
9.696160267112e-01,5.309501629000e-03,4.111042275652e-02,4.667710372606e+05,9.908142962619e-01,5.076242214165e+02,3.526610945217e+02,3.924167669402e+02,4.262834656494e+02,2.641245039273e+06,6.456900294008e+05,2.802924073101e+00,9.140301216051e+02,4.454352905240e+02,5.034649997389e+02,1.130276407032e+00,2.485573011753e-01,3.225478072234e-01,1.439410894204e+00,2.320628378555e+01
9.716193656093e-01,5.341266313781e-03,4.123321321965e-02,4.634701867244e+05,9.908930424018e-01,5.084292993857e+02,3.533161064322e+02,3.921122401249e+02,4.259872441759e+02,2.640903958315e+06,6.444097350391e+05,2.784534987275e+00,9.143111178038e+02,4.453759326133e+02,5.043043139019e+02,1.132311552946e+00,2.488935466261e-01,3.228818998620e-01,1.439021007335e+00,2.320654889485e+01
9.736227045075e-01,5.373125733275e-03,4.135600368278e-02,4.602037175687e+05,9.909708096976e-01,5.092294031107e+02,3.539690186206e+02,3.918094783125e+02,4.256927609035e+02,2.640566890944e+06,6.431371980588e+05,2.766322759686e+00,9.145900815690e+02,4.453171119230e+02,5.051383011863e+02,1.134333910963e+00,2.492278504931e-01,3.232129124140e-01,1.438627044522e+00,2.320681203423e+01
9.756260434057e-01,5.405079887481e-03,4.147879414591e-02,4.569711590251e+05,9.910476140590e-01,5.100245923563e+02,3.546198415238e+02,3.915084684678e+02,4.253999951945e+02,2.640233812146e+06,6.418723241721e+05,2.748285109001e+00,9.148670394103e+02,4.452588311055e+02,5.059670249962e+02,1.136343604326e+00,2.495602264362e-01,3.235408836263e-01,1.438229147485e+00,2.320707321644e+01
9.776293823038e-01,5.437128776401e-03,4.160158460904e-02,4.537720535772e+05,9.911234710698e-01,5.108149222115e+02,3.552685854285e+02,3.912091983730e+02,4.251089268530e+02,2.639904698868e+06,6.406150211961e+05,2.730419810562e+00,9.151420172469e+02,4.452010933671e+02,5.067905441483e+02,1.138340744663e+00,2.498906892042e-01,3.238658514757e-01,1.437827444257e+00,2.320733245769e+01
9.796327212020e-01,5.469272400033e-03,4.172437507216e-02,4.506059553653e+05,9.911983959976e-01,5.116004441324e+02,3.559152604757e+02,3.909116564396e+02,4.248195361134e+02,2.639579529367e+06,6.393651989398e+05,2.712724689324e+00,9.154150404514e+02,4.451439022485e+02,5.076089138793e+02,1.140325434798e+00,2.502192542746e-01,3.241878532003e-01,1.437422052228e+00,2.320758977535e+01
9.816360601002e-01,5.501510758378e-03,4.184716553529e-02,4.474724276852e+05,9.912724038031e-01,5.123812076501e+02,3.565598767021e+02,3.906158313966e+02,4.245318036066e+02,2.639258282216e+06,6.381227689707e+05,2.695197608236e+00,9.156861339107e+02,4.450872612853e+02,5.084221875013e+02,1.142297773325e+00,2.505459371640e-01,3.245069252080e-01,1.437013082877e+00,2.320784518289e+01
9.836393989983e-01,5.533843851436e-03,4.196995599842e-02,4.443710395581e+05,9.913455091487e-01,5.131572628957e+02,3.572024440596e+02,3.903217118599e+02,4.242457103660e+02,2.638940935025e+06,6.368876445438e+05,2.677836451728e+00,9.159553220430e+02,4.450311735655e+02,5.092304188518e+02,1.144257861246e+00,2.508707523429e-01,3.248231028820e-01,1.436600648819e+00,2.320809868204e+01
9.856427378965e-01,5.566271679207e-03,4.209274646155e-02,4.413013627533e+05,9.914177264062e-01,5.139286633494e+02,3.578429724449e+02,3.900292859705e+02,4.239612378324e+02,2.638627463487e+06,6.356597405077e+05,2.660639110923e+00,9.162226288140e+02,4.449756413893e+02,5.100336649665e+02,1.146205808871e+00,2.511937122272e-01,3.251364205619e-01,1.436184871364e+00,2.320835026100e+01
9.876460767947e-01,5.598794241691e-03,4.221553692468e-02,4.382629693175e+05,9.914890696647e-01,5.146954677651e+02,3.584814717329e+02,3.897385408320e+02,4.236783678404e+02,2.638317840865e+06,6.344389731897e+05,2.643603479997e+00,9.164880777235e+02,4.449206662267e+02,5.108319879608e+02,1.148141740174e+00,2.515148269207e-01,3.254469120428e-01,1.435765885687e+00,2.320859991045e+01
9.896494156928e-01,5.631411538887e-03,4.233832738781e-02,4.352554277981e+05,9.915595527351e-01,5.154577390165e+02,3.591179517986e+02,3.894494625359e+02,4.233970823461e+02,2.638012037297e+06,6.332252603213e+05,2.626727472231e+00,9.167516914848e+02,4.448662486590e+02,5.116254539215e+02,1.150065790479e+00,2.518341053554e-01,3.257546113940e-01,1.435343837408e+00,2.320884765027e+01
9.916527545910e-01,5.664123570797e-03,4.246111785094e-02,4.322783126942e+05,9.916291891626e-01,5.162155394850e+02,3.597524225041e+02,3.891620378797e+02,4.231173635134e+02,2.637710023611e+06,6.320185210310e+05,2.610009033579e+00,9.170134927692e+02,4.448123893527e+02,5.124141284248e+02,1.151978093889e+00,2.521515562705e-01,3.260595521399e-01,1.434918869738e+00,2.320909350181e+01
9.936560934891e-01,5.696930337419e-03,4.258390831407e-02,4.293312089459e+05,9.916979922307e-01,5.169689284493e+02,3.603848936902e+02,3.888762543350e+02,4.228391938281e+02,2.637411772710e+06,6.308186757592e+05,2.593446152025e+00,9.172735040062e+02,4.447590895891e+02,5.131980739934e+02,1.153878776188e+00,2.524671889331e-01,3.263617669979e-01,1.434491116305e+00,2.320933747868e+01
9.956594323873e-01,5.729831838754e-03,4.270669877719e-02,4.264137129288e+05,9.917659749662e-01,5.177179609990e+02,3.610153751903e+02,3.885921001658e+02,4.225625560470e+02,2.637117259716e+06,6.296256460793e+05,2.577036863674e+00,9.175317472266e+02,4.447063513281e+02,5.139773490379e+02,1.155767952274e+00,2.527810136652e-01,3.266612880290e-01,1.434060698180e+00,2.320957959137e+01
9.976627712855e-01,5.762828074802e-03,4.282948924032e-02,4.235254323918e+05,9.918331501433e-01,5.184626878433e+02,3.616438768117e+02,3.883095644298e+02,4.222874332083e+02,2.636826461842e+06,6.284393547178e+05,2.560779253276e+00,9.177882440307e+02,4.446541771696e+02,5.147520076650e+02,1.157645725812e+00,2.530930419451e-01,3.269581466932e-01,1.433627723533e+00,2.320981985083e+01
9.996661101836e-01,5.795919045563e-03,4.295227970345e-02,4.206659857670e+05,9.918995302876e-01,5.192031556875e+02,3.622704082937e+02,3.880286368992e+02,4.220138086707e+02,2.636539358071e+06,6.272597257227e+05,2.544671451490e+00,9.180430155434e+02,4.446025702451e+02,5.155221000372e+02,1.159512190298e+00,2.534032862523e-01,3.272523738634e-01,1.433192288967e+00,2.321005827115e+01
1.001669449082e+00,5.829104751037e-03,4.307507016658e-02,4.178350011049e+05,9.919651276797e-01,5.199394079661e+02,3.628949792683e+02,3.877493079314e+02,4.217416661518e+02,2.636255928699e+06,6.260866846494e+05,2.528711630199e+00,9.182960823867e+02,4.445515340618e+02,5.162876730801e+02,1.161367431044e+00,2.537117597691e-01,3.275439998186e-01,1.432754481791e+00,2.321029487059e+01
1.003672787980e+00,5.862385191223e-03,4.319786062971e-02,4.150321146057e+05,9.920299543602e-01,5.206714859311e+02,3.635175992296e+02,3.874715682787e+02,4.214709897580e+02,2.635976154710e+06,6.249201587264e+05,2.512897995776e+00,9.185474646735e+02,4.445010722879e+02,5.170487715385e+02,1.163211528101e+00,2.540184759323e-01,3.278330542086e-01,1.432314383223e+00,2.321052966989e+01
1.005676126878e+00,5.895760366123e-03,4.332065109284e-02,4.122569686803e+05,9.920940221364e-01,5.213994301149e+02,3.641382775188e+02,3.871954088300e+02,4.212017639914e+02,2.635700016971e+06,6.237600769423e+05,2.497228779906e+00,9.187971820358e+02,4.444511884773e+02,5.178054393971e+02,1.165044560171e+00,2.543234478095e-01,3.281195659604e-01,1.431872072521e+00,2.321076268596e+01
1.007679465776e+00,5.929230275735e-03,4.344344155597e-02,4.095092097432e+05,9.921573425895e-01,5.221232821037e+02,3.647570233400e+02,3.869208203149e+02,4.209339737144e+02,2.635427495375e+06,6.226063699648e+05,2.481702228874e+00,9.190452537024e+02,4.444018857710e+02,5.185577216105e+02,1.166866609287e+00,2.546266873603e-01,3.284035631621e-01,1.431427631805e+00,2.321099392298e+01
1.009682804674e+00,5.962794920061e-03,4.356623201910e-02,4.067884865432e+05,9.922199270840e-01,5.228430864063e+02,3.653738458197e+02,3.866477930898e+02,4.206676040569e+02,2.635158568287e+06,6.214589698270e+05,2.466316595198e+00,9.192916986422e+02,4.443531667039e+02,5.193056659292e+02,1.168677765439e+00,2.549282048573e-01,3.286850731439e-01,1.430981150918e+00,2.321122337154e+01
1.011686143573e+00,5.996454299099e-03,4.368902248223e-02,4.040944480480e+05,9.922817867788e-01,5.235588916542e+02,3.659887540865e+02,3.863763165618e+02,4.204026401653e+02,2.634893212060e+06,6.203178095117e+05,2.451070137593e+00,9.195365362835e+02,4.443050332252e+02,5.200493240821e+02,1.170478129197e+00,2.552280088922e-01,3.289641229410e-01,1.430532730332e+00,2.321145102658e+01
1.013689482471e+00,6.030208412850e-03,4.381181294535e-02,4.014267410836e+05,9.923429326263e-01,5.242707493442e+02,3.666017573047e+02,3.861063795680e+02,4.201390673104e+02,2.634631400641e+06,6.191828227711e+05,2.435961134314e+00,9.197797858823e+02,4.442574866020e+02,5.207887505589e+02,1.172267809244e+00,2.555261073893e-01,3.292407399168e-01,1.430082477505e+00,2.321167691225e+01
1.015692821369e+00,6.064057261314e-03,4.393460340848e-02,3.987850178731e+05,9.924033753722e-01,5.249787102555e+02,3.672128646694e+02,3.858379715503e+02,4.198768710732e+02,2.634373108772e+06,6.180539441308e+05,2.420987890203e+00,9.200214658199e+02,4.442105282419e+02,5.215239991126e+02,1.174046912343e+00,2.558225082089e-01,3.295149509549e-01,1.429630497091e+00,2.321190104972e+01
1.017696160267e+00,6.098000844490e-03,4.405739387161e-02,3.961689384336e+05,9.924631255614e-01,5.256828229367e+02,3.678220853789e+02,3.855710824472e+02,4.196160372714e+02,2.634118312671e+06,6.169311089971e+05,2.406148741640e+00,9.202615940168e+02,4.441641600025e+02,5.222551212816e+02,1.175815539189e+00,2.561172195379e-01,3.297867822959e-01,1.429176886959e+00,2.321212345466e+01
1.019699499165e+00,6.132039162380e-03,4.418018433474e-02,3.935781709420e+05,9.925221935419e-01,5.263831332006e+02,3.684294285990e+02,3.853057027434e+02,4.193565519898e+02,2.633866990042e+06,6.158142538148e+05,2.391442059095e+00,9.205001879206e+02,4.441183842011e+02,5.229821658950e+02,1.177573783251e+00,2.564102501199e-01,3.300562596179e-01,1.428721737029e+00,2.321234414086e+01
1.021702838063e+00,6.166172214982e-03,4.430297479787e-02,3.910123917955e+05,9.925805894640e-01,5.270796839060e+02,3.690349034240e+02,3.850418234922e+02,4.190984016312e+02,2.633619120083e+06,6.147033162199e+05,2.376866247891e+00,9.207372639547e+02,4.440732036183e+02,5.237051788550e+02,1.179321730264e+00,2.567016093789e-01,3.303234081167e-01,1.428265128896e+00,2.321256312018e+01
1.023706176962e+00,6.200400002298e-03,4.442576526100e-02,3.884712855757e+05,9.926383232906e-01,5.277725148384e+02,3.696385188541e+02,3.847794363275e+02,4.188415728413e+02,2.633374683467e+06,6.135982351046e+05,2.362419748433e+00,9.209728381003e+02,4.440286214999e+02,5.244242030201e+02,1.181059457944e+00,2.569913075237e-01,3.305882525959e-01,1.427807135670e+00,2.321278040162e+01
1.025709515860e+00,6.234722524326e-03,4.454855572413e-02,3.859545448677e+05,9.926954048075e-01,5.284616627236e+02,3.702402837951e+02,3.845185334495e+02,4.185860524076e+02,2.633133662237e+06,6.124989505205e+05,2.348101035761e+00,9.212069270248e+02,4.439846415266e+02,5.251392782196e+02,1.182787036087e+00,2.572793555166e-01,3.308508174404e-01,1.427347822086e+00,2.321299599793e+01
1.027712854758e+00,6.269139781067e-03,4.467134618726e-02,3.834618696124e+05,9.927518436218e-01,5.291471616658e+02,3.708402070725e+02,3.842591075349e+02,4.183318272995e+02,2.632896039450e+06,6.114054035768e+05,2.333908616860e+00,9.214395473144e+02,4.439412676926e+02,5.258504416757e+02,1.184504527837e+00,2.575657649328e-01,3.311111266346e-01,1.426887245703e+00,2.321320992514e+01
1.029716193656e+00,6.303651772521e-03,4.479413665039e-02,3.809929656982e+05,9.928076491647e-01,5.298290442736e+02,3.714382974179e+02,3.840011515289e+02,4.180788846999e+02,2.632661798487e+06,6.103175365115e+05,2.319841024157e+00,9.216707154041e+02,4.438985040660e+02,5.265577291010e+02,1.186211992782e+00,2.578505474717e-01,3.313692036785e-01,1.426425460048e+00,2.321342220006e+01
1.031719532554e+00,6.338258498688e-03,4.491692711351e-02,3.785475430306e+05,9.928628306942e-01,5.305073432778e+02,3.720345634657e+02,3.837446583607e+02,4.178272120301e+02,2.632430922175e+06,6.092352927311e+05,2.305896806219e+00,9.219004475117e+02,4.438563544846e+02,5.272611762752e+02,1.187909491321e+00,2.581337142237e-01,3.316250714206e-01,1.425962519009e+00,2.321363283456e+01
1.033722871452e+00,6.372959959567e-03,4.503971757664e-02,3.761253136249e+05,9.929173972998e-01,5.311820934523e+02,3.726290137672e+02,3.834896206694e+02,4.175767969586e+02,2.632203392031e+06,6.081586167730e+05,2.292074518289e+00,9.221287595798e+02,4.438148222856e+02,5.279608209232e+02,1.189597089625e+00,2.584152749124e-01,3.318787519761e-01,1.425498481941e+00,2.321384183135e+01
1.035726210351e+00,6.407756155160e-03,4.516250803977e-02,3.737259902938e+05,9.929713579041e-01,5.318533332910e+02,3.732216568203e+02,3.832360304999e+02,4.173276275134e+02,2.631979187939e+06,6.070874541853e+05,2.278372718136e+00,9.223556668945e+02,4.437739102567e+02,5.286567043584e+02,1.191274863483e+00,2.586952375845e-01,3.321302670481e-01,1.425033418002e+00,2.321404919107e+01
1.037729549249e+00,6.442647085465e-03,4.528529850290e-02,3.713492832882e+05,9.930247212655e-01,5.325211048744e+02,3.738125011073e+02,3.829838788996e+02,4.170796922386e+02,2.631758287233e+06,6.060217513805e+05,2.264789972976e+00,9.225811834930e+02,4.437336205400e+02,5.293488713613e+02,1.192942898302e+00,2.589736092600e-01,3.323796385990e-01,1.424567405576e+00,2.321425492760e+01
1.039732888147e+00,6.477632750484e-03,4.540808896603e-02,3.689949049459e+05,9.930774959923e-01,5.331854507616e+02,3.744015550997e+02,3.827331573374e+02,4.168329795587e+02,2.631540667047e+06,6.049614555336e+05,2.251324869726e+00,9.228053238380e+02,4.436939551029e+02,5.300373671489e+02,1.194601281025e+00,2.592503967609e-01,3.326268885078e-01,1.424100523887e+00,2.321445906203e+01
1.041736227045e+00,6.512713150215e-03,4.553087942916e-02,3.666625737747e+05,9.931296905423e-01,5.338464116758e+02,3.749888272732e+02,3.824838579815e+02,4.165874779857e+02,2.631326305885e+06,6.039065144234e+05,2.237976019919e+00,9.230281022535e+02,4.436549163783e+02,5.307222351084e+02,1.196250093295e+00,2.595256071794e-01,3.328720381392e-01,1.423632846765e+00,2.321466160629e+01
1.043739565943e+00,6.547888284659e-03,4.565366989229e-02,3.643520152204e+05,9.931813132259e-01,5.345040258415e+02,3.755743261221e+02,3.822359741685e+02,4.163431761159e+02,2.631115183709e+06,6.028568763129e+05,2.224742063491e+00,9.232495329052e+02,4.436165072590e+02,5.314035161499e+02,1.197889410007e+00,2.597992482519e-01,3.331151084950e-01,1.423164440872e+00,2.321486256876e+01
1.045742904841e+00,6.583158153816e-03,4.577646035542e-02,3.620629610229e+05,9.932323722077e-01,5.351583290590e+02,3.761580601351e+02,3.819894989355e+02,4.161000626545e+02,2.630907281588e+06,6.018124900461e+05,2.211621668615e+00,9.234696297995e+02,4.435787307313e+02,5.320812487762e+02,1.199519300438e+00,2.600713283703e-01,3.333561202774e-01,1.422695366056e+00,2.321506195828e+01
1.047746243740e+00,6.618522757686e-03,4.589925081855e-02,3.597951491808e+05,9.932828755089e-01,5.358093547556e+02,3.767400377643e+02,3.817444256837e+02,4.158581264513e+02,2.630702581707e+06,6.007733051897e+05,2.198613530519e+00,9.236884067768e+02,4.435415901047e+02,5.327554691298e+02,1.201139827731e+00,2.603418565003e-01,3.335950938375e-01,1.422225675655e+00,2.321525978422e+01
1.049749582638e+00,6.653982096268e-03,4.602204128167e-02,3.575483236778e+05,9.933328310086e-01,5.364571341655e+02,3.773202673954e+02,3.815007482273e+02,4.156173565392e+02,2.630501067245e+06,5.997392721899e+05,2.185716370234e+00,9.239058775054e+02,4.435050889908e+02,5.334262111665e+02,1.202751049329e+00,2.606108420932e-01,3.338320491689e-01,1.421755417138e+00,2.321545605801e+01
1.051752921536e+00,6.689536169564e-03,4.614483174480e-02,3.553222341215e+05,9.933822464462e-01,5.371016965892e+02,3.778987573189e+02,3.812584607481e+02,4.153777421749e+02,2.630302722211e+06,5.987103425305e+05,2.172928933066e+00,9.241220554779e+02,4.434692312464e+02,5.340935069066e+02,1.204353017695e+00,2.608782949729e-01,3.340670059056e-01,1.421284632953e+00,2.321565079436e+01
1.053756260434e+00,6.725184977572e-03,4.626762220793e-02,3.531166352382e+05,9.934311294234e-01,5.377430697951e+02,3.784755157052e+02,3.810175577218e+02,4.151392728694e+02,2.630107531184e+06,5.976864688541e+05,2.160249986374e+00,9.243369540191e+02,4.434340208841e+02,5.347573868265e+02,1.205945781427e+00,2.611442251690e-01,3.342999833130e-01,1.420813361713e+00,2.321584401096e+01
1.055759599332e+00,6.760928520293e-03,4.639041267106e-02,3.509312860885e+05,9.934794874081e-01,5.383812806666e+02,3.790505505963e+02,3.807780337951e+02,4.149019383929e+02,2.629915478891e+06,5.966676049648e+05,2.147678315967e+00,9.245505863208e+02,4.433994619298e+02,5.354178804909e+02,1.207529387069e+00,2.614086426394e-01,3.345310002432e-01,1.420341639973e+00,2.321603572559e+01
1.057762938230e+00,6.796766797727e-03,4.651320313419e-02,3.487659489531e+05,9.935273277390e-01,5.390163561828e+02,3.796238699332e+02,3.805398836061e+02,4.146657286662e+02,2.629726549659e+06,5.956537056321e+05,2.135212720793e+00,9.247629655836e+02,4.433655582281e+02,5.360750175146e+02,1.209103881810e+00,2.616715568579e-01,3.347600750502e-01,1.419869504722e+00,2.321622595020e+01
1.059766277129e+00,6.832699809874e-03,4.663599359732e-02,3.466203881609e+05,9.935746576246e-01,5.396483247856e+02,3.801954816163e+02,3.803031016010e+02,4.144306338835e+02,2.629540726876e+06,5.946447262714e+05,2.122852007165e+00,9.249741041290e+02,4.433323132535e+02,5.367288289015e+02,1.210669317024e+00,2.619329763792e-01,3.349872256183e-01,1.419396996754e+00,2.321641468633e+01
1.061769616027e+00,6.868727556734e-03,4.675878406045e-02,3.444943687028e+05,9.936214841489e-01,5.402772178272e+02,3.807653935437e+02,3.800676816547e+02,4.141966444365e+02,2.629357992547e+06,5.936406227938e+05,2.110594985853e+00,9.251840135326e+02,4.432997300701e+02,5.373793484684e+02,1.212225751600e+00,2.621929086291e-01,3.352124696947e-01,1.418924164297e+00,2.321660193205e+01
1.063772954925e+00,6.904850038307e-03,4.688157452358e-02,3.423876534620e+05,9.936678142787e-01,5.409030694064e+02,3.813336136306e+02,3.798336169287e+02,4.139637506322e+02,2.629178326454e+06,5.926413515238e+05,2.098440477694e+00,9.253927054781e+02,4.432678111389e+02,5.380266126931e+02,1.213773252136e+00,2.624513603878e-01,3.354358253648e-01,1.418451062461e+00,2.321678770266e+01
1.065776293823e+00,6.941067254593e-03,4.700436498671e-02,3.403000075250e+05,9.937136548650e-01,5.415259138941e+02,3.819001498059e+02,3.796009009671e+02,4.137319428955e+02,2.629001708403e+06,5.916468692136e+05,2.086387318490e+00,9.256001917580e+02,4.432365587806e+02,5.386706582896e+02,1.215311886212e+00,2.627083382228e-01,3.356573105302e-01,1.417977746721e+00,2.321697201570e+01
1.067779632721e+00,6.977379205591e-03,4.712715544983e-02,3.382312003627e+05,9.937590126436e-01,5.421457846063e+02,3.824650099951e+02,3.793695276001e+02,4.135012117690e+02,2.628828119056e+06,5.906571331311e+05,2.074434361617e+00,9.258064841218e+02,4.432059755822e+02,5.393115209052e+02,1.216841718338e+00,2.629638487315e-01,3.358769426526e-01,1.417504269510e+00,2.321715488346e+01
1.069782971619e+00,7.013785891302e-03,4.724994591296e-02,3.361810061529e+05,9.938038942360e-01,5.427627133679e+02,3.830282020961e+02,3.791394909824e+02,4.132715479464e+02,2.628657539951e+06,5.896721011747e+05,2.062580480110e+00,9.260115941741e+02,4.431760644118e+02,5.399492346929e+02,1.218362808943e+00,2.632178987500e-01,3.360947388317e-01,1.417030679197e+00,2.321733631613e+01
1.071786310518e+00,7.050287311726e-03,4.737273637609e-02,3.341492039242e+05,9.938483061513e-01,5.433767302611e+02,3.835897339566e+02,3.789107856262e+02,4.130429422943e+02,2.628489953562e+06,5.886917319491e+05,2.050824567644e+00,9.262155333050e+02,4.431468284409e+02,5.405838320635e+02,1.219875213742e+00,2.634704954784e-01,3.363107158601e-01,1.416557019544e+00,2.321751632289e+01
1.073789649416e+00,7.086883466864e-03,4.749552683922e-02,3.321355776952e+05,9.938922547883e-01,5.439878633783e+02,3.841496133688e+02,3.786834064375e+02,4.128153858448e+02,2.628325343374e+06,5.877159847331e+05,2.039165539432e+00,9.264183126676e+02,4.431182711772e+02,5.412153434424e+02,1.221378983098e+00,2.637216466150e-01,3.365248902834e-01,1.416083329117e+00,2.321769491236e+01
1.075792988314e+00,7.123574356713e-03,4.761831730235e-02,3.301399165849e+05,9.939357464382e-01,5.445961385888e+02,3.847078480864e+02,3.784573487469e+02,4.125888697597e+02,2.628163693949e+06,5.867448193388e+05,2.027602332994e+00,9.266199431995e+02,4.430903964888e+02,5.418437970417e+02,1.222874161425e+00,2.639713604875e-01,3.367372784470e-01,1.415609640660e+00,2.321787209371e+01
1.077796327212e+00,7.160359981276e-03,4.774110776548e-02,3.281620146799e+05,9.939787872870e-01,5.452015795736e+02,3.852644458228e+02,3.782326082933e+02,4.123633853196e+02,2.628004990817e+06,5.857781960879e+05,2.016133907775e+00,9.268204356396e+02,4.430632085733e+02,5.424692188928e+02,1.224360787346e+00,2.642196460553e-01,3.369478965176e-01,1.415135981233e+00,2.321804787797e+01
1.079799666110e+00,7.197240340552e-03,4.786389822861e-02,3.262016706033e+05,9.940213834167e-01,5.458042081982e+02,3.858194142298e+02,3.780091811519e+02,4.121389239363e+02,2.627849220210e+06,5.848160759031e+05,2.004759243304e+00,9.270198005396e+02,4.430367118627e+02,5.430916332100e+02,1.225838894765e+00,2.644665127593e-01,3.371567604781e-01,1.414662373297e+00,2.321822227860e+01
1.081803005008e+00,7.234215434540e-03,4.798668869174e-02,3.242586867637e+05,9.940635408074e-01,5.464040452120e+02,3.863727608819e+02,3.777870636029e+02,4.119154771639e+02,2.627696368611e+06,5.838584204010e+05,1.993477335727e+00,9.272180482923e+02,4.430109108672e+02,5.437110630757e+02,1.227308514843e+00,2.647119702182e-01,3.373638860763e-01,1.414188836617e+00,2.321839530942e+01
1.083806343907e+00,7.271285263242e-03,4.810947915486e-02,3.223328682472e+05,9.941052653399e-01,5.470011113195e+02,3.869244932707e+02,3.775662519370e+02,4.116930367031e+02,2.627546422149e+06,5.829051919678e+05,1.982287192488e+00,9.274151891780e+02,4.429858099595e+02,5.443275314903e+02,1.228769678966e+00,2.649560277365e-01,3.375692887028e-01,1.413715391072e+00,2.321856697995e+01
1.085809682805e+00,7.308449826656e-03,4.823226961799e-02,3.204240215801e+05,9.941465627974e-01,5.475954285764e+02,3.874746188102e+02,3.773467422419e+02,4.114715943965e+02,2.627399365989e+06,5.819563538051e+05,1.971187826190e+00,9.276112334328e+02,4.429614131528e+02,5.449410627420e+02,1.230222422453e+00,2.651986937127e-01,3.377729832797e-01,1.413242060236e+00,2.321873729176e+01
1.087813021703e+00,7.345709124783e-03,4.835506008112e-02,3.185319538709e+05,9.941874388699e-01,5.481870217904e+02,3.880231448463e+02,3.771285302117e+02,4.112511421416e+02,2.627255184039e+06,5.810118699053e+05,1.960178250895e+00,9.278061916078e+02,4.429377240366e+02,5.455516837854e+02,1.231666787858e+00,2.654399752542e-01,3.379749843837e-01,1.412768874928e+00,2.321890624499e+01
1.089816360601e+00,7.383063157623e-03,4.847785054425e-02,3.166564705416e+05,9.942278991587e-01,5.487759187971e+02,3.885700786698e+02,3.769116107033e+02,4.110316717209e+02,2.627113858210e+06,5.800717048841e+05,1.949257484748e+00,9.280000751989e+02,4.429147457384e+02,5.461594245175e+02,1.233102825708e+00,2.656798783950e-01,3.381753065996e-01,1.412295873825e+00,2.321907385509e+01
1.091819699499e+00,7.420511925176e-03,4.860064100738e-02,3.147973773494e+05,9.942679491650e-01,5.493621483489e+02,3.891154275701e+02,3.766959787403e+02,4.108131754325e+02,2.626975369765e+06,5.791358237165e+05,1.938424557878e+00,9.281928938545e+02,4.428924810043e+02,5.467643157052e+02,1.234530589604e+00,2.659184090336e-01,3.383739647010e-01,1.411823097787e+00,2.321924014436e+01
1.093823038397e+00,7.458055427442e-03,4.872343147051e-02,3.129544836597e+05,9.943075943018e-01,5.499457381049e+02,3.896591988685e+02,3.764816296925e+02,4.105956456624e+02,2.626839700878e+06,5.782041915104e+05,1.927678515391e+00,9.283846568478e+02,4.428709328627e+02,5.473663870154e+02,1.235950129933e+00,2.661555732740e-01,3.385709732033e-01,1.411350584567e+00,2.321940512599e+01
1.095826377295e+00,7.495693664420e-03,4.884622193364e-02,3.111276028784e+05,9.943468398961e-01,5.505267141202e+02,3.902013999077e+02,3.762685592672e+02,4.103790748168e+02,2.626706834626e+06,5.772767735142e+05,1.917018419609e+00,9.285753733177e+02,4.428501046634e+02,5.479656665130e+02,1.237361492620e+00,2.663913776545e-01,3.387663464254e-01,1.410878367557e+00,2.321956880894e+01
1.097829716194e+00,7.533426636112e-03,4.896901239677e-02,3.093165524031e+05,9.943856911863e-01,5.511051008140e+02,3.907420380351e+02,3.760567634979e+02,4.101634553813e+02,2.626576754883e+06,5.763535352156e+05,1.906443350161e+00,9.287650515959e+02,4.428300000405e+02,5.485621806281e+02,1.238764719143e+00,2.666258291867e-01,3.389600985342e-01,1.410406475805e+00,2.321973119885e+01
1.099833055092e+00,7.571254342516e-03,4.909180285990e-02,3.075211534210e+05,9.944241533299e-01,5.516809211174e+02,3.912811205816e+02,3.758462387151e+02,4.099487798610e+02,2.626449446208e+06,5.754344424678e+05,1.895952403141e+00,9.289537003627e+02,4.428106228761e+02,5.491559543016e+02,1.240159846967e+00,2.668589352725e-01,3.391522435226e-01,1.409934934498e+00,2.321989229996e+01
1.101836393990e+00,7.609176783633e-03,4.921459332302e-02,3.057412306996e+05,9.944622314033e-01,5.522541966360e+02,3.918186548358e+02,3.756369815205e+02,4.097350408051e+02,2.626324893763e+06,5.745194616175e+05,1.885544690168e+00,9.291413286306e+02,4.427919772705e+02,5.497470111435e+02,1.241546909979e+00,2.670907035825e-01,3.393427951539e-01,1.409463765495e+00,2.322005211836e+01
1.103839732888e+00,7.647193959463e-03,4.933738378615e-02,3.039766124400e+05,9.944999304009e-01,5.528249477513e+02,3.923546480214e+02,3.754289887725e+02,4.095222308611e+02,2.626203083268e+06,5.736085596374e+05,1.875219337731e+00,9.293279454470e+02,4.427740675266e+02,5.503353735302e+02,1.242925938740e+00,2.673211420045e-01,3.395317669586e-01,1.408992987694e+00,2.322021066217e+01
1.105843071786e+00,7.685305870006e-03,4.946017424928e-02,3.022271301926e+05,9.945372552365e-01,5.533931936557e+02,3.928891072754e+02,3.752222575813e+02,4.093103428086e+02,2.626084000980e+06,5.727017042304e+05,1.864975486886e+00,9.295135598458e+02,4.427568981424e+02,5.509210626388e+02,1.244296960590e+00,2.675502586325e-01,3.397191722487e-01,1.408522617217e+00,2.322036794168e+01
1.107846410684e+00,7.723512515262e-03,4.958296471241e-02,3.004926187665e+05,9.945742107445e-01,5.539589523979e+02,3.934220396391e+02,3.750167852964e+02,4.090993695739e+02,2.625967633622e+06,5.717988638520e+05,1.854812292962e+00,9.296981808110e+02,4.427404737889e+02,5.515040984907e+02,1.245659999799e+00,2.677780617706e-01,3.399050241495e-01,1.408052667578e+00,2.322052396921e+01
1.109849749583e+00,7.761813895231e-03,4.970575517554e-02,2.987729159748e+05,9.946108016819e-01,5.545222410797e+02,3.939534520722e+02,3.748125694567e+02,4.088893042137e+02,2.625853968190e+06,5.709000076002e+05,1.844728924522e+00,9.298818172619e+02,4.427247992418e+02,5.520845001459e+02,1.247015078196e+00,2.680045598702e-01,3.400893355983e-01,1.407583150149e+00,2.322067875756e+01
1.111853088481e+00,7.800210009912e-03,4.982854563867e-02,2.970678620348e+05,9.946470327302e-01,5.550830764296e+02,3.944833514824e+02,3.746096076718e+02,4.086801398850e+02,2.625742991557e+06,5.700051050418e+05,1.834724560570e+00,9.300644780457e+02,4.427098792396e+02,5.526622862666e+02,1.248362216845e+00,2.682297612762e-01,3.402721192722e-01,1.407114075521e+00,2.322083231700e+01
1.113856427379e+00,7.838700859307e-03,4.995133610180e-02,2.953772986715e+05,9.946829084969e-01,5.556414759318e+02,3.950117447330e+02,3.744078974479e+02,4.084718698390e+02,2.625634689953e+06,5.691141261423e+05,1.824798386188e+00,9.302461719046e+02,4.426957182914e+02,5.532374762279e+02,1.249701439090e+00,2.684536737825e-01,3.404533875317e-01,1.406645456346e+00,2.322098465265e+01
1.115859766277e+00,7.877286443414e-03,5.007412656493e-02,2.937010683218e+05,9.947184335159e-01,5.561974590978e+02,3.955386386618e+02,3.742074359782e+02,4.082644875013e+02,2.625529048629e+06,5.682270411662e+05,1.814949589625e+00,9.304269071778e+02,4.426823206287e+02,5.538100913691e+02,1.251032773531e+00,2.686763043530e-01,3.406331526044e-01,1.406177310463e+00,2.322113576818e+01
1.117863105175e+00,7.915966762234e-03,5.019691702806e-02,2.920390119604e+05,9.947536122469e-01,5.567510478068e+02,3.960640401177e+02,3.740082197790e+02,4.080579866472e+02,2.625426051025e+06,5.673438205916e+05,1.805177363984e+00,9.306066910801e+02,4.426696900471e+02,5.543801553323e+02,1.252356255232e+00,2.688976593659e-01,3.408114269795e-01,1.405709661603e+00,2.322128567393e+01
1.119866444073e+00,7.954741815767e-03,5.031970749118e-02,2.903909709810e+05,9.947884490834e-01,5.573022647358e+02,3.965879559549e+02,3.738102455188e+02,4.078523608587e+02,2.625325680048e+06,5.664644351230e+05,1.795480911105e+00,9.307855312433e+02,4.426578299294e+02,5.549476925222e+02,1.253671922195e+00,2.691177449824e-01,3.409882231961e-01,1.405242535402e+00,2.322143438594e+01
1.121869782972e+00,7.993611604013e-03,5.044249795431e-02,2.887567892468e+05,9.948229483516e-01,5.578511321141e+02,3.971103930182e+02,3.736135100591e+02,4.076476037343e+02,2.625227919092e+06,5.655888557695e+05,1.785859442711e+00,9.309634353412e+02,4.426467438215e+02,5.555127268785e+02,1.254979810949e+00,2.693365672631e-01,3.411635534832e-01,1.404775956313e+00,2.322158191490e+01
1.123873121870e+00,8.032576126972e-03,5.056528841744e-02,2.871363133744e+05,9.948571143110e-01,5.583976713516e+02,3.976313581254e+02,3.734180104676e+02,4.074437089316e+02,2.625132752054e+06,5.647170539272e+05,1.776312182048e+00,9.311404110337e+02,4.426364354641e+02,5.560752815107e+02,1.256279955643e+00,2.695541323590e-01,3.413374298380e-01,1.404309946741e+00,2.322172826875e+01
1.125876460768e+00,8.071635384644e-03,5.068807888057e-02,2.855293928429e+05,9.948909511557e-01,5.589419028498e+02,3.981508580559e+02,3.732237440403e+02,4.072406701742e+02,2.625040163361e+06,5.638490014046e+05,1.766838364608e+00,9.313164659737e+02,4.426269088043e+02,5.566353785122e+02,1.257572387580e+00,2.697704466171e-01,3.415098640786e-01,1.403844526617e+00,2.322187345342e+01
1.127879799666e+00,8.110789377028e-03,5.081086934370e-02,2.839358800758e+05,9.949244630159e-01,5.594838458371e+02,3.986688995596e+02,3.730307083257e+02,4.070384812371e+02,2.624950138020e+06,5.629846703441e+05,1.757437238661e+00,9.314916078233e+02,4.426181680169e+02,5.571930387981e+02,1.258857134795e+00,2.699855166769e-01,3.416808678844e-01,1.403379712978e+00,2.322201747334e+01
1.129883138564e+00,8.150038104125e-03,5.093365980683e-02,2.823556304967e+05,9.949576539593e-01,5.600235182239e+02,3.991854893750e+02,3.728389011457e+02,4.068371359251e+02,2.624862661676e+06,5.621240331072e+05,1.748108065625e+00,9.316658442649e+02,4.426102175248e+02,5.577482819635e+02,1.260134221669e+00,2.701993495454e-01,3.418504528137e-01,1.402915519551e+00,2.322216033238e+01
1.131886477462e+00,8.189381565936e-03,5.105645026996e-02,2.807885024938e+05,9.949905279916e-01,5.605609365779e+02,3.997006342182e+02,3.726483205990e+02,4.066366280916e+02,2.624777720604e+06,5.612670623184e+05,1.738850119973e+00,9.318391829696e+02,4.426030620004e+02,5.583011262578e+02,1.261403668864e+00,2.704119525961e-01,3.420186303016e-01,1.402451956761e+00,2.322230203526e+01
1.133889816361e+00,8.228819762459e-03,5.117924073309e-02,2.792343574079e+05,9.950230890567e-01,5.610961160748e+02,4.002143407619e+02,3.724589650686e+02,4.064369516687e+02,2.624695301724e+06,5.604137309512e+05,1.729662689265e+00,9.320116315466e+02,4.425967063709e+02,5.588515885353e+02,1.262665493193e+00,2.706233335796e-01,3.421854116647e-01,1.401989031694e+00,2.322244258901e+01
1.135893155259e+00,8.268352693695e-03,5.130203119622e-02,2.776930595162e+05,9.950553410373e-01,5.616290704550e+02,4.007266156149e+02,3.722708332228e+02,4.062381007022e+02,2.624615392575e+06,5.595640124274e+05,1.720545074213e+00,9.321831974806e+02,4.425911558100e+02,5.593996842118e+02,1.263919707541e+00,2.708335006427e-01,3.423508081186e-01,1.401526748088e+00,2.322258200439e+01
1.137896494157e+00,8.307980359644e-03,5.142482165934e-02,2.761644758660e+05,9.950872877550e-01,5.621598121601e+02,4.012374653105e+02,3.720839239744e+02,4.060400693899e+02,2.624537981128e+06,5.587178807211e+05,1.711496588092e+00,9.323538880602e+02,4.425864156708e+02,5.599454273983e+02,1.265166321360e+00,2.710424622804e-01,3.425148307864e-01,1.401065106732e+00,2.322272029660e+01
1.139899833055e+00,8.347702760305e-03,5.154761212247e-02,2.746484757382e+05,9.951189329708e-01,5.626883529232e+02,4.017468963106e+02,3.718982363485e+02,4.058428521149e+02,2.624463055304e+06,5.578753104448e+05,1.702516554409e+00,9.325237102418e+02,4.425824913076e+02,5.604888314807e+02,1.266405342481e+00,2.712502270910e-01,3.426774906546e-01,1.400604106940e+00,2.322285748419e+01
1.141903171953e+00,8.387519895680e-03,5.167040258560e-02,2.731449295933e+05,9.951502803858e-01,5.632147051027e+02,4.022549150280e+02,3.717137692330e+02,4.056464434506e+02,2.624390602150e+06,5.570362768535e+05,1.693604301989e+00,9.326926704652e+02,4.425793877650e+02,5.610299104340e+02,1.267636780979e+00,2.714568032333e-01,3.428387984763e-01,1.400143749800e+00,2.322299358565e+01
1.143906510851e+00,8.427431765767e-03,5.179319304873e-02,2.716537076495e+05,9.951813336447e-01,5.637388838393e+02,4.027615278291e+02,3.715305210520e+02,4.054508380791e+02,2.624320606874e+06,5.562007556587e+05,1.684759158066e+00,9.328607751684e+02,4.425771094186e+02,5.615686809472e+02,1.268860655005e+00,2.716621976254e-01,3.429987647193e-01,1.399684043503e+00,2.322312861714e+01
1.145909849750e+00,8.467438370568e-03,5.191598351186e-02,2.701746774888e+05,9.952120963403e-01,5.642609093063e+02,4.032667409951e+02,3.713484891587e+02,4.052560305423e+02,2.624253051679e+06,5.553687226152e+05,1.675980441835e+00,9.330280310801e+02,4.425756597842e+02,5.621051646435e+02,1.270076996366e+00,2.718664152414e-01,3.431573996840e-01,1.399225009020e+00,2.322326258543e+01
1.147913188648e+00,8.507539710081e-03,5.203877397499e-02,2.687077026898e+05,9.952425720181e-01,5.647808071957e+02,4.037705606778e+02,3.711676700309e+02,4.050620152798e+02,2.624187915730e+06,5.545401530942e+05,1.667267462962e+00,9.331944449905e+02,4.425750410300e+02,5.626393885635e+02,1.271285853025e+00,2.720694591007e-01,3.433147137052e-01,1.398766681374e+00,2.322339546830e+01
1.149916527546e+00,8.547735784307e-03,5.216156443812e-02,2.672526458186e+05,9.952727641821e-01,5.652986066547e+02,4.042729929879e+02,3.709880599399e+02,4.048687867333e+02,2.624125177984e+06,5.537150222025e+05,1.658619523494e+00,9.333600235931e+02,4.425752550941e+02,5.631713831376e+02,1.272487281328e+00,2.722713306956e-01,3.434707167613e-01,1.398309104145e+00,2.322352717739e+01
1.151919866444e+00,8.588026593246e-03,5.228435490125e-02,2.658093725377e+05,9.953026762934e-01,5.658143353700e+02,4.047740444607e+02,3.708096559152e+02,4.046763394809e+02,2.624064820876e+06,5.528933055460e+05,1.650035935126e+00,9.335247734247e+02,4.425763052236e+02,5.637011773523e+02,1.273681330652e+00,2.724720319584e-01,3.436254184908e-01,1.397852315664e+00,2.322365759339e+01
1.153923205342e+00,8.628412136898e-03,5.240714536437e-02,2.643777592794e+05,9.953323117506e-01,5.663280094952e+02,4.052737227697e+02,3.706324575753e+02,4.044846684093e+02,2.624006835878e+06,5.520749800108e+05,1.641516056770e+00,9.336887007355e+02,4.425781980980e+02,5.642287888256e+02,1.274868014851e+00,2.726715689829e-01,3.437788280193e-01,1.397396321737e+00,2.322378669827e+01
1.155926544240e+00,8.668892415262e-03,5.252993582750e-02,2.629577031600e+05,9.953616738541e-01,5.668396195448e+02,4.057720366033e+02,3.704564692365e+02,4.042937685665e+02,2.623951228911e+06,5.512600231754e+05,1.633059346133e+00,9.338518116323e+02,4.425809459235e+02,5.647542098844e+02,1.276047274710e+00,2.728699568235e-01,3.439309538832e-01,1.396941061513e+00,2.322391475310e+01
1.157929883139e+00,8.709467428340e-03,5.265272629063e-02,2.615491281353e+05,9.953907657892e-01,5.673491194076e+02,4.062689930000e+02,3.702817007964e+02,4.041036344962e+02,2.623898020744e+06,5.504484105007e+05,1.624665396787e+00,9.340141126611e+02,4.425845666661e+02,5.652773966822e+02,1.277218952618e+00,2.730672233861e-01,3.440818055901e-01,1.396486390010e+00,2.322404231222e+01
1.159933222037e+00,8.750137176130e-03,5.277551675376e-02,2.601519775933e+05,9.954195906894e-01,5.678564327122e+02,4.067645921749e+02,3.701081651028e+02,4.039142596652e+02,2.623847235829e+06,5.496401129080e+05,1.616333911697e+00,9.341756112953e+02,4.425890799074e+02,5.657982754273e+02,1.278382818541e+00,2.732634091529e-01,3.442313987346e-01,1.396032112028e+00,2.322416981539e+01
1.161936560935e+00,8.790901658633e-03,5.289830721689e-02,2.587661844245e+05,9.954481517995e-01,5.683614938184e+02,4.072588252979e+02,3.699358697806e+02,4.037256377937e+02,2.623798874345e+06,5.488351024438e+05,1.608064566759e+00,9.343363147794e+02,4.425944962515e+02,5.663167828430e+02,1.279538692052e+00,2.734585580302e-01,3.443797621183e-01,1.395578090672e+00,2.322429686146e+01
1.163939899833e+00,8.831760875850e-03,5.302109768002e-02,2.573916180694e+05,9.954764525991e-01,5.688643319184e+02,4.077516859697e+02,3.697648035010e+02,4.035377677229e+02,2.623752868596e+06,5.480333730002e+05,1.599856758653e+00,9.344962259426e+02,4.426008005120e+02,5.668329492974e+02,1.280686678925e+00,2.736526924820e-01,3.445269364829e-01,1.395124413932e+00,2.322442205902e+01
1.165943238731e+00,8.872714827779e-03,5.314388814315e-02,2.560280222463e+05,9.955044965813e-01,5.693651802398e+02,4.082431998255e+02,3.695949204892e+02,4.033506593586e+02,2.623709037411e+06,5.472349655973e+05,1.591709297656e+00,9.346553381091e+02,4.426079336052e+02,5.673470067304e+02,1.281827467730e+00,2.738457657943e-01,3.446729471403e-01,1.394671559706e+00,2.322454471781e+01
1.167946577629e+00,8.913763514420e-03,5.326667860628e-02,2.546749711238e+05,9.955322865305e-01,5.698645509218e+02,4.087334482325e+02,3.694261321342e+02,4.031643302783e+02,2.623667071492e+06,5.464399538731e+05,1.583620161961e+00,9.348136380099e+02,4.426157856742e+02,5.678594623479e+02,1.282962516764e+00,2.740375963167e-01,3.448177457907e-01,1.394220495988e+00,2.322466794087e+01
1.169949916528e+00,8.954906935775e-03,5.338946906941e-02,2.533318852576e+05,9.955598239356e-01,5.703631748814e+02,4.092225261324e+02,3.692583207301e+02,4.029787784974e+02,2.623626607605e+06,5.456483280231e+05,1.575586475275e+00,9.349711290211e+02,4.426242234241e+02,5.683710383858e+02,1.284093839214e+00,2.742278293286e-01,3.449611666452e-01,1.393772674911e+00,2.322479841316e+01
1.171953255426e+00,8.996145091843e-03,5.351225953253e-02,2.519981759502e+05,9.955871101916e-01,5.708616891803e+02,4.097103907488e+02,3.690913974637e+02,4.027939320259e+02,2.623587468885e+06,5.448597799895e+05,1.567605007787e+00,9.351278740942e+02,4.426331835004e+02,5.688823625773e+02,1.285223032938e+00,2.744160410778e-01,3.451030041696e-01,1.393329781402e+00,2.322493552120e+01
1.173956594324e+00,9.037477982623e-03,5.363504999566e-02,2.506736360348e+05,9.956141507342e-01,5.713599913906e+02,4.101966971457e+02,3.689254286273e+02,4.026096194131e+02,2.623550120686e+06,5.440735783489e+05,1.559673844704e+00,9.352840207173e+02,4.426428536837e+02,5.693933320454e+02,1.286349315948e+00,2.746021337304e-01,3.452432962919e-01,1.392892715535e+00,2.322505087163e+01
1.175959933222e+00,9.078905608117e-03,5.375784045879e-02,2.493591954202e+05,9.956409590690e-01,5.718563112344e+02,4.106809319015e+02,3.687608271990e+02,4.024256526265e+02,2.623516232437e+06,5.432889222272e+05,1.551796117712e+00,9.354397304474e+02,4.426538998808e+02,5.699022024943e+02,1.287466805664e+00,2.747870251565e-01,3.453826661053e-01,1.392458881854e+00,2.322508420376e+01
1.177963272120e+00,9.120427968323e-03,5.388063092192e-02,2.480578919030e+05,9.956675510139e-01,5.723463450006e+02,4.111631488329e+02,3.685985109009e+02,4.022420917905e+02,2.623488868737e+06,5.425060692393e+05,1.543985621593e+00,9.355949545625e+02,4.426675460102e+02,5.704047410302e+02,1.288562367337e+00,2.749731857217e-01,3.455221845851e-01,1.392017613021e+00,2.322500412654e+01
1.179966611018e+00,9.162045063242e-03,5.400342138505e-02,2.467751164123e+05,9.956939193256e-01,5.728233345292e+02,4.116449583174e+02,3.684397433878e+02,4.020595918472e+02,2.623471353845e+06,5.417278120048e+05,1.536270045631e+00,9.357491412964e+02,4.426851225157e+02,5.708943004433e+02,1.289617092165e+00,2.751639813030e-01,3.456621158658e-01,1.391547067334e+00,2.322494842245e+01
1.181969949917e+00,9.203756892874e-03,5.412621184818e-02,2.455161348442e+05,9.957199992720e-01,5.732806729292e+02,4.121292275492e+02,3.682852285829e+02,4.018794476264e+02,2.623463800509e+06,5.409596675677e+05,1.528681238418e+00,9.359011987516e+02,4.427066786719e+02,5.713643608256e+02,1.290616085892e+00,2.753608130166e-01,3.457998726673e-01,1.391021637408e+00,2.322532371642e+01
1.183973288815e+00,9.245563457219e-03,5.424900231131e-02,2.442791420792e+05,9.957456777409e-01,5.737189861106e+02,4.126166572628e+02,3.681333001929e+02,4.017028020786e+02,2.623457735309e+06,5.402064996419e+05,1.521221215709e+00,9.360501640090e+02,4.427288408668e+02,5.718154723449e+02,1.291570414128e+00,2.755588700207e-01,3.459298774796e-01,1.390440681471e+00,2.322658373147e+01
1.185976627713e+00,9.287464756276e-03,5.437179277444e-02,2.430461353360e+05,9.957709230665e-01,5.741584145907e+02,4.131003755372e+02,3.679782084960e+02,4.015288526477e+02,2.623433009864e+06,5.394648746093e+05,1.513811380594e+00,9.361967146823e+02,4.427436105109e+02,5.722673868598e+02,1.292548041968e+00,2.757460869842e-01,3.460501785781e-01,1.389876283322e+00,2.322849335135e+01
1.187979966611e+00,9.329460790047e-03,5.449458323757e-02,2.417813659865e+05,9.957960379851e-01,5.746511745773e+02,4.135660813879e+02,3.678112617920e+02,4.013529260233e+02,2.623365673950e+06,5.387148656615e+05,1.506271050805e+00,9.363447874491e+02,4.427415741290e+02,5.727716344769e+02,1.293692907886e+00,2.759118637709e-01,3.461771630431e-01,1.389502670646e+00,2.322929083215e+01
1.189983305509e+00,9.371551558530e-03,5.461737370069e-02,2.404487139174e+05,9.958218137915e-01,5.752748212608e+02,4.140080760773e+02,3.676274690523e+02,4.011664531720e+02,2.623253391646e+06,5.379199647588e+05,1.498384516080e+00,9.365015930017e+02,4.427221110622e+02,5.734052037736e+02,1.295180858254e+00,2.760635387749e-01,3.463527247386e-01,1.389525602282e+00,2.322593297071e+01
1.191986644407e+00,9.413737061727e-03,5.474016416382e-02,2.390406943377e+05,9.958491232994e-01,5.760664438785e+02,4.144567316591e+02,3.674343923845e+02,4.009612704803e+02,2.623144464038e+06,5.370454219072e+05,1.490034161005e+00,9.366739860833e+02,4.427049589261e+02,5.742056360129e+02,1.297039087626e+00,2.762259549605e-01,3.466028318973e-01,1.389931444888e+00,2.321626250885e+01
1.193989983306e+00,9.456017299636e-03,5.486295462695e-02,2.375872754867e+05,9.958775922293e-01,5.768782719057e+02,4.149782500550e+02,3.672507023890e+02,4.007397724177e+02,2.623122359092e+06,5.361014721562e+05,1.481278369989e+00,9.368599148438e+02,4.427238496263e+02,5.750274417481e+02,1.298839992997e+00,2.763896640751e-01,3.468224138266e-01,1.390140981676e+00,2.320213369539e+01
1.195993322204e+00,9.498392272258e-03,5.498574509008e-02,2.361657625119e+05,9.959037674938e-01,5.773116660486e+02,4.155898313456e+02,3.670907168589e+02,4.005292497134e+02,2.623211766631e+06,5.352043528992e+05,1.472549935814e+00,9.370364111272e+02,4.427877462375e+02,5.754747147936e+02,1.299662693206e+00,2.764492139971e-01,3.467263782241e-01,1.389138093633e+00,2.319321523822e+01
1.197996661102e+00,9.540861979593e-03,5.510853555321e-02,2.351067740951e+05,9.959205916971e-01,5.772164928626e+02,4.160983066849e+02,3.669799191657e+02,4.003902611662e+02,2.623324924305e+06,5.346120312754e+05,1.465978725421e+00,9.371527669563e+02,4.428544225583e+02,5.753934300595e+02,1.299283468223e+00,2.763564052134e-01,3.463070834060e-01,1.387211828525e+00,2.321760134959e+01
1.200000000000e+00,9.583426421640e-03,5.523132601634e-02,2.351057933827e+05,9.959205917555e-01,5.772179964468e+02,4.160983108754e+02,3.669796748976e+02,4.003902610778e+02,2.623324255323e+06,5.346120302289e+05,1.465973768425e+00,9.371527665256e+02,4.428541529973e+02,5.753949138752e+02,1.299287609658e+00,2.763557319643e-01,3.463069087071e-01,1.387215428086e+00,2.332117519207e+01
