x,A,r,p,alpha_g,u_g,u_l,T_g,T_l,h_g,h_l,rho_g,rho_l,a_mix,u_mix,Ma_mix,quality_static,quality_flow,slip,mdot
0.000000000000e+00,2.039265260097e-03,2.547780000000e-02,1.998625480275e+06,9.775819992971e-01,1.097964206645e+01,1.097964206645e+01,2.950910255736e+02,2.951358800474e+02,3.018192582909e+05,9.408743342547e+04,2.290086942771e+01,9.986384610068e+02,3.499788723168e+02,1.097964206645e+01,3.137229968702e-02,5.000000000000e-01,5.000000000000e-01,1.000000000000e+00,1.002529280274e+00
6.212424849699e-04,2.021768411380e-03,2.536826507502e-02,1.999288759576e+06,9.773974896756e-01,1.097931033542e+01,1.097997110291e+01,2.951199014193e+02,2.951357731723e+02,3.018487927808e+05,9.408760653823e+04,2.290613480945e+01,9.986387862117e+02,3.499563519260e+02,1.097933867545e+01,3.137345161768e-02,4.979610294135e-01,4.979459843760e-01,9.999398206528e-01,9.980384308699e-01
1.242484969940e-03,2.004346947691e-03,2.525873015004e-02,1.998791354554e+06,9.772121011735e-01,1.109654426567e+01,1.098624248105e+01,2.950992888386e+02,2.951356187655e+02,3.018277627029e+05,9.408649697263e+04,2.290210136860e+01,9.986385962030e+02,3.499000119252e+02,1.109176658205e+01,3.169981767368e-02,4.958275474889e-01,4.983249383805e-01,1.010039991818e+00,9.988774208791e-01
1.863727454910e-03,1.987000869030e-03,2.514919522506e-02,1.998543437783e+06,9.770260554775e-01,1.122142813695e+01,1.099343686770e+01,2.950894041191e+02,2.951354490823e+02,3.018176985368e+05,9.408555663754e+04,2.290005907936e+01,9.986385227935e+02,3.498505419015e+02,1.121145547976e+01,3.204641450267e-02,4.937251319384e-01,4.988564871256e-01,1.020738852827e+00,1.000030656897e+00
2.484969939880e-03,1.969730175397e-03,2.503966030008e-02,1.998509147859e+06,9.768394819244e-01,1.132734005749e+01,1.100057997053e+01,2.950886597331e+02,2.951352721399e+02,3.018169750450e+05,9.408478551475e+04,2.289972582551e+01,9.986385478863e+02,3.498069080085e+02,1.131290719075e+01,3.234043391298e-02,4.916521153650e-01,4.989691614455e-01,1.029703896325e+00,1.000263586245e+00
3.106212424850e-03,1.952534866791e-03,2.493012537510e-02,1.998511883275e+06,9.766525885813e-01,1.142713606337e+01,1.100841254909e+01,2.950895063669e+02,2.951350900711e+02,3.018178777914e+05,9.408402756139e+04,2.289968823562e+01,9.986385909395e+02,3.497640612268e+02,1.140846121093e+01,3.261759132977e-02,4.895953109385e-01,4.989265917439e-01,1.038036684436e+00,1.000159398003e+00
3.727454909820e-03,1.935414943212e-03,2.482059045012e-02,1.998493845849e+06,9.764655548608e-01,1.152894247887e+01,1.101741506025e+01,2.950894726434e+02,2.951349042517e+02,3.018178813223e+05,9.408323453916e+04,2.289948376473e+01,9.986386254375e+02,3.497203730111e+02,1.150590797813e+01,3.290030797768e-02,4.875515149085e-01,4.988947943511e-01,1.046428986819e+00,1.000085682436e+00
4.348697394790e-03,1.918370404662e-03,2.471105552513e-02,1.998462626045e+06,9.762785239985e-01,1.163352305933e+01,1.102771661972e+01,2.950888818005e+02,2.951347159688e+02,3.018173158809e+05,9.408241891440e+04,2.289917326392e+01,9.986386545253e+02,3.496760948524e+02,1.160598111548e+01,3.319066211942e-02,4.855227783149e-01,4.988884956114e-01,1.054934893641e+00,1.000077762806e+00
4.969939879760e-03,1.901401251139e-03,2.460152060015e-02,1.998429559389e+06,9.760916237197e-01,1.173988413852e+01,1.103935770220e+01,2.950882176716e+02,2.951345261049e+02,3.018166758434e+05,9.408159496096e+04,2.289884751831e+01,9.986386831387e+02,3.496315841509e+02,1.170773243349e+01,3.348591192618e-02,4.835112654309e-01,4.988865574761e-01,1.063457173435e+00,1.000092096783e+00
5.591182364729e-03,1.884507482644e-03,2.449198567517e-02,1.998397077364e+06,9.759049808898e-01,1.184758926500e+01,1.105239567628e+01,2.950875841013e+02,2.951343351301e+02,3.018160673202e+05,9.408076691336e+04,2.289852599663e+01,9.986387122719e+02,3.495869419533e+02,1.181074781508e+01,3.378486550182e-02,4.815183141473e-01,4.988791923940e-01,1.071947622217e+00,1.000109441208e+00
6.212424849699e-03,1.867689099176e-03,2.438245075019e-02,1.998364177406e+06,9.757187284608e-01,1.195666695303e+01,1.106690102430e+01,2.950869385144e+02,2.951341432718e+02,3.018154468197e+05,9.407993478528e+04,2.289820065157e+01,9.986387414181e+02,3.495421722786e+02,1.191505795460e+01,3.408761202383e-02,4.795449884580e-01,4.988661332808e-01,1.080398833131e+00,1.000130547539e+00
6.833667334669e-03,1.850946100737e-03,2.427291582521e-02,1.998330111165e+06,9.755330101966e-01,1.206721451249e+01,1.108294029103e+01,2.950862493834e+02,2.951339506402e+02,3.018147821490e+05,9.407909833779e+04,2.289786545550e+01,9.986387702128e+02,3.494972897508e+02,1.202075912904e+01,3.439442731477e-02,4.775924485242e-01,4.988487352408e-01,1.088809846089e+00,1.000158657902e+00
7.454909819639e-03,1.834278487325e-03,2.416338090023e-02,1.998294750642e+06,9.753479844643e-01,1.217928077094e+01,1.110057162175e+01,2.950855118012e+02,2.951337572825e+02,3.018140683227e+05,9.407825764837e+04,2.289751933765e+01,9.986387985872e+02,3.494523311348e+02,1.212790116119e+01,3.470545216227e-02,4.756620190225e-01,4.988276735944e-01,1.097176000115e+00,1.000194360385e+00
8.076152304609e-03,1.817686258940e-03,2.405384597525e-02,1.998258135459e+06,9.751638262363e-01,1.229288842165e+01,1.111984652023e+01,2.950847280966e+02,2.951335632037e+02,3.018133077536e+05,9.407741277542e+04,2.289716256312e+01,9.986388265580e+02,3.494073427927e+02,1.223650888717e+01,3.502075482836e-02,4.737551661015e-01,4.988033833812e-01,1.105490835623e+00,1.000236557393e+00
8.697394789579e-03,1.801169415583e-03,2.394431105027e-02,1.998220265020e+06,9.749807268824e-01,1.240805955756e+01,1.114081171222e+01,2.950838989296e+02,2.951333683782e+02,3.018125011513e+05,9.407656361102e+04,2.289679507101e+01,9.986388541310e+02,3.493623746888e+02,1.234660660324e+01,3.534040153647e-02,4.718734725165e-01,4.987765329073e-01,1.113748250852e+00,1.000283601736e+00
9.318637274549e-03,1.784727957254e-03,2.383477612529e-02,1.998181099548e+06,9.747988919574e-01,1.252482066834e+01,1.116351004266e+01,2.950830233184e+02,2.951331727573e+02,3.018116475499e+05,9.407570991485e+04,2.289641648407e+01,9.986388812991e+02,3.493174799437e+02,1.245822286563e+01,3.566447023388e-02,4.700186110986e-01,4.987480783340e-01,1.121942885391e+00,1.000333587069e+00
9.939879759519e-03,1.768361883953e-03,2.372524120031e-02,1.998140592567e+06,9.746185373867e-01,1.264320034126e+01,1.118798097571e+01,2.950821000163e+02,2.951329762747e+02,3.018107457138e+05,9.407485136670e+04,2.289602636965e+01,9.986389080566e+02,3.492727148933e+02,1.257138831589e+01,3.599304434567e-02,4.681923062301e-01,4.987191651657e-01,1.130069882020e+00,1.000384355054e+00
1.056112224449e-02,1.752071195679e-03,2.361570627533e-02,1.998098701455e+06,9.744398844762e-01,1.276322773399e+01,1.121426103501e+01,2.950811279550e+02,2.951327788500e+02,3.018097945900e+05,9.407398759055e+04,2.289562432483e+01,9.986389344026e+02,3.492281381983e+02,1.268613423432e+01,3.632620870635e-02,4.663962836878e-01,4.986910369533e-01,1.138124722988e+00,1.000433550282e+00
1.118236472946e-02,1.735855892433e-03,2.350617135035e-02,1.998055385855e+06,9.742631541699e-01,1.288493244178e+01,1.124238419683e+01,2.950801061708e+02,2.951325803908e+02,3.018087932333e+05,9.407311816295e+04,2.289520996419e+01,9.986389603400e+02,3.491838093814e+02,1.280249241065e+01,3.666404932499e-02,4.646322144124e-01,4.986649674905e-01,1.146103194499e+00,1.000478738380e+00
1.180360721443e-02,1.719715974215e-03,2.339663642537e-02,1.998010605461e+06,9.740885609791e-01,1.300834471342e+01,1.127238218660e+01,2.950790337071e+02,2.951323807948e+02,3.018077407058e+05,9.407224261901e+04,2.289478290224e+01,9.986389858740e+02,3.491397872274e+02,1.292049533296e+01,3.700665408422e-02,4.629016575936e-01,4.986422010650e-01,1.154001390131e+00,1.000517535029e+00
1.242484969940e-02,1.703651441024e-03,2.328710150039e-02,1.997964319470e+06,9.739163069870e-01,1.313349557156e+01,1.130428466729e+01,2.950779095885e+02,2.951321799516e+02,3.018066360506e+05,9.407136045941e+04,2.289434274929e+01,9.986390110115e+02,3.490961282098e+02,1.304017627248e+01,3.735411314743e-02,4.612060071622e-01,4.986238961831e-01,1.161815714847e+00,1.000547720635e+00
1.304609218437e-02,1.687662292861e-03,2.317756657540e-02,1.997916486688e+06,9.737465762819e-01,1.326041685126e+01,1.133811933698e+01,2.950767328242e+02,2.951319777443e+02,3.018054782951e+05,9.407047115781e+04,2.289388911244e+01,9.986390357606e+02,3.490528850078e+02,1.316156927992e+01,3.770651911279e-02,4.595464448003e-01,4.986110758758e-01,1.169542889534e+00,1.000567335925e+00
1.366733466934e-02,1.671748529726e-03,2.306803165042e-02,1.997867065586e+06,9.735795301140e-01,1.338914122930e+01,1.137391195971e+01,2.950755024096e+02,2.951317740517e+02,3.018042664525e+05,9.406957416830e+04,2.289342159598e+01,9.986390601304e+02,3.490101051709e+02,1.328470916566e+01,3.806396711394e-02,4.579239018032e-01,4.986045878554e-01,1.177179960310e+00,1.000574757742e+00
1.428857715431e-02,1.655910151618e-03,2.295849672544e-02,1.997816014230e+06,9.734153029926e-01,1.351970226531e+01,1.141168635262e+01,2.950742173231e+02,2.951315687494e+02,3.018029995189e+05,9.406866893259e+04,2.289293980093e+01,9.986390841304e+02,3.489678299918e+02,1.340963148671e+01,3.842655492635e-02,4.563390313412e-01,4.986050759812e-01,1.184724312214e+00,1.000568753829e+00
1.490981963928e-02,1.640147158538e-03,2.284896180046e-02,1.997763290172e+06,9.732539998638e-01,1.365213444896e+01,1.145146434995e+01,2.950728765213e+02,2.951313617119e+02,3.018016764682e+05,9.406775488707e+04,2.289244332413e+01,9.986391077700e+02,3.489260936339e+02,1.353637253865e+01,3.879438306743e-02,4.547921918576e-01,4.986129632439e-01,1.192173684670e+00,1.000548515821e+00
1.553106212425e-02,1.624459550486e-03,2.273942687548e-02,1.997708850338e+06,9.730956944303e-01,1.378647324738e+01,1.149326576199e+01,2.950714789350e+02,2.951311528142e+02,3.018002962476e+05,9.406683146945e+04,2.289193175732e+01,9.986391310586e+02,3.488849225396e+02,1.366496934964e+01,3.916755487791e-02,4.532834415916e-01,4.986284457854e-01,1.199526186280e+00,1.000513670958e+00
1.615230460922e-02,1.608847327461e-03,2.262989195050e-02,1.997652650923e+06,9.729404286038e-01,1.392275515059e+01,1.153710834362e+01,2.950700234649e+02,2.951309419335e+02,3.017988577741e+05,9.406589812493e+04,2.289140468625e+01,9.986391540044e+02,3.488443351257e+02,1.379545967721e+01,3.954617658400e-02,4.518125435667e-01,4.986514969907e-01,1.206780307154e+00,1.000464274289e+00
1.677354709419e-02,1.593310489464e-03,2.252035702552e-02,1.997594647278e+06,9.727882130185e-01,1.406101771450e+01,1.158300778383e+01,2.950685089775e+02,2.951307289498e+02,3.017973599293e+05,9.406495431169e+04,2.289086168973e+01,9.986391766147e+02,3.488043417559e+02,1.392788200948e+01,3.993035734407e-02,4.503789798863e-01,4.986818802940e-01,1.213934927518e+00,1.000400783969e+00
1.739478957916e-02,1.577849036495e-03,2.241082210054e-02,1.997534793796e+06,9.726390284858e-01,1.420129960134e+01,1.163097772363e+01,2.950669343003e+02,2.951305137478e+02,3.017958015556e+05,9.406399950546e+04,2.289030233866e+01,9.986391988953e+02,3.487649449666e+02,1.406227557207e+01,4.032020928426e-02,4.489819738197e-01,4.987191690710e-01,1.220989321688e+00,1.000324022839e+00
1.801603206413e-02,1.562462968554e-03,2.230128717556e-02,1.997473043788e+06,9.724928282353e-01,1.434364061709e+01,1.168102980668e+01,2.950652982183e+02,2.951302962177e+02,3.017941814519e+05,9.406303320325e+04,2.288972619500e+01,9.986392208503e+02,3.487261399107e+02,1.419868034118e+01,4.071584752671e-02,4.476205179553e-01,4.987627718466e-01,1.227943156937e+00,1.000235129717e+00
1.863727454910e-02,1.547152285640e-03,2.219175225058e-02,1.997409349366e+06,9.723495407696e-01,1.448808174595e+01,1.173317376395e+01,2.950635994686e+02,2.951300762554e+02,3.017924983686e+05,9.406205492610e+04,2.288913281074e+01,9.986392424817e+02,3.486879149805e+02,1.433713706318e+01,4.111739021405e-02,4.462934066286e-01,4.988119610426e-01,1.234796487074e+00,1.000135503841e+00
1.925851703407e-02,1.531916987754e-03,2.208221732560e-02,1.997343661321e+06,9.722090731509e-01,1.463466518196e+01,1.178741753122e+01,2.950618367369e+02,2.951298537635e+02,3.017907510034e+05,9.406106422079e+04,2.288852172686e+01,9.986392637897e+02,3.486502525630e+02,1.447768728044e+01,4.152495853369e-02,4.449992708775e-01,4.988659035817e-01,1.241549740917e+00,1.000026745760e+00
1.987975951904e-02,1.516757074895e-03,2.197268240062e-02,1.997275928995e+06,9.720713145449e-01,1.478343435815e+01,1.184376739655e+01,2.950600086523e+02,2.951296286510e+02,3.017889379969e+05,9.406006066070e+04,2.288789247225e+01,9.986392847721e+02,3.486131298848e+02,1.462037336330e+01,4.193867674501e-02,4.437366143200e-01,4.989236918446e-01,1.248203706065e+00,9.999105975944e-01
2.050100200401e-02,1.501672547064e-03,2.186314747564e-02,1.997206100168e+06,9.719361398622e-01,1.493443397369e+01,1.190222817316e+01,2.950581137836e+02,2.951294008340e+02,3.017870579282e+05,9.405904384574e+04,2.288724456270e+01,9.986393054246e+02,3.485765199041e+02,1.476523854750e+01,4.235867221225e-02,4.425038485554e-01,4.989843737065e-01,1.254759508591e+00,9.997888851440e-01
2.112224448898e-02,1.486663404261e-03,2.175361255065e-02,1.997134120924e+06,9.718034133570e-01,1.508771001966e+01,1.196280339254e+01,2.950561506346e+02,2.951291702348e+02,3.017851093105e+05,9.405801340158e+04,2.288657749981e+01,9.986393257405e+02,3.485403922115e+02,1.491232697646e+01,4.278507544517e-02,4.412993269420e-01,4.990469806451e-01,1.261218589371e+00,9.996634638131e-01
2.174348697395e-02,1.471729646486e-03,2.164407762567e-02,1.997059935544e+06,9.716729920699e-01,1.524330980399e+01,1.202549551192e+01,2.950541176402e+02,2.951289367820e+02,3.017830905870e+05,9.405696897820e+04,2.288589076993e+01,9.986393457108e+02,3.485047139091e+02,1.506168374779e+01,4.321802014912e-02,4.401213758687e-01,4.991105531799e-01,1.267582677893e+00,9.995361697715e-01
2.236472945892e-02,1.456871273738e-03,2.153454270069e-02,1.996983486374e+06,9.715447290278e-01,1.540128197631e+01,1.209030613031e+01,2.950520131620e+02,2.951287004102e+02,3.017810001263e+05,9.405591024792e+04,2.288518384317e+01,9.986393653245e+02,3.484694504427e+02,1.521335496333e+01,4.365764328553e-02,4.389683229037e-01,4.991741631629e-01,1.273853764356e+00,9.994087772746e-01
2.298597194389e-02,1.442088286018e-03,2.142500777571e-02,1.996904713715e+06,9.714184761394e-01,1.556167655316e+01,1.215723620741e+01,2.950498354844e+02,2.951284610590e+02,3.017788362192e+05,9.405483690310e+04,2.288445617231e+01,9.986393845684e+02,3.484345663671e+02,1.536738778196e+01,4.410408514340e-02,4.378385214459e-01,4.992369326773e-01,1.280034070875e+00,9.992829626016e-01
2.360721442886e-02,1.427380683325e-03,2.131547285073e-02,1.996823555699e+06,9.712940867508e-01,1.572454494420e+01,1.222628628041e+01,2.950475828105e+02,2.951282186728e+02,3.017765970737e+05,9.405374865354e+04,2.288370719181e+01,9.986394034271e+02,3.484000260348e+02,1.552383047462e+01,4.455748942185e-02,4.367303717199e-01,4.992980494923e-01,1.286126022535e+00,9.991602746829e-01
2.422845691383e-02,1.412748465661e-03,2.120593792575e-02,1.996739948176e+06,9.711714178444e-01,1.588993997990e+01,1.229745667408e+01,2.950452532584e+02,2.951279731999e+02,3.017742808113e+05,9.405264522374e+04,2.288293631673e+01,9.986394218834e+02,3.483657941987e+02,1.568273248110e+01,4.501800332370e-02,4.356423381277e-01,4.993567791856e-01,1.292132218965e+00,9.990421121862e-01
2.484969939880e-02,1.398191633024e-03,2.109640300077e-02,1.996653824593e+06,9.710503318817e-01,1.605791594107e+01,1.237074770065e+01,2.950428448564e+02,2.951277245921e+02,3.017718854632e+05,9.405152635011e+04,2.288214294177e+01,9.986394399181e+02,3.483318365287e+02,1.584414446812e+01,4.548577765965e-02,4.345729631053e-01,4.994124741491e-01,1.298055406968e+00,9.989297066144e-01
2.547094188377e-02,1.383710185414e-03,2.098686807579e-02,1.996565115879e+06,9.709306983048e-01,1.622852859061e+01,1.244615984671e+01,2.950403555400e+02,2.951274728039e+02,3.017694089657e+05,9.405039177823e+04,2.288132644017e+01,9.986394575104e+02,3.482981200424e+02,1.600811838835e+01,4.596096696245e-02,4.335208777226e-01,4.994645797718e-01,1.303898454662e+00,9.988241108330e-01
2.609218436874e-02,1.369304122833e-03,2.087733315081e-02,1.996473750326e+06,9.708123947153e-01,1.640183520772e+01,1.252369394519e+01,2.950377831466e+02,2.951272177920e+02,3.017668491566e+05,9.404924126013e+04,2.288048616275e+01,9.986394746376e+02,3.482646134548e+02,1.617470754027e+01,4.644372961071e-02,4.324848093205e-01,4.995126381195e-01,1.309664327434e+00,9.987261923833e-01
2.671342685371e-02,1.354973445279e-03,2.076779822583e-02,1.996379653464e+06,9.706953077589e-01,1.657789462488e+01,1.260335133138e+01,2.950351254125e+02,2.951269595146e+02,3.017642037703e+05,9.404807455180e+04,2.287962143679e+01,9.986394912757e+02,3.482312874513e+02,1.634396662863e+01,4.693422796169e-02,4.314635864971e-01,4.995562894399e-01,1.315356065938e+00,9.986366309388e-01
2.733466933868e-02,1.340718152752e-03,2.065826330085e-02,1.996282747944e+06,9.705793337420e-01,1.675676726762e+01,1.268513398267e+01,2.950323799673e+02,2.951266979310e+02,3.017614704340e+05,9.404689141082e+04,2.287873156503e+01,9.986395073987e+02,3.481981148897e+02,1.651595182543e+01,4.743262849273e-02,4.304561417555e-01,4.995952717950e-01,1.320976766230e+00,9.985559193062e-01
2.795591182365e-02,1.326538245254e-03,2.054872837587e-02,1.996182953410e+06,9.704643790050e-01,1.693851519740e+01,1.276904464233e+01,2.950295443304e+02,2.951264330009e+02,3.017586466627e+05,9.404569159416e+04,2.287781582453e+01,9.986395229796e+02,3.481650709388e+02,1.669072083150e+01,4.793910195096e-02,4.294615120976e-01,4.996294190900e-01,1.326529562067e+00,9.984843674447e-01
2.857715430862e-02,1.312433722783e-03,2.043919345089e-02,1.996080186369e+06,9.703503600789e-01,1.712320215761e+01,1.285508692799e+01,2.950266159060e+02,2.951261646842e+02,3.017557298547e+05,9.404447485630e+04,2.287687346560e+01,9.986395379895e+02,3.481321331571e+02,1.686833293855e+01,4.845382351113e-02,4.284788378179e-01,4.996586577217e-01,1.332017609334e+00,9.984221090720e-01
2.919839679359e-02,1.298404585339e-03,2.032965852590e-02,1.995974360058e+06,9.702372036421e-01,1.731089362285e+01,1.294326542617e+01,2.950235919779e+02,2.951258929405e+02,3.017527172867e+05,9.404324094746e+04,2.287590371062e+01,9.986395523985e+02,3.480992815165e+02,1.704884909179e+01,4.897697294151e-02,4.275073597122e-01,4.996830020240e-01,1.337444072486e+00,9.983691105093e-01
2.981963927856e-02,1.284450832924e-03,2.022012360092e-02,1.995865384304e+06,9.701248462969e-01,1.750165685163e+01,1.303358577405e+01,2.950204697051e+02,2.951256177287e+02,3.017496061086e+05,9.404198961216e+04,2.287490575287e+01,9.986395661751e+02,3.480664983760e+02,1.723233195317e+01,4.950873477789e-02,4.265464148793e-01,4.997025486483e-01,1.342812112877e+00,9.983251815073e-01
3.044088176353e-02,1.270572465536e-03,2.011058867594e-02,1.995753165385e+06,9.700132341768e-01,1.769556094257e+01,1.312605473000e+01,2.950172461159e+02,2.951253390071e+02,3.017463933382e+05,9.404072058799e+04,2.287387875530e+01,9.986395792862e+02,3.480337684070e+02,1.741884596517e+01,5.004929850601e-02,4.255954312627e-01,4.997174699835e-01,1.348124878844e+00,9.982899878529e-01
3.106212424850e-02,1.256769483176e-03,2.000105375096e-02,1.995637605873e+06,9.699023223991e-01,1.789267689425e+01,1.322068023436e+01,2.950139181028e+02,2.951250567326e+02,3.017430758557e+05,9.403943360466e+04,2.287282184922e+01,9.986395916976e+02,3.480010784733e+02,1.760845741534e+01,5.059885875235e-02,4.246539210585e-01,4.997280066983e-01,1.353385497348e+00,9.982630656041e-01
3.168336673347e-02,1.243041885843e-03,1.989151882598e-02,1.995518604482e+06,9.697920743708e-01,1.809307766886e+01,1.331747146188e+01,2.950104824168e+02,2.951247708611e+02,3.017396503979e+05,9.403812838329e+04,2.287173413295e+01,9.986396033735e+02,3.479684174690e+02,1.780123450145e+01,5.115761548399e-02,4.237214731011e-01,4.997344594824e-01,1.358597067067e+00,9.982438368181e-01
3.230460921844e-02,1.229389673538e-03,1.978198390100e-02,1.995396055902e+06,9.696824609601e-01,1.829683825976e+01,1.341643886692e+01,2.950069356611e+02,2.951244813472e+02,3.017361135518e+05,9.403680463599e+04,2.287061467045e+01,9.986396142764e+02,3.479357761145e+02,1.799724739746e+01,5.172577421741e-02,4.227977443419e-01,4.997371800621e-01,1.363762652761e+00,9.982316266332e-01
3.292585170341e-02,1.215812846261e-03,1.967244897602e-02,1.995269850628e+06,9.695734595445e-01,1.850403576318e+01,1.351759422252e+01,2.950032742851e+02,2.951241881443e+02,3.017324617490e+05,9.403546206571e+04,2.286946248979e+01,9.986396243675e+02,3.479031467163e+02,1.819656832021e+01,5.230354623683e-02,4.218824505373e-01,4.997365615820e-01,1.368885280811e+00,9.982256815413e-01
3.354709418838e-02,1.202311404011e-03,1.956291405104e-02,1.995139874777e+06,9.694650529519e-01,1.871474945404e+01,1.362095065419e+01,2.949994945779e+02,2.951238912045e+02,3.017286912583e+05,9.403410036637e+04,2.286827658162e+01,9.986396336059e+02,3.478705228916e+02,1.839927159711e+01,5.289114882217e-02,4.209753562844e-01,4.997330284637e-01,1.373967935805e+00,9.982251886497e-01
3.416833667335e-02,1.188885346790e-03,1.945337912606e-02,1.995006009900e+06,9.693572283084e-01,1.892906086620e+01,1.372652266902e+01,2.949955926612e+02,2.951235904790e+02,3.017247981793e+05,9.403271922324e+04,2.286705589751e+01,9.986396419492e+02,3.478378992639e+02,1.860543373468e+01,5.348880548686e-02,4.200762645592e-01,4.997270258778e-01,1.379013558105e+00,9.982292956789e-01
3.478957915832e-02,1.175534674595e-03,1.934384420108e-02,1.994868132781e+06,9.692499758175e-01,1.914705387720e+01,1.383432618051e+01,2.949915644825e+02,2.951232859180e+02,3.017207784353e+05,9.403131831364e+04,2.286579934821e+01,9.986396493529e+02,3.478052711332e+02,1.881513348844e+01,5.409674622566e-02,4.191850059340e-01,4.997190089930e-01,1.384025042302e+00,9.982371313928e-01
3.541082164329e-02,1.162259387429e-03,1.923430927610e-02,1.994726115226e+06,9.691432874907e-01,1.936881479750e+01,1.394437852957e+01,2.949874058075e+02,2.951229774712e+02,3.017166277652e+05,9.402989730781e+04,2.286450580183e+01,9.986396557704e+02,3.477726341294e+02,1.902845193400e+01,5.471520777255e-02,4.183014276753e-01,4.997094321924e-01,1.389005236513e+00,9.982478261055e-01
3.603206412826e-02,1.149059485290e-03,1.912477435112e-02,1.994579823840e+06,9.690371558598e-01,1.959443246447e+01,1.405669850170e+01,2.949831122126e+02,2.951226650880e+02,3.017123417164e+05,9.402845587007e+04,2.286317408189e+01,9.986396611527e+02,3.477399838542e+02,1.924547253990e+01,5.534443386863e-02,4.174253829386e-01,4.996987384663e-01,1.393956942457e+00,9.982605318686e-01
3.665330661323e-02,1.135934968179e-03,1.901523942614e-02,1.994429119793e+06,9.689315726967e-01,1.982399834109e+01,1.417130634068e+01,2.949786790761e+02,2.951223487181e+02,3.017079156360e+05,9.402699366019e+04,2.286180296524e+01,9.986396654484e+02,3.477073155201e+02,1.946628124236e+01,5.598467554023e-02,4.165567202888e-01,4.996873492075e-01,1.398882916261e+00,9.982744419097e-01
3.727454909820e-02,1.122885836096e-03,1.890570450116e-02,1.994273858572e+06,9.688265277739e-01,2.005760661943e+01,1.428822375881e+01,2.949741015705e+02,2.951220283114e+02,3.017033446625e+05,9.402551033492e+04,2.286039117994e+01,9.986396686035e+02,3.476746235967e+02,1.969096652240e+01,5.663619138693e-02,4.156952737818e-01,4.996756546403e-01,1.403785869959e+00,9.982888088831e-01
3.789579158317e-02,1.109912089040e-03,1.879616957617e-02,1.994113889718e+06,9.687220076948e-01,2.029535432899e+01,1.440747394385e+01,2.949693746528e+02,2.951217038192e+02,3.016986237165e+05,9.402400554970e+04,2.285893740288e+01,9.986396705608e+02,3.476419014700e+02,1.991961948571e+01,5.729924787974e-02,4.148408538348e-01,4.996640051106e-01,1.408668473606e+00,9.983029614953e-01
3.851703406814e-02,1.097013727012e-03,1.868663465119e-02,1.993949056546e+06,9.686179948256e-01,2.053734144981e+01,1.452908156286e+01,2.949644930554e+02,2.951213751941e+02,3.016937474915e+05,9.402247896039e+04,2.285744025739e+01,9.986396712601e+02,3.476091411273e+02,2.015233394583e+01,5.797411966923e-02,4.139932391055e-01,4.996527034522e-01,1.413533357973e+00,9.983163190917e-01
3.913827655311e-02,1.084190750011e-03,1.857709972621e-02,1.993779195857e+06,9.685144663548e-01,2.078367103049e+01,1.465307276333e+01,2.949594512760e+02,2.951210423906e+02,3.016887104434e+05,9.402093022521e+04,2.285589831064e+01,9.986396706378e+02,3.475763328724e+02,2.038920651109e+01,5.866108990389e-02,4.131521695727e-01,4.996419986232e-01,1.418383117738e+00,9.983284038332e-01
3.975951903808e-02,1.071443158039e-03,1.846756480123e-02,1.993604137621e+06,9.684113935076e-01,2.103444931109e+01,1.477947517190e+01,2.949542435672e+02,2.951207053660e+02,3.016835067804e+05,9.401935900661e+04,2.285431007085e+01,9.986396686266e+02,3.475434650814e+02,2.063033667599e+01,5.936045055878e-02,4.123173409875e-01,4.996320807739e-01,1.423220315095e+00,9.983388501475e-01
4.038076152305e-02,1.058770951094e-03,1.835802987625e-02,1.993423704654e+06,9.683087409351e-01,2.128978585089e+01,1.490831789110e+01,2.949488639253e+02,2.951203640804e+02,3.016781304515e+05,9.401776497311e+04,2.285267398446e+01,9.986396651552e+02,3.475105240047e+02,2.087582691752e+01,6.007250277473e-02,4.114884008226e-01,4.996230778713e-01,1.428047483720e+00,9.983474112122e-01
4.100200400802e-02,1.046174129176e-03,1.824849495127e-02,1.993237712263e+06,9.682064662948e-01,2.154979366109e+01,1.503963149492e+01,2.949433060784e+02,2.951200184977e+02,3.016725751345e+05,9.401614780117e+04,2.285098843299e+01,9.986396601481e+02,3.474774936196e+02,2.112578279708e+01,6.079755720871e-02,4.106649458112e-01,4.996150539639e-01,1.432867132972e+00,9.983539623097e-01
4.162324649299e-02,1.033652692287e-03,1.813896002629e-02,1.993045967882e+06,9.681045200328e-01,2.181458934257e+01,1.517344802367e+01,2.949375634741e+02,2.951196685857e+02,3.016668342236e+05,9.401450717689e+04,2.284925172979e+01,9.986396535253e+02,3.474443555394e+02,2.138031306861e+01,6.153593439565e-02,4.098465211177e-01,4.996080091214e-01,1.437681752265e+00,9.983585009806e-01
4.224448897796e-02,1.021206640425e-03,1.802942510131e-02,1.992848270682e+06,9.680028453736e-01,2.208429322870e+01,1.530980097901e+01,2.949316292659e+02,2.951193143169e+02,3.016609008162e+05,9.401284279759e+04,2.284746211663e+01,9.986396452021e+02,3.474110889788e+02,2.163952979356e+01,6.228796512275e-02,4.090326211417e-01,4.996018810415e-01,1.442493815496e+00,9.983611439935e-01
4.286573146293e-02,1.008835973590e-03,1.791989017633e-02,1.992644411154e+06,9.679013785148e-01,2.235902953344e+01,1.544872532000e+01,2.949254962994e+02,2.951189556685e+02,3.016547676980e+05,9.401115437327e+04,2.284561776004e+01,9.986396350885e+02,3.473776707774e+02,2.190354846323e+01,6.305399081702e-02,4.082226919063e-01,4.995965482638e-01,1.447305785448e+00,9.983621212426e-01
4.348697394790e-02,9.965406917838e-04,1.781035525135e-02,1.992434170677e+06,9.678000490225e-01,2.263892650491e+01,1.559025746092e+01,2.949191570971e+02,2.951185926233e+02,3.016484273287e+05,9.400944162779e+04,2.284371674749e+01,9.986396230893e+02,3.473440754803e+02,2.217248812911e+01,6.383436394719e-02,4.074161349419e-01,4.995918348924e-01,1.452120118071e+00,9.983617667646e-01
4.410821643287e-02,9.843207950048e-04,1.770082032637e-02,1.992217321054e+06,9.676987804114e-01,2.292411658461e+01,1.573443527177e+01,2.949126038422e+02,2.951182251698e+02,3.016418718250e+05,9.400770429996e+04,2.284175708328e+01,9.986396091036e+02,3.473102754715e+02,2.244647154172e+01,6.462944844129e-02,4.066123125356e-01,4.995875166849e-01,1.456939266561e+00,9.983605071485e-01
4.472945891784e-02,9.721762832536e-04,1.759128540139e-02,1.991993624023e+06,9.675974908955e-01,2.321473657276e+01,1.588129808233e+01,2.949058283617e+02,2.951178533024e+02,3.016350929439e+05,9.400594214429e+04,2.283973668435e+01,9.986395930247e+02,3.472762411577e+02,2.272562529850e+01,6.543962012126e-02,4.058105541808e-01,4.995833283310e-01,1.461765685173e+00,9.983588476769e-01
4.535070140281e-02,9.601071565300e-04,1.748175047641e-02,1.991762830744e+06,9.674960942858e-01,2.351092779994e+01,1.603088669054e+01,2.948988221083e+02,2.951174770217e+02,3.016280820640e+05,9.400415493160e+04,2.283765337571e+01,9.986395747393e+02,3.472419411944e+02,2.301008000114e+01,6.626526715637e-02,4.050101640341e-01,4.995789717183e-01,1.466601832686e+00,9.983573565926e-01
4.597194388778e-02,9.481134148341e-04,1.737221555142e-02,1.991524681251e+06,9.673945010103e-01,2.381283630564e+01,1.618324337588e+01,2.948915761406e+02,2.951170963351e+02,3.016208301662e+05,9.400234244938e+04,2.283550488572e+01,9.986395541280e+02,3.472073427500e+02,2.329997042283e+01,6.710679053698e-02,4.042104291613e-01,4.995741249562e-01,1.471450175503e+00,9.983566479260e-01
4.659318637275e-02,9.361950581659e-04,1.726268062644e-02,1.991278903879e+06,9.672926192277e-01,2.412061302415e+01,1.633841191847e+01,2.948840811027e+02,2.951167112562e+02,3.016133278124e+05,9.400050450191e+04,2.283328884106e+01,9.986395310643e+02,3.471724117987e+02,2.359543568578e+01,6.796460457077e-02,4.034106283429e-01,4.995684519196e-01,1.476313190322e+00,9.983573633451e-01
4.721442885772e-02,9.243520865253e-04,1.715314570146e-02,1.991025214655e+06,9.671903560060e-01,2.443441397844e+01,1.649643762445e+01,2.948763272021e+02,2.951163218057e+02,3.016055651232e+05,9.399864091027e+04,2.283100276152e+01,9.986395054146e+02,3.471371134337e+02,2.389661944946e+01,6.883913740333e-02,4.026100411966e-01,4.995616120632e-01,1.481193366392e+00,9.983601535028e-01
4.783567134269e-02,9.125844999125e-04,1.704361077648e-02,1.990763316653e+06,9.670876185339e-01,2.475440048258e+01,1.665736735797e+01,2.948683041857e+02,2.951159280111e+02,3.015975317545e+05,9.399675151204e+04,2.282864405438e+01,9.986394770380e+02,3.471014121935e+02,2.420367010974e+01,6.973083156527e-02,4.018079573753e-01,4.995532702589e-01,1.486093207324e+00,9.983656593541e-01
4.845691382766e-02,9.008922983273e-04,1.693407585150e-02,1.990492899321e+06,9.669843153362e-01,2.508073935356e+01,1.682124958014e+01,2.948600013152e+02,2.951155299066e+02,3.015892168713e+05,9.399483616105e+04,2.282621000862e+01,9.986394457855e+02,3.470652723910e+02,2.451674100940e+01,7.064014454833e-02,4.010036856057e-01,4.995431064169e-01,1.491015232493e+00,9.983744939014e-01
4.907815631263e-02,8.892754817698e-04,1.682454092652e-02,1.990213637759e+06,9.668803574612e-01,2.541360313323e+01,1.698813439526e+01,2.948514073402e+02,2.951151275336e+02,3.015806091213e+05,9.399289472686e+04,2.282369778875e+01,9.986394115004e+02,3.470286584370e+02,2.483599066024e+01,7.156754941249e-02,4.001965623392e-01,4.995308246617e-01,1.495961978045e+00,9.983872247991e-01
4.969939879760e-02,8.777340502400e-04,1.671500600154e-02,1.989925191965e+06,9.667756596138e-01,2.575317032122e+01,1.715807360410e+01,2.948425104690e+02,2.951147209405e+02,3.015716966054e+05,9.399092709431e+04,2.282110442830e+01,9.986393740172e+02,3.469915351515e+02,2.516158297706e+01,7.251353542695e-02,3.993859598110e-01,4.995161618572e-01,1.500935997562e+00,9.984043582118e-01
5.032064128257e-02,8.662680037379e-04,1.660547107656e-02,1.989627206035e+06,9.666701412066e-01,2.609962561981e+01,1.733112076450e+01,2.948332983392e+02,2.951143101827e+02,3.015624668469e+05,9.398893316300e+04,2.281842682300e+01,9.986393331618e+02,3.469538680522e+02,2.549368752394e+01,7.347860874721e-02,3.985712933180e-01,4.994988952928e-01,1.505939862428e+00,9.984263242754e-01
5.094188376754e-02,8.548773422634e-04,1.649593615158e-02,1.989319307312e+06,9.665637273081e-01,2.645316019167e+01,1.750733125883e+01,2.948237579842e+02,2.951138953228e+02,3.015529067590e+05,9.398691284682e+04,2.281566172357e+01,9.986392887507e+02,3.469156236154e+02,2.583247977303e+01,7.446329313109e-02,3.977520275573e-01,4.994788493773e-01,1.510976161963e+00,9.984534644561e-01
5.156312625251e-02,8.435620658166e-04,1.638640122660e-02,1.989001105495e+06,9.664563494655e-01,2.681397193163e+01,1.768676236825e+01,2.948138757992e+02,2.951134764307e+02,3.015430026089e+05,9.398486607355e+04,2.281280572807e+01,9.986392405909e+02,3.468767695029e+02,2.617814137637e+01,7.546813069636e-02,3.969276818939e-01,4.994559012106e-01,1.516047503400e+00,9.984860210468e-01
5.218436873747e-02,8.323221743975e-04,1.627686630162e-02,1.988672191690e+06,9.663479463883e-01,2.718226575348e+01,1.786947335332e+01,2.948036375042e+02,2.951130535837e+02,3.015327399812e+05,9.398279278466e+04,2.280985527388e+01,9.986391884790e+02,3.468372747479e+02,2.653086045100e+01,7.649368272279e-02,3.960978344552e-01,4.994299849387e-01,1.521156511780e+00,9.985241289788e-01
5.280561122244e-02,8.211576680061e-04,1.616733137664e-02,1.988332137402e+06,9.662384644791e-01,2.755825389305e+01,1.805552554045e+01,2.947930281045e+02,2.951126268667e+02,3.015221037374e+05,9.398069293526e+04,2.280680662915e+01,9.986391322013e+02,3.467971098985e+02,2.689083187793e+01,7.754053050153e-02,3.952621249861e-01,4.994010948318e-01,1.526305829831e+00,9.985678100665e-01
5.342685370741e-02,8.100685466424e-04,1.605779645166e-02,1.987980493477e+06,9.661278582032e-01,2.794215622878e+01,1.824498241388e+01,2.947820318491e+02,2.951121963726e+02,3.015110779736e+05,9.397856649423e+04,2.280365588382e+01,9.986390715325e+02,3.467562471131e+02,2.725825761549e+01,7.860927623489e-02,3.944202564271e-01,4.993692870528e-01,1.531498117944e+00,9.986169697385e-01
5.404809619238e-02,7.990548103063e-04,1.594826152668e-02,1.987616788964e+06,9.660160902932e-01,2.833420062100e+01,1.843790971251e+01,2.947706321856e+02,2.951117622025e+02,3.014996459750e+05,9.397641344477e+04,2.280039894003e+01,9.986390062359e+02,3.467146602070e+02,2.763334702769e+01,7.970054398967e-02,3.935719952096e-01,4.993346801223e-01,1.536736054292e+00,9.986713962534e-01
5.466933867735e-02,7.881164589980e-04,1.583872660169e-02,1.987240529922e+06,9.659031317876e-01,2.873462327145e+01,1.863437553116e+01,2.947588117129e+02,2.951113244664e+02,3.014877901675e+05,9.397423378513e+04,2.279703150203e+01,9.986389360622e+02,3.466723246495e+02,2.801631722829e+01,8.081498070725e-02,3.927171702954e-01,4.992974541091e-01,1.542022335195e+00,9.987307623394e-01
5.529058116232e-02,7.772534927173e-04,1.572919167671e-02,1.986851198143e+06,9.657889619064e-01,2.914366910421e+01,1.883445042557e+01,2.947465521306e+02,2.951108832833e+02,3.014754920665e+05,9.397202752982e+04,2.279354906534e+01,9.986388607489e+02,3.466292175102e+02,2.840739344127e+01,8.195325727393e-02,3.918556710113e-01,4.992578486100e-01,1.547359675791e+00,9.987946291464e-01
5.591182364729e-02,7.664659114643e-04,1.561965675173e-02,1.986448249796e+06,9.656735677701e-01,2.956159216975e+01,1.903820752085e+01,2.947338341841e+02,2.951104387826e+02,3.014627322211e+05,9.396979471112e+04,2.278994690541e+01,9.986387800196e+02,3.465853173567e+02,2.880680937887e+01,8.311606965515e-02,3.909874437579e-01,4.992161596007e-01,1.552750811093e+00,9.988624523542e-01
5.653306613226e-02,7.557537152390e-04,1.551012182675e-02,1.986031113985e+06,9.655569439719e-01,2.998865607342e+01,1.924572262262e+01,2.947206376076e+02,2.951099911040e+02,3.014494901561e+05,9.396753538109e+04,2.278622006534e+01,9.986386935834e+02,3.465406041056e+02,2.921480763791e+01,8.430414009727e-02,3.901124876907e-01,4.991727352663e-01,1.558198497477e+00,9.989335902390e-01
5.715430861723e-02,7.451169040413e-04,1.540058690177e-02,1.985599191208e+06,9.654390920156e-01,3.042513443026e+01,1.945707433071e+01,2.947069410620e+02,2.951095403994e+02,3.014357443089e+05,9.396524961402e+04,2.278236334296e+01,9.986386011335e+02,3.464950588284e+02,2.963164011576e+01,8.551821840101e-02,3.892308494931e-01,4.991279709343e-01,1.563705514669e+00,9.990073134670e-01
5.777555110220e-02,7.345554778714e-04,1.529105197679e-02,1.985151851725e+06,9.653200196326e-01,3.087131134746e+01,1.967234415479e+01,2.946927220693e+02,2.951090868330e+02,3.014214719629e+05,9.396293750932e+04,2.277837127697e+01,9.986385023464e+02,3.464486635168e+02,3.005756844710e+01,8.675908327076e-02,3.883426173710e-01,4.990823032474e-01,1.569274668263e+00,9.990828163617e-01
5.839679358717e-02,7.240694367291e-04,1.518151705181e-02,1.984688433803e+06,9.651997399957e-01,3.132748193665e+01,1.989161663183e+01,2.946779569420e+02,2.951086305834e+02,3.014066491760e+05,9.396059919495e+04,2.277423813217e+01,9.986383968811e+02,3.464014008111e+02,3.049286446298e+01,8.802754374426e-02,3.874479144128e-01,4.990362037229e-01,1.574908792809e+00,9.991592293655e-01
5.901803607214e-02,7.136587806145e-04,1.507198212683e-02,1.984208241848e+06,9.650782708460e-01,3.179395285751e+01,2.011497944516e+01,2.946626207088e+02,2.951081718442e+02,3.013912507041e+05,9.395823483134e+04,2.276995788363e+01,9.986382843777e+02,3.463532536955e+02,3.093781067354e+01,8.932444070740e-02,3.865468914614e-01,4.989901718502e-01,1.580610755492e+00,9.992356324128e-01
5.963927855711e-02,7.033235095276e-04,1.496244720185e-02,1.983710544412e+06,9.649556335524e-01,3.227104289485e+01,2.034252354491e+01,2.946466870336e+02,2.951077108261e+02,3.013752499206e+05,9.395584461586e+04,2.276552419979e+01,9.986381644560e+02,3.463042051659e+02,3.139270077631e+01,9.065064849926e-02,3.856397196498e-01,4.989447278813e-01,1.586383460420e+00,9.993110689197e-01
6.026052104208e-02,6.930636234683e-04,1.485291227687e-02,1.983194572056e+06,9.648318521229e-01,3.275908357118e+01,2.057434327004e+01,2.946301281310e+02,2.951072477582e+02,3.013586187285e+05,9.395342878776e+04,2.276093042438e+01,9.986380367144e+02,3.462542378741e+02,3.185784019163e+01,9.200707661292e-02,3.847265827483e-01,4.989004054631e-01,1.592229853523e+00,9.993845601037e-01
6.088176352705e-02,6.828791224368e-04,1.474337735189e-02,1.982659515065e+06,9.647069521846e-01,3.325841979687e+01,2.081053647186e+01,2.946129146744e+02,2.951067828899e+02,3.013413274687e+05,9.395098763377e+04,2.275616955694e+01,9.986379007286e+02,3.462033337549e+02,3.233354662741e+01,9.339467149760e-02,3.838076694678e-01,4.988577442586e-01,1.598152928054e+00,9.994551193502e-01
6.150300601202e-02,6.727700064329e-04,1.463384242691e-02,1.982104520997e+06,9.645809599546e-01,3.376941056015e+01,2.105120463932e+01,2.945950156988e+02,2.951063164930e+02,3.013233448205e+05,9.394852149415e+04,2.275123423203e+01,9.986377560495e+02,3.461514736390e+02,3.282015067515e+01,9.481441846865e-02,3.828831658541e-01,4.988172826922e-01,1.604155730692e+00,9.995217663598e-01
6.212424849699e-02,6.627362754567e-04,1.452430750193e-02,1.981528692067e+06,9.644539012150e-01,3.429242965946e+01,2.129645302640e+01,2.945763984966e+02,2.951058488640e+02,3.013046376962e+05,9.394603076939e+04,2.274611669681e+01,9.986376022021e+02,3.460986368582e+02,3.331799643952e+01,9.626734373174e-02,3.819532478991e-01,4.987795509443e-01,1.610241368220e+00,9.995835408276e-01
6.274549098196e-02,6.527779295082e-04,1.441477257694e-02,1.980931082330e+06,9.643258003120e-01,3.482786648056e+01,2.154639078184e+01,2.945570285071e+02,2.951053803261e+02,3.012851711286e+05,9.394351592748e+04,2.274080878693e+01,9.986374386830e+02,3.460448008468e+02,3.382744220398e+01,9.775451652851e-02,3.810180744802e-01,4.987450643059e-01,1.616413014746e+00,9.996395154302e-01
6.336673346693e-02,6.428949685873e-04,1.430523765196e-02,1.980310694660e+06,9.641966791928e-01,3.537612682110e+01,2.180113108188e+01,2.945368691981e+02,2.951049112321e+02,3.012649081513e+05,9.394097751181e+04,2.273530190066e+01,9.986372649593e+02,3.459899407424e+02,3.434886113486e+01,9.927705141124e-02,3.800777807247e-01,4.987143169892e-01,1.622673919451e+00,9.996888079205e-01
6.398797595190e-02,6.330873926942e-04,1.419570272698e-02,1.979666477516e+06,9.640665564924e-01,3.593763376562e+01,2.206079126637e+01,2.945158819392e+02,2.951044419671e+02,3.012438096702e+05,9.393841614970e+04,2.272958697089e+01,9.986370804658e+02,3.459340289919e+02,3.488264202662e+01,1.008361106546e-01,3.791324718821e-01,4.986877764726e-01,1.629027414823e+00,9.997305921616e-01
6.460921843687e-02,6.233552018287e-04,1.408616780200e-02,1.978997321457e+06,9.639354466845e-01,3.651282861378e+01,2.232549297892e+01,2.944940258682e+02,2.951039729512e+02,3.012218343280e+05,9.393583256164e+04,2.272365443503e+01,9.986368846031e+02,3.458770349630e+02,3.542919009124e+01,1.024329068134e-01,3.781822177668e-01,4.986658784431e-01,1.635476925336e+00,9.997641079600e-01
6.523046092184e-02,6.136983959909e-04,1.397663287702e-02,1.978302055397e+06,9.638033593024e-01,3.710217186538e+01,2.259536231178e+01,2.944712577474e+02,2.951035046434e+02,3.011989383588e+05,9.393322757119e+04,2.271749420248e+01,9.986366767348e+02,3.458189245663e+02,3.598892779469e+01,1.040687054354e-01,3.772270478215e-01,4.986490223801e-01,1.642025976544e+00,9.997886695875e-01
6.585170340681e-02,6.041169751808e-04,1.386709795204e-02,1.977579442586e+06,9.636702982411e-01,3.770614426536e+01,2.287052995618e+01,2.944475318114e+02,2.951030375441e+02,3.011750754343e+05,9.393060211574e+04,2.271109561941e+01,9.986364561855e+02,3.457596598889e+02,3.656229574364e+01,1.057448279403e-01,3.762669468325e-01,4.986375678117e-01,1.648678204554e+00,9.998036729133e-01
6.647294589178e-02,5.946109393984e-04,1.375756302706e-02,1.976828176271e+06,9.635362611422e-01,3.832524791284e+01,2.315113135863e+01,2.944227996046e+02,2.951025721997e+02,3.011501964994e+05,9.392795725796e+04,2.270444743077e+01,9.986362222374e+02,3.456991988401e+02,3.714975362606e+01,1.074626546741e-01,3.753018513152e-01,4.986318312567e-01,1.655437365853e+00,9.998086010920e-01
6.709418837675e-02,5.851802886436e-04,1.364802810208e-02,1.976046875031e+06,9.634012388696e-01,3.896000743813e+01,2.343730688421e+01,2.943970098091e+02,2.951021092063e+02,3.011242495981e+05,9.392529419823e+04,2.269753773904e+01,9.986359741276e+02,3.456374948118e+02,3.775178120923e+01,1.092236281535e-01,3.743316465739e-01,4.986320838558e-01,1.662307347453e+00,9.998030287798e-01
6.771543086172e-02,5.758250229166e-04,1.353849317710e-02,1.975234077748e+06,9.632652150743e-01,3.961097125234e+01,2.372920198736e+01,2.943701080607e+02,2.951016492135e+02,3.010971796883e+05,9.392261428787e+04,2.269035395959e+01,9.986357110448e+02,3.455744963528e+02,3.836887939925e+01,1.110292565111e-01,3.733561644284e-01,4.986385496799e-01,1.669292177353e+00,9.997866248789e-01
6.833667334669e-02,5.665451422172e-04,1.342895825212e-02,1.974388238176e+06,9.631281658508e-01,4.027871287470e+01,2.402696739114e+01,2.943420367535e+02,2.951011929301e+02,3.010689284450e+05,9.391991904349e+04,2.268288277220e+01,9.986354321255e+02,3.455101468558e+02,3.900157136659e+01,1.128811171583e-01,3.723751815853e-01,4.986514046942e-01,1.676396035296e+00,9.997591538310e-01
6.895791583166e-02,5.573406465455e-04,1.331942332714e-02,1.973507719084e+06,9.629900594831e-01,4.096383234310e+01,2.433075927594e+01,2.943127348322e+02,2.951007411281e+02,3.010394340504e+05,9.391721016236e+04,2.267511006845e+01,9.986351364507e+02,3.454443842578e+02,3.965040374245e+01,1.147808606808e-01,3.713884186219e-01,4.986707763410e-01,1.683623263808e+00,9.997204755162e-01
6.957915831663e-02,5.482115359014e-04,1.320988840216e-02,1.972590785928e+06,9.628508562747e-01,4.166695771438e+01,2.464073947869e+01,2.942821375705e+02,2.951002946486e+02,3.010086309716e+05,9.391448953911e+04,2.266702089448e+01,9.986348230415e+02,3.453771407509e+02,4.031594789137e+01,1.167302149868e-01,3.703955395333e-01,4.986967436889e-01,1.690978379541e+00,9.996705438459e-01
7.020040080160e-02,5.391578102851e-04,1.310035347718e-02,1.971635599996e+06,9.627105084580e-01,4.238874666162e+01,2.495707570378e+01,2.942501763343e+02,2.950998544077e+02,3.009764497226e+05,9.391175928400e+04,2.265859938884e+01,9.986344908545e+02,3.453083424990e+02,4.099880126642e+01,1.187309897285e-01,3.693961517749e-01,4.987293380824e-01,1.698466084919e+00,9.996094041752e-01
7.082164328657e-02,5.301794696964e-04,1.299081855219e-02,1.970640211003e+06,9.625689601708e-01,4.312988817690e+01,2.527994174655e+01,2.942167783295e+02,2.950994214029e+02,3.009428166109e+05,9.390902174298e+04,2.264982871474e+01,9.986341387773e+02,3.452379093590e+02,4.169958885360e+01,1.207850810215e-01,3.683898067216e-01,4.987685442118e-01,1.706091280166e+00,9.995371896918e-01
7.144288577154e-02,5.212765141354e-04,1.288128362721e-02,1.969602549053e+06,9.624261474911e-01,4.389110438928e+01,2.560951772957e+01,2.941818663306e+02,2.950989967200e+02,3.009076534659e+05,9.390627951990e+04,2.264069098634e+01,9.986337656233e+02,3.451657545983e+02,4.241896471355e+01,1.228944764897e-01,3.673760004484e-01,4.988143015242e-01,1.713859075862e+00,9.994541169471e-01
7.206412825651e-02,5.124489436021e-04,1.277174870223e-02,1.968520415923e+06,9.622819985161e-01,4.467315250939e+01,2.594599035084e+01,2.941453583908e+02,2.950985815415e+02,3.008708773477e+05,9.390353550125e+04,2.263116718838e+01,9.986333701255e+02,3.450917846057e+02,4.315761362933e+01,1.250612606691e-01,3.663541747473e-01,4.988665059127e-01,1.721774806254e+00,9.993604806751e-01
7.268537074148e-02,5.036967580965e-04,1.266221377725e-02,1.967391475590e+06,9.621364334806e-01,4.547682691346e+01,2.628955314287e+01,2.941071675283e+02,2.950981771545e+02,3.008324002335e+05,9.390079288316e+04,2.262123708851e+01,9.986329509308e+02,3.450158985881e+02,4.391625287115e+01,1.272876208049e-01,3.653237183192e-01,4.989250116550e-01,1.729844043614e+00,9.992566479898e-01
7.330661322645e-02,4.950199576186e-04,1.255267885227e-02,1.966213243937e+06,9.619893649140e-01,4.630296138175e+01,2.664040674288e+01,2.940672013886e+02,2.950977849608e+02,3.007921286801e+05,9.389805520037e+04,2.261087914160e+01,9.986325065927e+02,3.449379882547e+02,4.469563409021e+01,1.295758530870e-01,3.642839681327e-01,4.989896336151e-01,1.738072613855e+00,9.991430519827e-01
7.392785571142e-02,4.864185421683e-04,1.244314392729e-02,1.964983077537e+06,9.618406978482e-01,4.715243150772e+01,2.699875917997e+01,2.940253618788e+02,2.950974064856e+02,3.007499634577e+05,9.389532635589e+04,2.260007038525e+01,9.986320355647e+02,3.448579374846e+02,4.549654535713e+01,1.319283693714e-01,3.632342110137e-01,4.990601497498e-01,1.746466613277e+00,9.990201846991e-01
7.454909819639e-02,4.778925117457e-04,1.233360900231e-02,1.963698161458e+06,9.616903301017e-01,4.802615729630e+01,2.736482619384e+01,2.939815447705e+02,2.950970433878e+02,3.007057991530e+05,9.389261064950e+04,2.258878632587e+01,9.986315361921e+02,3.447756219873e+02,4.631981336272e+01,1.343477044453e-01,3.621736856094e-01,4.991363039737e-01,1.755032425790e+00,9.988885894670e-01
7.517034068136e-02,4.694418663508e-04,1.222407407733e-02,1.962355495986e+06,9.615381526768e-01,4.892510597122e+01,2.773883160841e+01,2.939356392648e+02,2.950966974686e+02,3.006595237350e+05,9.388991280314e+04,2.257700081458e+01,9.986310067040e+02,3.446909089602e+02,4.716630580290e+01,1.368365239025e-01,3.611015849305e-01,4.992178094413e-01,1.763776739479e+00,9.987488525559e-01
7.579158316633e-02,4.610666059836e-04,1.211453915235e-02,1.960951882188e+06,9.613840503102e-01,4.985029501472e+01,2.812100777992e+01,2.938875275153e+02,2.950963706801e+02,3.006110180778e+05,9.388723798238e+04,2.256468591247e+01,9.986304452053e+02,3.446036567528e+02,4.803693397231e+01,1.393976327035e-01,3.600170597055e-01,4.993043523943e-01,1.772706561758e+00,9.986015939857e-01
7.641282565130e-02,4.527667306441e-04,1.200500422737e-02,1.959483906177e+06,9.612279022145e-01,5.080279546689e+01,2.851159610708e+01,2.938370840967e+02,2.950960651337e+02,3.005601554274e+05,9.388459181651e+04,2.255181174429e+01,9.986298496673e+02,3.445137145426e+02,4.893265559271e+01,1.420339845038e-01,3.589192227301e-01,4.993955969843e-01,1.781829234536e+00,9.984474568052e-01
7.703406813627e-02,4.445422403322e-04,1.189546930239e-02,1.957947921848e+06,9.610695830140e-01,5.178373551884e+01,2.891084751914e+01,2.937841754067e+02,2.950957831104e+02,3.005068008036e+05,9.388198042598e+04,2.253834633880e+01,9.986292179178e+02,3.444209220145e+02,4.985447790076e+01,1.447486918308e-01,3.578071541714e-01,4.994911918586e-01,1.791152455305e+00,9.982870933940e-01
7.765531062124e-02,4.363931350481e-04,1.178593437741e-02,1.956340031741e+06,9.609089637759e-01,5.279430444437e+01,2.931902276702e+01,2.937286589922e+02,2.950955270776e+02,3.004508103221e+05,9.387941047429e+04,2.252425545254e+01,9.986285476284e+02,3.443251090005e+02,5.080346101508e+01,1.475450371963e-01,3.566799071517e-01,4.995907793338e-01,1.800684315568e+00,9.981211472338e-01
7.827655310621e-02,4.283194147916e-04,1.167639945243e-02,1.954656065633e+06,9.607459127970e-01,5.383575693460e+01,2.973639231328e+01,2.936703827950e+02,2.950952997181e+02,3.003920304377e+05,9.387688926908e+04,2.250950237246e+01,9.986278362988e+02,3.442260949637e+02,5.178072159941e+01,1.504264852578e-01,3.555365114720e-01,4.996940065200e-01,1.810433369571e+00,9.979502314624e-01
7.889779559118e-02,4.203210795628e-04,1.156686452745e-02,1.952891556588e+06,9.605802953466e-01,5.490941791201e+01,3.016323579492e+01,2.936091843362e+02,2.950951039777e+02,3.003302971275e+05,9.387442493739e+04,2.249404769308e+01,9.986270812347e+02,3.441236880652e+02,5.278743682810e+01,1.533966961847e-01,3.543759706559e-01,4.998005331507e-01,1.820408734836e+00,9.977749143210e-01
7.951903807615e-02,4.123981293616e-04,1.145732960246e-02,1.951041713477e+06,9.604119709347e-01,5.601668781069e+01,3.059984156215e+01,2.935448898357e+02,2.950949431322e+02,3.002654350085e+05,9.387202668111e+04,2.247784906605e+01,9.986262795203e+02,3.440176833065e+02,5.382484856510e+01,1.564595402416e-01,3.531972439396e-01,4.999100221371e-01,1.830620191184e+00,9.975957366619e-01
8.014028056112e-02,4.045505641882e-04,1.134779467748e-02,1.949101393498e+06,9.602407862804e-01,5.715904844385e+01,3.104650764054e+01,2.934773134119e+02,2.950948208651e+02,3.001972565534e+05,9.386970507500e+04,2.246086091513e+01,9.986254279883e+02,3.439078593009e+02,5.489426781127e+01,1.596191140350e-01,3.519992028309e-01,5.000220908340e-01,1.841078201311e+00,9.974133044121e-01
8.076152304609e-02,3.967783840424e-04,1.123825975250e-02,1.947065074220e+06,9.600665630566e-01,5.833806949091e+01,3.150354606544e+01,2.934062562976e+02,2.950947413258e+02,3.001255613190e+05,9.386747228204e+04,2.244303415926e+01,9.986245231920e+02,3.437939732086e+02,5.599707948195e+01,1.628797589421e-01,3.507805582288e-01,5.001362038678e-01,1.851793743147e+00,9.972284943443e-01
8.138276553106e-02,3.890815889243e-04,1.112872482752e-02,1.944926828845e+06,9.598890834182e-01,5.955541545300e+01,3.197129166845e+01,2.933315060544e+02,2.950947091137e+02,3.000501351661e+05,9.386534196204e+04,2.242431597228e+01,9.986235613683e+02,3.436757548382e+02,5.713474761488e+01,1.662460816934e-01,3.495397775041e-01,5.002515218113e-01,1.862777896827e+00,9.970427451000e-01
8.200400801603e-02,3.814601788339e-04,1.101918990254e-02,1.942680303365e+06,9.597080848088e-01,6.081285302418e+01,3.245011258006e+01,2.932528354510e+02,2.950947291119e+02,2.999707491153e+05,9.386332857438e+04,2.240464958714e+01,9.986225385074e+02,3.435529035259e+02,5.830882157548e+01,1.697229770934e-01,3.482750597300e-01,5.003668048101e-01,1.874041357303e+00,9.968582465116e-01
8.262525050100e-02,3.739141537712e-04,1.090965497756e-02,1.940318685675e+06,9.595232873650e-01,6.211225876665e+01,3.294041268268e+01,2.931700003265e+02,2.950948061273e+02,2.998871571344e+05,9.386144583621e+04,2.238397408302e+01,9.986214504163e+02,3.434250951967e+02,5.952094430871e+01,1.733156520627e-01,3.469845023544e-01,5.004805936718e-01,1.885594432741e+00,9.966776036855e-01
8.324649298597e-02,3.664435137361e-04,1.080012005258e-02,1.937834644994e+06,9.593344845182e-01,6.345562688705e+01,3.344260978506e+01,2.930827355883e+02,2.950949443566e+02,2.997990919922e+05,9.385970443334e+04,2.236222397443e+01,9.986202928057e+02,3.432920095136e+02,6.077286407774e+01,1.770296493759e-01,3.456666267182e-01,5.005919699234e-01,1.897448413712e+00,9.965023976660e-01
8.386773547094e-02,3.590482587288e-04,1.069058512760e-02,1.935220216743e+06,9.591417122931e-01,6.484507692668e+01,3.395707752094e+01,2.929907491101e+02,2.950951468857e+02,2.997062589858e+05,9.385810981906e+04,2.233932833121e+01,9.986190613523e+02,3.431533826167e+02,6.206645087475e+01,1.808708700508e-01,3.443213323900e-01,5.007020460513e-01,1.909618897171e+00,9.963303463174e-01
8.448897795591e-02,3.517283887491e-04,1.058105020262e-02,1.932466634787e+06,9.589454511953e-01,6.628286168764e+01,3.448406793388e+01,2.928937155240e+02,2.950954156862e+02,2.996083296732e+05,9.385666204575e+04,2.231520928871e+01,9.986177516227e+02,3.430090718455e+02,6.340371676857e+01,1.848455973116e-01,3.429509934730e-01,5.008157249565e-01,1.922130005507e+00,9.961519373587e-01
8.511022044088e-02,3.444839037971e-04,1.047151527764e-02,1.929564188351e+06,9.587466952191e-01,6.777137724362e+01,3.502369016027e+01,2.927912759706e+02,2.950957528207e+02,2.995049419490e+05,9.385536066418e+04,2.228978035556e+01,9.986163587321e+02,3.428590807639e+02,6.478683452336e+01,1.889605326451e-01,3.415607502243e-01,5.009421341493e-01,1.935015326297e+00,9.959495798504e-01
8.573146292585e-02,3.373148038728e-04,1.036198035266e-02,1.926502280517e+06,9.585465860876e-01,6.931317949901e+01,3.557607838151e+01,2.926830534597e+02,2.950961635742e+02,2.993957164180e+05,9.385421786282e+04,2.226294580081e+01,9.986148766530e+02,3.427034471157e+02,6.621814017523e+01,1.932228599757e-01,3.401563387570e-01,5.010910017182e-01,1.948308600957e+00,9.957045059212e-01
8.635270541082e-02,3.302210889761e-04,1.025244542768e-02,1.923269880902e+06,9.583452936162e-01,7.091101521082e+01,3.614185028191e+01,2.925686898022e+02,2.950966616892e+02,2.992802950243e+05,9.385328075739e+04,2.223460289076e+01,9.986132972195e+02,3.425418844064e+02,6.770009647964e+01,1.976403457842e-01,3.387378023703e-01,5.012625565899e-01,1.962019505302e+00,9.954160415014e-01
8.697394789579e-02,3.232027591072e-04,1.014291050270e-02,1.919856320655e+06,9.581401521913e-01,7.256788146499e+01,3.672270730150e+01,2.924478891292e+02,2.950972754657e+02,2.991583859656e+05,9.385265761882e+04,2.220464759545e+01,9.986116090900e+02,3.423731620156e+02,6.923520018848e+01,2.022214585421e-01,3.372893454540e-01,5.014324475732e-01,1.976103800550e+00,9.951304049328e-01
8.759519038076e-02,3.162598142659e-04,1.003337557771e-02,1.916251727233e+06,9.579239233777e-01,7.428713383551e+01,3.732151602769e+01,2.923204088224e+02,2.950980511551e+02,2.990297529902e+05,9.385253245727e+04,2.217298034592e+01,9.986097971653e+02,3.421944730811e+02,7.082586000746e+01,2.069754644771e-01,3.357703223676e-01,5.015417816743e-01,1.990463993488e+00,9.949599221684e-01
8.821643286573e-02,3.093922544523e-04,9.923840652734e-03,1.912445342337e+06,9.576852866054e-01,7.607262536408e+01,3.794072896703e+01,2.921858819680e+02,2.950990473966e+02,2.988940287398e+05,9.385314021364e+04,2.213950062826e+01,9.986078430988e+02,3.420014349821e+02,7.247434286944e+01,2.119123940905e-01,3.341188513483e-01,5.015122143366e-01,2.005038580840e+00,9.950547173157e-01
8.883767535070e-02,3.026000796664e-04,9.814305727753e-03,1.908419099984e+06,9.574143901621e-01,7.792867681591e+01,3.857842979066e+01,2.920433430919e+02,2.951003131440e+02,2.987502205791e+05,9.385466855392e+04,2.210406993747e+01,9.986057274377e+02,3.417896443370e+02,7.418289819706e+01,2.170425565144e-01,3.322827874615e-01,5.013055791476e-01,2.020006445020e+00,9.954879307202e-01
8.945891783567e-02,2.958832899081e-04,9.704770802773e-03,1.904136344676e+06,9.571147711275e-01,7.985945945512e+01,3.922387041377e+01,2.918905515277e+02,2.951018443155e+02,2.985960105644e+05,9.385706624496e+04,2.206643376073e+01,9.986034344326e+02,3.415583979387e+02,7.595413476741e+01,2.223752518626e-01,3.302832467717e-01,5.010196424866e-01,2.035991313776e+00,9.960662432721e-01
9.008016032064e-02,2.892418851776e-04,9.595235877792e-03,1.899539643941e+06,9.568172176987e-01,8.186795944992e+01,3.985926640166e+01,2.917240629155e+02,2.951035232317e+02,2.984278376495e+05,9.385978812278e+04,2.202618904578e+01,9.986009649139e+02,3.413158281819e+02,7.779214027359e+01,2.279183496645e-01,3.282848725987e-01,5.009500490923e-01,2.053925394034e+00,9.962058089925e-01
9.070140280561e-02,2.826758654747e-04,9.485700952811e-03,1.894598406428e+06,9.565820704253e-01,8.395691397461e+01,4.047800281403e+01,2.915424607697e+02,2.951050596847e+02,2.982442564138e+05,9.386159338025e+04,2.198308086015e+01,9.985983713934e+02,3.410823758167e+02,7.970601201310e+01,2.336855189960e-01,3.266039308875e-01,5.014898953718e-01,2.074136769058e+00,9.951620460762e-01
9.132264529058e-02,2.761852307995e-04,9.376166027830e-03,1.889425670273e+06,9.564734895566e-01,8.613423104323e+01,4.112181904364e+01,2.913540486369e+02,2.951059754727e+02,2.980539210193e+05,9.386058999571e+04,2.193775637752e+01,9.985958146235e+02,3.408872701140e+02,8.171595571527e+01,2.397154803931e-01,3.255771061014e-01,5.027774747883e-01,2.094611402084e+00,9.928086805434e-01
9.194388777555e-02,2.697699811520e-04,9.266631102850e-03,1.884261566118e+06,9.565073264365e-01,8.840946939663e+01,4.191181089600e+01,2.911786070120e+02,2.951057116893e+02,2.978775024893e+05,9.385466749930e+04,2.189144514220e+01,9.985935316652e+02,3.407509025705e+02,8.384636809107e+01,2.460635245822e-01,3.252921799008e-01,5.042137675120e-01,2.109416594191e+00,9.904679767398e-01
9.256513026052e-02,2.634301165322e-04,9.157096177869e-03,1.878872110483e+06,9.566064395782e-01,9.074050758364e+01,4.300501915173e+01,2.910177318292e+02,2.951039898108e+02,2.977172437552e+05,9.384244443318e+04,2.184129756491e+01,9.985914809696e+02,3.406478314993e+02,8.606559992434e+01,2.526527162834e-01,3.253127560299e-01,5.043061033616e-01,2.109998074027e+00,9.903395877106e-01
9.318637274549e-02,2.571656369400e-04,9.047561252888e-03,1.871870605652e+06,9.566230373190e-01,9.304941553165e+01,4.437223295546e+01,2.908077262073e+02,2.951016474560e+02,2.975080030056e+05,9.382612561471e+04,2.177614018763e+01,9.985888417973e+02,3.404805258877e+02,8.827932759734e+01,2.592786397024e-01,3.247456194520e-01,5.021173619546e-01,2.097018998910e+00,9.927572945420e-01
9.380761523046e-02,2.509765423756e-04,8.938026327907e-03,1.863199912100e+06,9.564799774639e-01,9.583280204206e+01,4.537790460473e+01,2.904943659641e+02,2.951022529195e+02,2.971917966802e+05,9.382056384006e+04,2.169948539434e+01,9.985847707976e+02,3.401741165442e+02,9.086111319035e+01,2.671017833850e-01,3.232202810009e-01,5.021419762105e-01,2.111882487233e+00,9.941367047874e-01
9.442885771543e-02,2.448628328388e-04,8.828491402927e-03,1.855659507490e+06,9.562438917382e-01,9.859537455777e+01,4.625094380367e+01,2.902207522194e+02,2.951042835874e+02,2.969156876910e+05,9.382201010961e+04,2.163276382686e+01,9.985808863512e+02,3.398598526933e+02,9.339566606509e+01,2.748064101275e-01,3.213129895535e-01,5.022995107326e-01,2.131748380666e+00,9.942539810162e-01
9.505010020040e-02,2.388245083297e-04,8.718956477946e-03,1.848402779944e+06,9.559568140198e-01,1.014001372913e+02,4.708733984602e+01,2.899588726976e+02,2.951070595807e+02,2.966515633171e+05,9.382683352220e+04,2.156831132991e+01,9.985769600597e+02,3.395318143052e+02,9.595341109844e+01,2.826050669060e-01,3.191753882227e-01,5.023765579710e-01,2.153447988842e+00,9.938995323449e-01
9.567134268537e-02,2.328615688482e-04,8.609421552965e-03,1.840571100658e+06,9.556382933397e-01,1.043519909118e+02,4.792744992466e+01,2.896733579877e+02,2.951103484138e+02,2.963634756009e+05,9.383326024454e+04,2.149883570318e+01,9.985726557751e+02,3.391701423259e+02,9.863401990996e+01,2.908098549995e-01,3.168414926284e-01,5.024389863117e-01,2.177290698250e+00,9.936277511323e-01
9.629258517034e-02,2.269740143945e-04,8.499886627984e-03,1.831977354921e+06,9.552931921851e-01,1.074777331584e+02,4.878688561796e+01,2.893567473664e+02,2.951141105403e+02,2.960438726554e+05,9.384094815785e+04,2.142268657584e+01,9.985678975804e+02,3.387702664674e+02,1.014625873962e+02,2.995026347921e-01,3.143243778983e-01,5.024607288305e-01,2.203004594309e+00,9.935806606477e-01
9.691382765531e-02,2.211618449684e-04,8.390351703004e-03,1.822672675976e+06,9.549203540465e-01,1.107735784232e+02,4.967160441049e+01,2.890118981753e+02,2.951183770211e+02,2.956957194957e+05,9.385007319004e+04,2.134019299587e+01,9.985627012369e+02,3.383329943723e+02,1.044348703162e+02,3.086748027930e-01,3.116262123980e-01,5.023818069997e-01,2.230118791971e+00,9.937519161310e-01
9.753507014028e-02,2.154250605700e-04,8.280816778023e-03,1.812680259853e+06,9.545233660046e-01,1.142431643629e+02,5.058433544583e+01,2.886407103389e+02,2.951231999639e+02,2.953210194654e+05,9.386088803122e+04,2.125143035298e+01,9.985570648346e+02,3.378599869162e+02,1.075537008545e+02,3.183380838795e-01,3.087704963167e-01,5.022033893696e-01,2.258469214945e+00,9.940804624945e-01
9.815631262525e-02,2.097636611993e-04,8.171281853042e-03,1.802040543765e+06,9.541236032148e-01,1.179022125014e+02,5.152699689883e+01,2.882463488104e+02,2.951286357487e+02,2.949230917920e+05,9.387366784026e+04,2.115657934941e+01,9.985509936408e+02,3.373604241870e+02,1.108361688497e+02,3.285393333162e-01,3.058672985428e-01,5.020594582616e-01,2.288163867435e+00,9.943680170381e-01
9.877755511022e-02,2.041776468563e-04,8.061746928061e-03,1.790847380352e+06,9.537696430475e-01,1.217526566424e+02,5.250149228750e+01,2.878339793377e+02,2.951347197797e+02,2.945072743415e+05,9.388864356348e+04,2.105629945415e+01,9.985445221086e+02,3.368562737518e+02,1.142934222715e+02,3.392943257329e-01,3.031561266700e-01,5.022091214358e-01,2.319032304371e+00,9.940943099140e-01
9.939879759519e-02,1.986670175410e-04,7.952212003081e-03,1.778966329118e+06,9.535288707734e-01,1.256889890939e+02,5.350676799222e+01,2.873957542514e+02,2.951414439128e+02,2.940654919987e+05,9.390564794691e+04,2.094955634161e+01,9.985375912963e+02,3.363710353222e+02,1.178463260194e+02,3.503462356875e-01,3.009378532822e-01,5.027915945517e-01,2.349029736054e+00,9.920730996803e-01
1.000200400802e-01,1.938414739778e-04,7.855040262122e-03,1.766547929866e+06,9.534447779899e-01,1.294206181418e+02,5.453360953521e+01,2.869350511784e+02,2.951487578097e+02,2.936010350729e+05,9.392460012435e+04,2.083781210679e+01,9.985302814243e+02,3.359322126952e+02,1.212480237795e+02,3.609300305163e-01,2.994175604836e-01,5.035443362656e-01,2.373226699000e+00,9.898288777530e-01
1.006412825651e-01,1.902519289923e-04,7.781970821313e-03,1.754881057443e+06,9.535013733343e-01,1.326623311560e+02,5.556868378236e+01,2.865105891150e+02,2.951565711935e+02,2.931737884510e+05,9.394634289509e+04,2.073184245443e+01,9.985231969239e+02,3.355839185013e+02,1.242453217422e+02,3.702362207852e-01,2.986177934598e-01,5.040745945884e-01,2.387357808862e+00,9.897855441118e-01
1.012625250501e-01,1.872925313407e-04,7.721208735304e-03,1.744776331428e+06,9.536564628951e-01,1.354115968887e+02,5.660618046936e+01,2.861620745085e+02,2.951647687142e+02,2.928243381165e+05,9.397115851395e+04,2.063834176620e+01,9.985167318110e+02,3.353394090224e+02,1.268295263197e+02,3.782124107915e-01,2.984062637975e-01,5.043254364285e-01,2.392169826085e+00,9.897652509147e-01
1.018837675351e-01,1.847330650463e-04,7.668269746773e-03,1.735626500509e+06,9.538790457942e-01,1.378419986965e+02,5.764758381107e+01,2.858621611345e+02,2.951732563567e+02,2.925247810509e+05,9.399808177827e+04,2.055228384610e+01,9.985106327454e+02,3.351635040774e+02,1.291485586010e+02,3.853300166333e-01,2.985895730489e-01,5.044340135781e-01,2.391114936374e+00,9.896354243009e-01
1.025050100200e-01,1.824565767345e-04,7.620874764347e-03,1.726819519677e+06,9.541484205761e-01,1.400940406053e+02,5.869461078382e+01,2.855812412319e+02,2.951819784373e+02,2.922448323028e+05,9.402630522215e+04,2.046868411832e+01,9.985046353720e+02,3.350238587984e+02,1.313224879356e+02,3.919795097776e-01,2.990233128296e-01,5.045031063184e-01,2.386829706074e+00,9.895123038756e-01
1.031262525050e-01,1.803939849739e-04,7.577677007189e-03,1.718131867392e+06,9.544504959145e-01,1.422326876150e+02,5.974721855694e+01,2.853076051693e+02,2.951909020578e+02,2.919724737634e+05,9.405547948406e+04,2.038578329718e+01,9.984986464720e+02,3.349051444703e+02,1.334056791631e+02,3.983386978846e-01,2.996260950151e-01,5.045655551649e-01,2.380574209986e+00,9.894291032977e-01
1.037474949900e-01,1.785004539368e-04,7.537802012283e-03,1.709543268877e+06,9.547754521079e-01,1.442824207298e+02,6.080450167170e+01,2.850395147838e+02,2.952000019921e+02,2.917058888469e+05,9.408547745223e+04,2.030347851503e+01,9.984926631312e+02,3.348017109016e+02,1.354174721959e+02,4.044706696130e-01,3.003527991406e-01,5.046224629608e-01,2.372890440067e+00,9.893680030742e-01
1.043687374749e-01,1.767449301775e-04,7.500643879586e-03,1.701057351627e+06,9.551163219835e-01,1.462576312253e+02,6.186561210720e+01,2.847766761347e+02,2.952092537861e+02,2.914447512691e+05,9.411620492917e+04,2.022184199127e+01,9.984866904856e+02,3.347102581956e+02,1.373688573590e+02,4.104112556917e-01,3.011729525336e-01,5.046715110589e-01,2.364118388935e+00,9.893129422962e-01
1.049899799599e-01,1.751048551691e-04,7.465762286539e-03,1.692655371459e+06,9.554680626080e-01,1.481717289581e+02,6.292997538119e+01,2.845178763056e+02,2.952186362907e+02,2.911878045520e+05,9.414755824076e+04,2.014074674183e+01,9.984807241064e+02,3.346275937630e+02,1.392703841502e+02,4.161951576798e-01,3.020625919821e-01,5.047133989429e-01,2.354549291662e+00,9.892599921583e-01
1.056112224449e-01,1.735632310167e-04,7.432825324908e-03,1.684309946364e+06,9.558269413972e-01,1.500366435620e+02,6.399718843714e+01,2.842615521317e+02,2.952281319631e+02,2.909334388482e+05,9.417943925326e+04,2.005998633826e+01,9.984747554915e+02,3.345508238224e+02,1.411316028592e+02,4.218539988833e-01,3.030026695220e-01,5.047499665966e-01,2.344425547840e+00,9.892103870855e-01
1.062324649299e-01,1.721068734183e-04,7.401575459943e-03,1.675998653492e+06,9.561901406033e-01,1.518617721787e+02,6.506692045536e+01,2.840064177660e+02,2.952377261887e+02,2.906803303529e+05,9.421176673399e+04,1.997939050438e+01,9.984687777556e+02,3.344776765671e+02,1.429600463536e+02,4.274128181613e-01,3.039784687669e-01,5.047825303225e-01,2.333932067415e+00,9.891652687366e-01
1.068537074148e-01,1.707253127544e-04,7.371808114129e-03,1.667705919619e+06,9.565555030286e-01,1.536542578933e+02,6.613888082302e+01,2.837515500611e+02,2.952474066639e+02,2.904275278497e+05,9.424447546479e+04,1.989884218899e+01,9.984627866418e+02,3.344064572597e+02,1.447614179425e+02,4.328906179885e-01,3.049786666903e-01,5.048117269859e-01,2.323206198552e+00,9.891247376465e-01
1.074749498998e-01,1.694100716263e-04,7.343357584767e-03,1.659420235246e+06,9.569213625606e-01,1.554197394926e+02,6.721281802296e+01,2.834962489947e+02,2.952571629106e+02,2.901743097231e+05,9.427751152251e+04,1.981825521671e+01,9.984567793830e+02,3.343358637432e+02,1.465402167381e+02,4.383024157130e-01,3.059943681095e-01,5.048378743229e-01,2.312352674150e+00,9.890884722439e-01
1.080961923848e-01,1.681541722970e-04,7.316087441057e-03,1.651131999329e+06,9.572864256777e-01,1.571628973033e+02,6.828852004889e+01,2.832399274218e+02,2.952669868345e+02,2.899200710875e+05,9.431082895185e+04,1.973755672818e+01,9.984507540830e+02,3.342648482257e+02,1.483001941190e+02,4.436607525625e-01,3.070184130741e-01,5.048612101230e-01,2.301454141791e+00,9.890561825451e-01
1.087174348697e-01,1.669517904850e-04,7.289883773248e-03,1.642832751358e+06,9.576496856396e-01,1.588877246407e+02,6.936581039242e+01,2.829820690484e+02,2.952768720568e+02,2.896642805091e+05,9.434438819003e+04,1.965668142962e+01,9.984447095436e+02,3.341925463413e+02,1.500445738393e+02,4.489764223708e-01,3.080449504387e-01,5.048819541165e-01,2.290576924595e+00,9.890276844810e-01
1.093386773547e-01,1.657980056355e-04,7.264650322165e-03,1.634515024108e+06,9.580103591334e-01,1.605976650449e+02,7.044454268590e+01,2.827222179221e+02,2.952868119627e+02,2.894064690758e+05,9.437815526054e+04,1.957557071762e+01,9.984386444837e+02,3.341182408919e+02,1.517761577644e+02,4.542588197496e-01,3.090691609151e-01,5.049003015331e-01,2.279774400141e+00,9.890028352277e-01
1.099599198397e-01,1.646886167187e-04,7.240304886088e-03,1.626172235033e+06,9.583678388973e-01,1.622957132897e+02,7.152459641416e+01,2.824599708317e+02,2.952968007793e+02,2.891462224849e+05,9.441210110140e+04,1.949417201303e+01,9.984325576390e+02,3.340413348476e+02,1.534974030863e+02,4.595161947739e-01,3.100870513452e-01,5.049164180835e-01,2.269089535996e+00,9.889814895673e-01
1.105811623246e-01,1.636200036952e-04,7.216776617964e-03,1.617798514127e+06,9.587216577428e-01,1.639845042114e+02,7.260587389915e+01,2.821949671279e+02,2.953068335170e+02,2.888831705254e+05,9.444620092608e+04,1.941243752254e+01,9.984264476176e+02,3.339613273125e+02,1.552104915289e+02,4.647558828980e-01,3.110952915194e-01,5.049304457018e-01,2.258556992774e+00,9.889634937432e-01
1.112024048096e-01,1.625890215326e-04,7.194003957379e-03,1.609388531377e+06,9.590714608240e-01,1.656663865994e+02,7.368829801695e+01,2.819268788018e+02,2.953169059423e+02,2.886169768503e+05,9.448043367099e+04,1.933032295024e+01,9.984203127297e+02,3.338777933407e+02,1.569173873748e+02,4.699844988334e-01,3.120910851024e-01,5.049425103813e-01,2.248204817558e+00,9.889486912836e-01
1.118236472946e-01,1.615929178927e-04,7.171933024125e-03,1.600937364716e+06,9.594169839467e-01,1.673434807867e+02,7.477181030856e+01,2.816554027562e+02,2.953270147032e+02,2.883473310031e+05,9.451478155359e+04,1.924778651385e+01,9.984141499892e+02,3.337903681629e+02,1.586198825680e+02,4.752080877618e-01,3.130720690681e-01,5.049527277267e-01,2.238055760535e+00,9.889369274688e-01
1.124448897796e-01,1.606292683332e-04,7.150516353447e-03,1.592440403293e+06,9.597580364618e-01,1.690177229182e+02,7.585636943065e+01,2.813802549851e+02,2.953371574554e+02,2.880739424169e+05,9.454922971669e+04,1.916478828901e+01,9.984079547983e+02,3.336987349333e+02,1.603196311791e+02,4.804322414082e-01,3.140362354828e-01,5.049612062750e-01,2.228128292810e+00,9.889280519069e-01
1.130661322645e-01,1.596959246801e-04,7.129711888214e-03,1.583893263006e+06,9.600944878142e-01,1.706908988790e+02,7.694194975154e+01,2.811011655462e+02,2.953473320700e+02,2.877965351724e+05,9.458376591986e+04,1.908128973769e+01,9.984017269724e+02,3.336026143500e+02,1.620181756096e+02,4.856621880057e-01,3.149818691798e-01,5.049680481136e-01,2.218437398977e+00,9.889219174473e-01
1.136873747495e-01,1.587909734428e-04,7.109482167050e-03,1.575291743149e+06,9.604262564248e-01,1.723646734615e+02,7.802854017308e+01,2.808178755342e+02,2.953575371002e+02,2.875148449834e+05,9.461838032176e+04,1.899725305409e+01,9.983954663899e+02,3.335017579472e+02,1.637169692177e+02,4.909028672754e-01,3.159074945473e-01,5.049733482458e-01,2.208995235322e+00,9.889183759725e-01
1.143086172345e-01,1.579127019869e-04,7.089793663881e-03,1.566631756035e+06,9.607533008003e-01,1.740406161513e+02,7.911614319972e+01,2.805301328956e+02,2.953677718865e+02,2.872286148495e+05,9.465306526150e+04,1.891264072173e+01,9.983891722559e+02,3.333959405914e+02,1.654173966138e+02,4.961590003778e-01,3.168118329988e-01,5.049771972775e-01,2.199811683337e+00,9.889172827942e-01
1.149298597194e-01,1.570595707706e-04,7.070616245850e-03,1.557909280395e+06,9.610756123034e-01,1.757202211960e+02,8.020477412259e+01,2.802376894536e+02,2.953780365512e+02,2.869375919828e+05,9.468781508999e+04,1.882741519752e+01,9.983828427178e+02,3.332849548025e+02,1.671207893318e+02,5.014351440821e-01,3.176937684518e-01,5.049796820162e-01,2.190894782989e+00,9.889184969419e-01
1.155511022044e-01,1.562301903729e-04,7.051922724767e-03,1.549120324812e+06,9.613932092740e-01,1.774049245235e+02,8.129446034211e+01,2.799402984772e+02,2.953883310163e+02,2.866415253066e+05,9.472262603148e+04,1.874153862987e+01,9.983764754997e+02,3.331686061928e+02,1.688284390877e+02,5.067357366498e-01,3.185523184148e-01,5.049808854868e-01,2.182251087920e+00,9.889218807866e-01
1.161723446894e-01,1.554233023427e-04,7.033688483221e-03,1.540260890006e+06,9.617061322405e-01,1.790961186604e+02,8.238524078200e+01,2.796377122325e+02,2.953986539702e+02,2.863401629221e+05,9.475749606092e+04,1.865497260262e+01,9.983700696956e+02,3.330467094200e+02,1.705416095911e+02,5.120651391155e-01,3.193866095196e-01,5.049808872215e-01,2.173885965016e+00,9.889273003038e-01
1.167935871743e-01,1.546377631265e-04,7.015891160823e-03,1.531326937417e+06,9.620144398399e-01,1.807951659167e+02,8.347716540205e+01,2.793296798503e+02,2.954090064038e+02,2.860332499144e+05,9.479242480935e+04,1.856767788662e+01,9.983636228063e+02,3.329190846243e+02,1.722615470534e+02,5.174276723962e-01,3.201958567045e-01,5.049797635504e-01,2.165803846428e+00,9.889346244204e-01
1.174148296593e-01,1.538725304966e-04,6.998510389302e-03,1.522314362596e+06,9.623182055756e-01,1.825034109799e+02,8.457029485467e+01,2.790159454529e+02,2.954193908777e+02,2.857205264379e+05,9.482741348477e+04,1.847961417785e+01,9.983571312996e+02,3.327855544336e+02,1.739894904440e+02,5.228276532019e-01,3.209793450310e-01,5.049775884099e-01,2.158008450763e+00,9.889437259426e-01
1.180360721443e-01,1.531266520243e-04,6.981527567629e-03,1.513218949472e+06,9.626175151345e-01,1.842221917530e+02,8.566470024772e+01,2.786962453557e+02,2.954298109980e+02,2.854017247529e+05,9.486246479060e+04,1.839073990159e+01,9.983505910454e+02,3.326459401123e+02,1.757266803696e+02,5.282694275789e-01,3.217364144890e-01,5.049744337430e-01,2.150502963534e+00,9.889544819865e-01
1.186573146293e-01,1.523992552429e-04,6.964925670161e-03,1.504036358798e+06,9.629124641706e-01,1.859528497322e+02,8.676046303414e+01,2.783703068643e+02,2.954402707163e+02,2.850765681094e+05,9.489758289408e+04,1.830101183532e+01,9.983439979496e+02,3.325000601804e+02,1.774743676867e+02,5.337574001953e-01,3.224664444296e-01,5.049703675476e-01,2.143290194971e+00,9.889667704541e-01
1.192785571142e-01,1.516895392119e-04,6.948689082252e-03,1.494762086690e+06,9.632031566832e-01,1.876967424802e+02,8.785767494386e+01,2.780378455544e+02,2.954507666303e+02,2.847447680118e+05,9.493277337148e+04,1.821038471007e+01,9.983373555750e+02,3.323477276461e+02,1.792338242217e+02,5.392960724934e-01,3.231688389243e-01,5.049654548242e-01,2.136372748313e+00,9.889804732055e-01
1.198997995992e-01,1.509967672560e-04,6.932803458873e-03,1.485391425198e+06,9.634897030498e-01,1.894552538114e+02,8.895643784973e+01,2.776985626606e+02,2.954612994889e+02,2.844060214682e+05,9.496804319245e+04,1.811881103739e+01,9.983306633673e+02,3.321887468500e+02,1.810063514326e+02,5.448900757448e-01,3.238430161731e-01,5.049597593565e-01,2.129753150991e+00,9.889954779193e-01
1.205210420842e-01,1.503202606923e-04,6.917255602628e-03,1.475919440467e+06,9.637722188251e-01,1.912298026790e+02,9.005686382705e+01,2.773521433361e+02,2.954718741156e+02,2.840600092150e+05,9.500340071352e+04,1.802624083456e+01,9.983239163318e+02,3.320229114496e+02,1.827932881032e+02,5.505441998118e-01,3.244883981889e-01,5.049533427781e-01,2.123433956641e+00,9.890116743344e-01
1.211422845691e-01,1.496593933971e-04,6.902033358262e-03,1.466340938421e+06,9.640508238490e-01,1.930218536832e+02,9.115907532623e+01,2.769982542124e+02,2.954824956051e+02,2.837063932332e+05,9.503885567101e+04,1.793262127933e+01,9.983171086242e+02,3.318500020316e+02,1.845960196278e+02,5.562634277466e-01,3.251044001196e-01,5.049462643700e-01,2.117417854366e+00,9.890289539669e-01
1.217635270541e-01,1.490135870887e-04,6.887125521293e-03,1.456650429969e+06,9.643256414273e-01,1.948329285840e+02,9.226320543563e+01,2.766365408720e+02,2.954931688683e+02,2.833448141655e+05,9.507441919329e+04,1.783789636818e+01,9.983102339953e+02,3.316697836722e+02,1.864159882923e+02,5.620529739801e-01,3.256904202223e-01,5.049385819217e-01,2.111707778459e+00,9.890472121302e-01
1.223847695391e-01,1.483823072280e-04,6.872521758819e-03,1.446842077357e+06,9.645967978581e-01,1.966646173217e+02,9.336939815185e+01,2.762666242699e+02,2.955038973022e+02,2.829748875932e+05,9.511010380117e+04,1.774200663309e+01,9.983032920331e+02,3.314820024051e+02,1.882547032353e+02,5.679183239796e-01,3.262458309713e-01,5.049303524588e-01,2.106307004377e+00,9.890663496483e-01
1.230060120240e-01,1.477650594544e-04,6.858212540951e-03,1.436909661803e+06,9.648644216604e-01,1.985185891889e+02,9.447780869853e+01,2.758880980736e+02,2.955146859035e+02,2.825962013916e+05,9.514592346235e+04,1.764488873211e+01,9.982962806015e+02,3.312863831141e+02,1.901137505132e+02,5.738652724754e-01,3.267699693020e-01,5.049216313073e-01,2.101219237867e+00,9.890862693331e-01
1.236272545090e-01,1.471613864904e-04,6.844189081578e-03,1.426846538163e+06,9.651286432157e-01,2.003966087070e+02,9.558860410295e+01,2.755005252439e+02,2.955255405309e+02,2.822083123250e+05,9.518189364101e+04,1.754647465028e+01,9.982891944582e+02,3.310826271307e+02,1.919948075765e+02,5.798999761493e-01,3.272621227214e-01,5.049124709180e-01,2.096448740805e+00,9.891068721111e-01
1.242484969940e-01,1.465708654618e-04,6.830443287446e-03,1.416645555734e+06,9.653895945878e-01,2.023005530331e+02,9.670196389775e+01,2.751034327133e+02,2.955364668305e+02,2.818107405649e+05,9.521803133286e+04,1.744669113648e+01,9.982820280534e+02,3.308704073211e+02,1.938996592915e+02,5.860290161981e-01,3.277215180048e-01,5.049029231781e-01,2.092000460787e+00,9.891280624518e-01
1.248697394790e-01,1.459931055896e-04,6.816967714744e-03,1.406298999668e+06,9.656474093630e-01,2.042324283986e+02,9.781808081779e+01,2.746963069244e+02,2.955474700343e+02,2.814029651783e+05,9.525435514540e+04,1.734545910716e+01,9.982747762790e+02,3.306493643615e+02,1.958302131192e+02,5.922594573782e-01,3.281473095347e-01,5.048930390177e-01,2.087880141290e+00,9.891497473022e-01
1.254909819639e-01,1.454277462195e-04,6.803755532579e-03,1.395798521957e+06,9.659022225969e-01,2.061943889542e+02,9.893716157153e+01,2.742785886651e+02,2.955585556037e+02,2.809844188525e+05,9.529088538887e+04,1.724269302412e+01,9.982674356091e+02,3.304191025641e+02,1.977885165823e+02,5.985989158841e-01,3.285385673688e-01,5.048828693606e-01,2.084094446202e+00,9.891718371791e-01
1.261122244489e-01,1.448744551643e-04,6.790800492894e-03,1.385135052132e+06,9.661541707082e-01,2.081887575532e+02,1.000594277990e+02,2.738496666670e+02,2.955697315097e+02,2.805544812171e+05,9.532764417810e+04,1.713830021178e+01,9.982599986879e+02,3.301791840699e+02,1.997767765657e+02,6.050556370731e-01,3.288942650337e-01,5.048724663654e-01,2.080651090384e+00,9.891942459177e-01
1.267334669339e-01,1.443329273422e-04,6.778096906572e-03,1.374298706314e+06,9.664033917283e-01,2.102180499951e+02,1.011851173314e+02,2.734088707248e+02,2.955810068038e+02,2.801124718655e+05,9.536465555331e+04,1.703217985953e+01,9.982524572542e+02,3.299291231591e+02,2.017973819039e+02,6.116385845894e-01,3.292132631422e-01,5.048618819111e-01,2.077558988310e+00,9.892168866961e-01
1.273547094188e-01,1.438028837004e-04,6.765639625606e-03,1.363278680118e+06,9.666500255643e-01,2.122850089106e+02,1.023144857150e+02,2.729554633539e+02,2.955923909620e+02,2.796576421703e+05,9.540194562975e+04,1.692422135897e+01,9.982448036183e+02,3.296683808287e+02,2.038529348212e+02,6.183575577032e-01,3.294942839342e-01,5.048511648971e-01,2.074828480318e+00,9.892396669098e-01
1.279759519038e-01,1.432840704241e-04,6.753424031456e-03,1.352063069848e+06,9.668942144134e-01,2.143926430613e+02,1.034478079230e+02,2.724886272965e+02,2.956038911818e+02,2.791891624238e+05,9.543954272141e+04,1.681430296484e+01,9.982370359005e+02,3.293963540447e+02,2.059462875529e+02,6.252233366400e-01,3.297358890620e-01,5.048403657816e-01,2.072471590901e+00,9.892624988088e-01
1.285971943888e-01,1.427762584395e-04,6.741446029868e-03,1.340638720791e+06,9.671361027688e-01,2.165442671968e+02,1.045853801771e+02,2.720074539776e+02,2.956155179008e+02,2.787061099671e+05,9.547747756422e+04,1.670229033862e+01,9.982291448761e+02,3.291123662088e+02,2.080805794630e+02,6.322478303078e-01,3.299364559278e-01,5.048295371219e-01,2.070502271256e+00,9.892852974271e-01
1.292184368737e-01,1.422792432287e-04,6.729702052724e-03,1.328991048024e+06,9.673758381689e-01,2.187435508415e+02,1.057275222275e+02,2.715109297734e+02,2.956272835064e+02,2.782074552004e+05,9.551578354774e+04,1.658803468325e+01,9.982211186053e+02,3.288156556644e+02,2.102592826301e+02,6.394442570114e-01,3.300941484043e-01,5.048187340103e-01,2.068936699100e+00,9.893079785281e-01
1.298396793587e-01,1.417928449910e-04,6.718189067805e-03,1.317103778339e+06,9.676135721069e-01,2.209945776735e+02,1.068745801315e+02,2.709979170757e+02,2.956392004315e+02,2.776920421428e+05,9.555449694431e+04,1.647137052778e+01,9.982129459267e+02,3.285053595109e+02,2.124862573398e+02,6.468273688325e-01,3.302068826332e-01,5.048080161945e-01,2.067793645613e+00,9.893304583829e-01
1.304609218437e-01,1.413169092008e-04,6.706904597768e-03,1.304958695716e+06,9.678494611744e-01,2.233019215116e+02,1.080269295386e+02,2.704671340438e+02,2.956512812272e+02,2.771585683026e+05,9.559365723311e+04,1.635211233589e+01,9.982046177142e+02,3.281804997506e+02,2.147658229429e+02,6.544137238688e-01,3.302722771095e-01,5.047974454283e-01,2.067094959241e+00,9.893526390467e-01
1.310821643287e-01,1.408513076356e-04,6.695846750211e-03,1.292535234079e+06,9.680836682085e-01,2.256707436530e+02,1.091849796995e+02,2.699171248263e+02,2.956635416036e+02,2.766055540738e+05,9.563330738491e+04,1.623005083533e+01,9.981961210425e+02,3.278399581835e+02,2.171028486229e+02,6.622220483000e-01,3.302875976860e-01,5.047870932931e-01,2.066866196010e+00,9.893744137427e-01
1.317034068136e-01,1.403959399830e-04,6.685014261514e-03,1.279810048610e+06,9.683163634173e-01,2.281069076336e+02,1.103491781439e+02,2.693462266565e+02,2.956759967118e+02,2.760313091793e+05,9.567349424849e+04,1.610494859212e+01,9.981874378391e+02,3.274824491472e+02,2.195028603240e+02,6.702736616743e-01,3.302496876270e-01,5.047770421272e-01,2.067137349552e+00,9.893956697678e-01
1.323246492986e-01,1.399507361814e-04,6.674406558282e-03,1.266756423010e+06,9.685477249671e-01,2.306171211570e+02,1.115200163819e+02,2.687525251990e+02,2.956886644631e+02,2.754338870089e+05,9.571426894206e+04,1.597653469921e+01,9.981785533273e+02,3.271064815570e+02,2.219721726729e+02,6.785930123315e-01,3.301548749141e-01,5.047673781493e-01,2.067943752512e+00,9.894163125337e-01
1.329458917836e-01,1.395156597192e-04,6.664023841949e-03,1.253343602529e+06,9.687779381404e-01,2.332091145846e+02,1.126980371313e+02,2.681338023766e+02,2.957015677707e+02,2.748110316155e+05,9.575568747920e+04,1.584449773630e+01,9.981694530914e+02,3.267103162836e+02,2.245180542139e+02,6.872083403053e-01,3.299988417107e-01,5.047581657906e-01,2.069327208538e+00,9.894363022840e-01
1.335671342685e-01,1.390907122244e-04,6.653867204669e-03,1.239535879992e+06,9.690071950869e-01,2.358918843955e+02,1.138838437859e+02,2.674874653223e+02,2.957147307348e+02,2.741601055575e+05,9.579781160823e+04,1.570847583689e+01,9.981601160061e+02,3.262919079022e+02,2.271489528055e+02,6.961525778127e-01,3.297764501183e-01,5.047494211605e-01,2.071337571280e+00,9.894556920739e-01
1.341883767535e-01,1.386759398426e-04,6.643938788680e-03,1.225291367820e+06,9.692357010287e-01,2.386760091517e+02,1.150781127941e+02,2.668104514183e+02,2.957281762565e+02,2.734779928932e+05,9.584070987691e+04,1.556804493954e+01,9.981505069624e+02,3.258488269500e+02,2.298747906656e+02,7.054645334074e-01,3.294815786580e-01,5.047411457911e-01,2.074034786952e+00,9.894746116109e-01
1.348096192385e-01,1.382714421689e-04,6.634242007890e-03,1.210560407916e+06,9.694636976759e-01,2.415740431724e+02,1.162816082604e+02,2.660991057728e+02,2.957419306782e+02,2.727609738334e+05,9.588445862871e+04,1.542270395912e+01,9.981406021554e+02,3.253781646741e+02,2.327073378100e+02,7.151903940545e-01,3.291070231887e-01,5.047334802505e-01,2.077491417485e+00,9.894929872579e-01
1.354308617234e-01,1.378773849478e-04,6.624781861319e-03,1.195283722496e+06,9.696915073198e-01,2.446010275633e+02,1.174951962948e+02,2.653490352579e+02,2.957560239211e+02,2.720045768547e+05,9.592914250319e+04,1.527185409414e+01,9.981303805206e+02,3.248764306221e+02,2.356607022104e+02,7.253856543523e-01,3.286444633689e-01,5.047270153040e-01,2.081795982107e+00,9.895098514710e-01
1.360521042084e-01,1.374940185382e-04,6.615565387164e-03,1.179389803139e+06,9.699195759191e-01,2.477751749393e+02,1.187198568432e+02,2.645549004219e+02,2.957705082029e+02,2.712033665164e+05,9.597485330267e+04,1.511477232582e+01,9.981197749284e+02,3.243393964581e+02,2.387519814570e+02,7.361177336590e-01,3.280843306726e-01,5.047231218143e-01,2.087057561622e+00,9.895226297306e-01
1.366733466934e-01,1.371217055689e-04,6.606602341066e-03,1.162791913306e+06,9.701484408900e-01,2.511187034805e+02,1.199566977572e+02,2.637101439485e+02,2.957854182676e+02,2.703506653475e+05,9.602168819135e+04,1.495058303354e+01,9.981087496866e+02,3.237618509678e+02,2.420020244202e+02,7.474692391854e-01,3.274150219738e-01,5.047236108607e-01,2.093411274031e+00,9.895277204589e-01
1.372945891784e-01,1.367609639865e-04,6.597906249784e-03,1.145385710337e+06,9.703784881924e-01,2.546587399168e+02,1.212069958338e+02,2.628067041798e+02,2.958007943004e+02,2.694382598769e+05,9.606975305624e+04,1.477823319907e+01,9.980972506010e+02,3.231372537278e+02,2.454361724875e+02,7.595415559674e-01,3.266205242735e-01,5.047285024709e-01,2.101023444768e+00,9.895245749936e-01
1.379158316633e-01,1.364125374562e-04,6.589496131854e-03,1.127048745886e+06,9.706094547029e-01,2.584278234788e+02,1.224722882488e+02,2.618348840208e+02,2.958167189887e+02,2.684562683870e+05,9.611918165732e+04,1.459647998515e+01,9.980851931060e+02,3.224573808141e+02,2.490845149062e+02,7.724571671373e-01,3.256761308023e-01,5.047310003686e-01,2.110092227180e+00,9.895237700975e-01
1.385370741483e-01,1.360775181558e-04,6.581399495269e-03,1.107645997341e+06,9.708400363317e-01,2.624625278966e+02,1.237544400632e+02,2.607839224357e+02,2.958332571038e+02,2.673937387443e+05,9.617018353810e+04,1.440391670064e+01,9.980725067186e+02,3.217125019810e+02,2.529804077192e+02,7.863555384433e-01,3.245453564033e-01,5.047119430623e-01,2.120833222328e+00,9.895514615189e-01
1.391583166333e-01,1.357575802051e-04,6.573658030629e-03,1.087057631648e+06,9.710687499124e-01,2.667977645868e+02,1.250554376934e+02,2.596444962270e+02,2.958505046666e+02,2.662412373785e+05,9.622312577987e+04,1.419917698618e+01,9.980591207117e+02,3.208935723348e+02,2.571555011242e+02,8.013731757016e-01,3.231892625568e-01,5.046449227447e-01,2.133435934557e+00,9.896315158439e-01
1.397795591182e-01,1.354554802843e-04,6.566339810904e-03,1.065270679139e+06,9.712977320714e-01,2.714528394653e+02,1.263766855627e+02,2.584149747510e+02,2.958686455643e+02,2.649972327343e+05,9.627862794675e+04,1.398179287813e+01,9.980449751459e+02,3.199987779166e+02,2.616285882573e+02,8.175924606985e-01,3.216094000820e-01,5.045338616005e-01,2.147966124104e+00,9.897280738602e-01
1.404008016032e-01,1.351763462352e-04,6.559570670774e-03,1.042579496129e+06,9.715395919602e-01,2.763919123476e+02,1.277179402813e+02,2.571120803601e+02,2.958878076598e+02,2.636788133268e+05,9.633759062157e+04,1.375431233616e+01,9.980301699988e+02,3.190460315024e+02,2.663726803196e+02,8.349036001647e-01,3.199366353743e-01,5.044830234956e-01,2.164080564867e+00,9.896436986184e-01
1.410220440882e-01,1.349322456563e-04,6.553645379281e-03,1.019830290567e+06,9.718213915360e-01,2.813974247536e+02,1.290755620402e+02,2.557833458840e+02,2.959080551158e+02,2.623341207503e+05,9.640098886147e+04,1.352505111521e+01,9.980150906530e+02,3.180889066754e+02,2.712003901506e+02,8.525930469729e-01,3.185125660612e-01,5.046883935698e-01,2.180098388152e+00,9.888670799824e-01
1.416432865731e-01,1.347969846281e-04,6.550359748510e-03,9.987474791348e+05,9.721695806978e-01,2.858073898215e+02,1.304383232913e+02,2.545447315444e+02,2.959291638300e+02,2.610812172425e+05,9.646957350392e+04,1.331073748601e+01,9.980005517499e+02,3.172448337580e+02,2.755126084526e+02,8.684542004636e-01,3.178256785044e-01,5.051586790238e-01,2.191130509884e+00,9.868927493516e-01
1.422645290581e-01,1.354901700968e-04,6.567180568747e-03,9.832859027464e+05,9.725617198731e-01,2.885013845899e+02,1.317847580814e+02,2.537387893547e+02,2.959506029680e+02,2.602718816360e+05,9.654478119335e+04,1.314664855910e+01,9.979884826724e+02,3.167817306151e+02,2.782617130629e+02,8.784020231300e-01,3.183032303312e-01,5.054871440390e-01,2.189186282162e+00,9.887302012817e-01
1.428857715431e-01,1.361851333298e-04,6.584001388984e-03,9.744140298661e+05,9.729562842693e-01,2.887567439667e+02,1.330880830843e+02,2.535075768877e+02,2.959716203654e+02,2.600535501203e+05,9.662435718566e+04,1.303961512144e+01,9.979794934283e+02,3.167982523272e+02,2.787475456721e+02,8.798897835590e-01,3.197640826636e-01,5.049291494120e-01,2.169666413963e+00,9.880740504639e-01
1.435070140281e-01,1.368818743273e-04,6.600822209220e-03,9.737157608575e+05,9.733414604138e-01,2.879364341645e+02,1.343570770666e+02,2.537339008620e+02,2.959917260873e+02,2.602963285680e+05,9.670773955592e+04,1.301811750760e+01,9.979744202775e+02,3.171804573110e+02,2.782416895655e+02,8.772346566507e-01,3.226193605994e-01,5.051194585819e-01,2.143068608302e+00,9.886939500609e-01
1.441282565130e-01,1.375803930891e-04,6.617643029457e-03,9.760750586485e+05,9.737141012922e-01,2.862673421665e+02,1.355871636756e+02,2.541944306832e+02,2.960109573296e+02,2.607786124900e+05,9.679031651806e+04,1.302527234570e+01,9.979709350557e+02,3.177423430544e+02,2.769335259808e+02,8.715663242069e-01,3.259088604928e-01,5.051407885437e-01,2.111315956512e+00,9.888585801394e-01
1.447494989980e-01,1.382806896154e-04,6.634463849694e-03,9.790716390582e+05,9.740746502802e-01,2.843810402591e+02,1.367889948669e+02,2.546994809249e+02,2.960290197438e+02,2.613062676225e+05,9.686860373385e+04,1.303857247578e+01,9.979680115501e+02,3.183293898791e+02,2.754077402667e+02,8.651659225411e-01,3.292581057556e-01,5.050830822326e-01,2.078976020957e+00,9.888300133815e-01
1.453707414830e-01,1.389827639061e-04,6.651284669931e-03,9.815433520376e+05,9.744238526788e-01,2.826126666997e+02,1.379679693143e+02,2.551538173330e+02,2.960458656788e+02,2.617816387183e+05,9.694131874149e+04,1.304749371545e+01,9.979651357049e+02,3.188659191179e+02,2.739771214409e+02,8.592235952930e-01,3.324918892578e-01,5.050297465606e-01,2.048393319872e+00,9.888049020766e-01
1.459919839679e-01,1.396866159612e-04,6.668105490167e-03,9.832826991884e+05,9.747621888643e-01,2.810170117699e+02,1.391256100724e+02,2.555420832998e+02,2.960615434768e+02,2.621890253680e+05,9.700846912831e+04,1.305011033032e+01,9.979622027959e+02,3.193409581794e+02,2.726941620849e+02,8.539279259372e-01,3.355767686967e-01,5.049921888515e-01,2.019879816689e+00,9.888162728539e-01
1.466132264529e-01,1.403922457807e-04,6.684926310404e-03,9.846154661441e+05,9.750899368519e-01,2.795233426818e+02,1.402614339691e+02,2.558877678420e+02,2.960761120249e+02,2.625523896162e+05,9.707060409254e+04,1.304955470248e+01,9.979593468268e+02,3.197741353935e+02,2.714942335152e+02,8.490187399964e-01,3.385638657354e-01,5.049690997794e-01,1.992873841169e+00,9.888644535236e-01
1.472344689379e-01,1.410996533646e-04,6.701747130641e-03,9.859453756642e+05,9.754073324385e-01,2.780393360054e+02,1.413741005769e+02,2.562213369047e+02,2.960896185297e+02,2.629028811726e+05,9.712829696167e+04,1.304960437052e+01,9.979567397901e+02,3.201898874567e+02,2.702919356254e+02,8.441613749026e-01,3.415160922742e-01,5.049517742926e-01,1.966692165473e+00,9.889302195234e-01
1.478557114228e-01,1.418088387129e-04,6.718567950877e-03,9.875291773545e+05,9.757146921622e-01,2.765040632443e+02,1.424623385719e+02,2.565631442571e+02,2.961020923394e+02,2.632613558608e+05,9.718190934802e+04,1.305259520072e+01,9.979544913523e+02,3.206042770950e+02,2.690307158374e+02,8.391363904282e-01,3.444733956667e-01,5.049312938301e-01,1.940892351032e+00,9.889907843042e-01
1.484769539078e-01,1.425198018256e-04,6.735388771114e-03,9.894492943273e+05,9.760124214541e-01,2.748997944717e+02,1.435254524667e+02,2.569198248929e+02,2.961135492051e+02,2.636346215668e+05,9.723158340370e+04,1.305925848156e+01,9.979526354759e+02,3.210225723995e+02,2.676942705329e+02,8.338798998837e-01,3.474494787444e-01,5.049060838060e-01,1.915338288416e+00,9.890377859351e-01
1.490981963928e-01,1.432325427028e-04,6.752209591351e-03,9.916729944572e+05,9.763008609685e-01,2.732366910332e+02,1.445632747571e+02,2.572890125983e+02,2.961240028905e+02,2.640202693644e+05,9.727734566797e+04,1.306926775447e+01,9.979511544481e+02,3.214430658448e+02,2.662923845334e+02,8.284278394171e-01,3.504393058797e-01,5.048779373020e-01,1.890083712425e+00,9.890750667690e-01
1.497194388778e-01,1.439470613443e-04,6.769030411588e-03,9.941295170953e+05,9.765800047936e-01,2.715324951614e+02,1.455758991251e+02,2.576656118964e+02,2.961334737191e+02,2.644131037424e+05,9.731921533919e+04,1.308193811169e+01,9.979500117103e+02,3.218618909791e+02,2.648418802485e+02,8.228432370261e-01,3.534281415892e-01,5.048448662166e-01,1.865229730975e+00,9.891145436403e-01
1.503406813627e-01,1.446633577503e-04,6.785851231824e-03,9.967660148613e+05,9.768493427323e-01,2.697992491229e+02,1.465634254078e+02,2.580460205663e+02,2.961419919002e+02,2.648094605596e+05,9.735727029295e+04,1.309674749501e+01,9.979491765283e+02,3.222762092884e+02,2.633541109410e+02,8.171689480972e-01,3.563987500585e-01,5.047975325663e-01,1.840836132018e+00,9.891749221265e-01
1.509619238477e-01,1.453814319206e-04,6.802672052061e-03,9.995817201626e+05,9.771084551057e-01,2.680388444416e+02,1.475257956462e+02,2.584304941836e+02,2.961495971495e+02,2.652096182884e+05,9.739167652391e+04,1.311366168625e+01,9.979486394504e+02,3.226861602441e+02,2.618309847360e+02,8.114106428919e-01,3.593429149733e-01,5.047277711442e-01,1.816894755711e+00,9.892731557564e-01
1.515831663327e-01,1.461012838554e-04,6.819492872298e-03,1.002659382467e+06,9.773590880541e-01,2.662419957242e+02,1.484627718086e+02,2.588250956386e+02,2.961563322867e+02,2.656197782000e+05,9.742269069087e+04,1.313344069822e+01,9.979484279655e+02,3.230969888326e+02,2.602646863040e+02,8.055311417305e-01,3.622886911072e-01,5.046566448203e-01,1.793324969492e+00,9.893894370763e-01
1.522044088176e-01,1.468229135546e-04,6.836313692534e-03,1.006163043154e+06,9.776081849663e-01,2.643685124846e+02,1.493736039872e+02,2.592410002906e+02,2.961622271914e+02,2.660513363166e+05,9.745059094842e+04,1.315763693154e+01,9.979486093548e+02,3.235199283560e+02,2.586197544790e+02,7.993935823156e-01,3.653342099875e-01,5.046517324144e-01,1.769847586374e+00,9.893604021896e-01
1.528256513026e-01,1.475463210182e-04,6.853134512771e-03,1.010283522081e+06,9.778676055279e-01,2.622822958063e+02,1.502551411178e+02,2.596909579137e+02,2.961672776208e+02,2.665172894060e+05,9.747553765303e+04,1.318805469728e+01,9.979492710781e+02,3.239703432471e+02,2.567706102559e+02,7.925744303702e-01,3.686392162908e-01,5.047567481572e-01,1.745579511324e+00,9.887261638325e-01
1.534468937876e-01,1.484896887886e-04,6.875008068197e-03,1.015734153594e+06,9.781409871011e-01,2.597265746934e+02,1.510995205369e+02,2.602295822069e+02,2.961714380464e+02,2.670735941144e+05,9.749800485698e+04,1.323110958429e+01,9.979507469906e+02,3.244904381610e+02,2.544736801225e+02,7.842255123591e-01,3.723630469895e-01,5.048993826518e-01,1.718910647569e+00,9.885657718738e-01
1.540681362725e-01,1.496633325400e-04,6.902124190906e-03,1.023408096331e+06,9.784173662359e-01,2.565507511634e+02,1.518982072845e+02,2.609247318303e+02,2.961746129696e+02,2.677898025872e+05,9.751842389620e+04,1.329475241886e+01,9.979534642477e+02,3.251234948978e+02,2.515810175606e+02,7.738014062616e-01,3.765330551691e-01,5.049563348650e-01,1.688964970355e+00,9.890979087734e-01
1.546893787575e-01,1.508415962177e-04,6.929240313615e-03,1.032879127140e+06,9.786870518540e-01,2.529616925395e+02,1.526508086700e+02,2.617411190921e+02,2.961766962182e+02,2.686297718939e+05,9.753594822622e+04,1.337501417044e+01,9.979572555739e+02,3.258369457686e+02,2.482845370883e+02,7.619901312991e-01,3.809719244029e-01,5.049148673965e-01,1.657126449204e+00,9.892266605600e-01
1.553106212425e-01,1.520244798217e-04,6.956356436324e-03,1.042782937453e+06,9.789480669369e-01,2.493126730606e+02,1.533628712274e+02,2.625755958329e+02,2.961776960562e+02,2.694879299771e+05,9.754934719028e+04,1.345940489355e+01,9.979615014491e+02,3.265536088254e+02,2.449187140668e+02,7.500107408024e-01,3.854330458954e-01,5.048375039800e-01,1.625639055042e+00,9.892174789992e-01
1.559318637275e-01,1.532119833520e-04,6.983472559034e-03,1.052205536130e+06,9.792003680453e-01,2.458153816427e+02,1.540391893347e+02,2.633620017488e+02,2.961777356632e+02,2.702966064427e+05,9.755828746229e+04,1.353957413916e+01,9.979657581770e+02,3.272258169308e+02,2.416854302787e+02,7.385891264497e-01,3.897647575577e-01,5.047679984718e-01,1.595797684371e+00,9.892055601024e-01
1.565531062124e-01,1.544041068087e-04,7.010588681743e-03,1.060928283334e+06,9.794442479824e-01,2.425149290587e+02,1.546821610327e+02,2.640862270712e+02,2.961769567902e+02,2.710413930747e+05,9.756315414523e+04,1.361354291659e+01,9.979698926877e+02,3.278444734469e+02,2.386288205902e+02,7.278720244427e-01,3.939320928181e-01,5.047191941895e-01,1.567827391598e+00,9.892325314347e-01
1.571743486974e-01,1.556008501916e-04,7.037704804452e-03,1.069112112157e+06,9.796800147430e-01,2.393721534993e+02,1.552924999914e+02,2.647614446288e+02,2.961754684508e+02,2.717357907286e+05,9.756455362727e+04,1.368278314511e+01,9.979739526860e+02,3.284201140356e+02,2.357127393323e+02,7.177171228517e-01,3.979611158797e-01,5.046851878923e-01,1.541427651127e+00,9.892902444007e-01
1.577955911824e-01,1.568022135009e-04,7.064820927161e-03,1.076968440621e+06,9.799079836347e-01,2.363380129573e+02,1.558704167467e+02,2.654040580500e+02,2.961733470019e+02,2.723966072186e+05,9.756300231149e+04,1.374920354272e+01,9.979780158755e+02,3.289653127785e+02,2.328913609866e+02,7.079511180664e-01,4.018856846067e-01,5.046558207843e-01,1.516246750923e+00,9.893576572859e-01
1.584168336673e-01,1.580081967365e-04,7.091937049870e-03,1.084616553120e+06,9.801284927366e-01,2.333846106762e+02,1.564163434342e+02,2.660235758836e+02,2.961706507705e+02,2.730335957016e+05,9.755885474396e+04,1.381386596318e+01,9.979821221970e+02,3.294874929540e+02,2.301388188172e+02,6.984751280053e-01,4.057252069474e-01,5.046250518982e-01,1.492073050374e+00,9.894213494998e-01
1.590380761523e-01,1.592187998985e-04,7.119053172579e-03,1.092087303266e+06,9.803418921957e-01,2.305038280184e+02,1.569310629997e+02,2.666230069771e+02,2.961674315946e+02,2.736498559823e+05,9.755235625597e+04,1.387703260985e+01,9.979862730285e+02,3.299893404378e+02,2.274480162646e+02,6.892586771526e-01,4.094854601084e-01,5.045918678663e-01,1.468822192448e+00,9.894786128052e-01
1.596593186373e-01,1.604340229867e-04,7.146169295288e-03,1.099374447304e+06,9.805485246883e-01,2.276956852377e+02,1.574155421175e+02,2.672026129579e+02,2.961637392494e+02,2.742456734201e+05,9.754370966675e+04,1.393863495837e+01,9.979904530797e+02,3.304715448387e+02,2.248195772344e+02,6.802993502637e-01,4.131666109647e-01,5.045576069653e-01,1.446462542230e+00,9.895320191311e-01
1.602805611222e-01,1.616538660013e-04,7.173285417997e-03,1.106471911662e+06,9.807487136204e-01,2.249601289926e+02,1.578707631826e+02,2.677625952890e+02,2.961596216038e+02,2.748212689949e+05,9.753310932661e+04,1.399860976157e+01,9.979946485709e+02,3.309347172321e+02,2.222540132480e+02,6.715947335683e-01,4.167689320994e-01,5.045236105934e-01,1.424963840407e+00,9.895843233160e-01
1.609018036072e-01,1.628783289422e-04,7.200401540706e-03,1.113384489483e+06,9.809427611620e-01,2.222947897880e+02,1.582976578749e+02,2.683038618957e+02,2.961551233534e+02,2.753775847054e+05,9.752074610706e+04,1.405699321870e+01,9.979988516000e+02,3.313799257334e+02,2.197495752644e+02,6.631348437235e-01,4.202943864103e-01,5.044904256463e-01,1.404283504711e+00,9.896366311223e-01
1.615230460922e-01,1.641074118094e-04,7.227517663415e-03,1.120123682877e+06,9.811309511275e-01,2.196959423950e+02,1.586971139913e+02,2.688277375425e+02,2.961502853193e+02,2.759159880455e+05,9.750680145621e+04,1.411388184691e+01,9.980030571574e+02,3.318084893429e+02,2.173031701937e+02,6.549053962546e-01,4.237459517384e-01,5.044580203830e-01,1.384372638352e+00,9.896887978909e-01
1.621442885772e-01,1.653411146030e-04,7.254633786124e-03,1.126701550747e+06,9.813135521862e-01,2.171598369303e+02,1.590700010692e+02,2.693355362153e+02,2.961451447081e+02,2.764378346753e+05,9.749144264120e+04,1.416937693172e+01,9.980072603040e+02,3.322216809055e+02,2.149116382931e+02,6.468922729768e-01,4.271266764444e-01,5.044262127260e-01,1.365184104297e+00,9.897403388066e-01
1.627655310621e-01,1.665794373228e-04,7.281749908833e-03,1.133127868765e+06,9.814908197869e-01,2.146832882122e+02,1.594171854518e+02,2.698283672736e+02,2.961397356456e+02,2.769442700481e+05,9.747482210494e+04,1.422355940155e+01,9.980114566870e+02,3.326205969556e+02,2.125723231821e+02,6.390834636451e-01,4.304392551898e-01,5.043949019251e-01,1.346675940889e+00,9.897909387760e-01
1.633867735471e-01,1.678223799690e-04,7.308866031542e-03,1.139410155282e+06,9.816629970499e-01,2.122636430367e+02,1.597395318061e+02,2.703071422508e+02,2.961340897633e+02,2.774362360058e+05,9.745707917110e+04,1.427649108736e+01,9.980156445944e+02,3.330061653036e+02,2.102830454578e+02,6.314689257062e-01,4.336860513243e-01,5.043640949203e-01,1.328810975196e+00,9.898405170854e-01
1.640080160321e-01,1.690699425415e-04,7.335982154251e-03,1.145554672392e+06,9.818303152696e-01,2.098985627399e+02,1.600378987290e+02,2.707726485640e+02,2.961282365131e+02,2.779145464455e+05,9.743834205591e+04,1.432822321263e+01,9.980198205152e+02,3.333792016592e+02,2.080418978451e+02,6.240398225496e-01,4.368692407087e-01,5.043338413363e-01,1.311555352869e+00,9.898890838706e-01
1.646292585170e-01,1.703221250403e-04,7.363098276960e-03,1.151567079071e+06,9.819929945684e-01,2.075858799409e+02,1.603131346605e+02,2.712255988137e+02,2.961222033065e+02,2.783799379100e+05,9.741872916789e+04,1.437880213650e+01,9.980239806270e+02,3.337404467400e+02,2.058471105697e+02,6.167880236884e-01,4.399909083372e-01,5.043041897121e-01,1.294877555607e+00,9.899366361422e-01
1.652505010020e-01,1.715789274655e-04,7.390214399669e-03,1.157452635592e+06,9.821512446219e-01,2.053235549101e+02,1.605660753592e+02,2.716666484821e+02,2.961160156311e+02,2.788330878868e+05,9.739834986929e+04,1.442827094535e+01,9.980281209785e+02,3.340905814169e+02,2.036970118907e+02,6.097059397089e-01,4.430530750578e-01,5.042751788871e-01,1.278748044696e+00,9.899831257100e-01
1.658717434870e-01,1.728403498169e-04,7.417330522378e-03,1.163216180154e+06,9.823052653906e-01,2.031096774990e+02,1.607975420300e+02,2.720963975620e+02,2.961096971563e+02,2.792746165155e+05,9.737730500700e+04,1.447666921958e+01,9.980322375497e+02,3.344302299191e+02,2.015900321558e+02,6.027865130631e-01,4.460576939297e-01,5.042468496756e-01,1.263139193143e+00,9.900284680206e-01
1.664929859719e-01,1.741063920947e-04,7.444446645087e-03,1.168862089606e+06,9.824552478106e-01,2.009424662468e+02,1.610083388323e+02,2.725153908520e+02,2.961032686949e+02,2.797050866821e+05,9.735568741680e+04,1.452403318775e+01,9.980363264982e+02,3.347599603056e+02,1.995247049232e+02,5.960232064226e-01,4.490066535080e-01,5.042192609121e-01,1.248025212260e+00,9.900725553964e-01
1.671142284569e-01,1.753770542988e-04,7.471562767796e-03,1.174394331844e+06,9.826013744295e-01,1.988202576685e+02,1.611992495502e+02,2.729241237101e+02,2.960967476116e+02,2.801250101295e+05,9.733358247893e+04,1.457039584970e+01,9.980403848296e+02,3.350802912679e+02,1.974996583881e+02,5.894099519872e-01,4.519017805293e-01,5.041924935188e-01,1.233382030148e+00,9.901152419006e-01
1.677354709419e-01,1.766523364293e-04,7.498678890505e-03,1.179816505151e+06,9.827438198968e-01,1.967414957356e+02,1.613710337669e+02,2.733230468236e+02,2.960901520800e+02,2.805348524233e+05,9.731106861568e+04,1.461578727064e+01,9.980444098389e+02,3.353916969452e+02,1.955136067835e+02,5.829411060687e-01,4.547448444475e-01,5.041666563773e-01,1.219187180891e+00,9.901563332145e-01
1.683567134269e-01,1.779322384860e-04,7.525795013214e-03,1.185131873348e+06,9.828827512643e-01,1.947047210166e+02,1.615244222162e+02,2.737125705064e+02,2.960834989901e+02,2.809350373812e+05,9.728821775155e+04,1.466023486244e+01,9.980483991059e+02,3.356946111495e+02,1.935653412439e+02,5.766114045772e-01,4.575375593804e-01,5.041418893964e-01,1.205419702761e+00,9.901955753007e-01
1.689779559118e-01,1.792167604691e-04,7.552911135923e-03,1.190343416202e+06,9.830183281807e-01,1.927085622280e+02,1.616601107858e+02,2.740930697028e+02,2.960768038701e+02,2.813259523339e+05,9.726509576060e+04,1.470376358041e+01,9.980523505009e+02,3.359894326407e+02,1.916537228007e+02,5.704159243770e-01,4.602815834682e-01,5.041183681755e-01,1.192060065352e+00,9.902326425452e-01
1.695991983968e-01,1.805059023785e-04,7.580027258632e-03,1.195453838280e+06,9.831507033611e-01,1.907517282375e+02,1.617787544466e+02,2.744648862728e+02,2.960700809192e+02,2.817079503378e+05,9.724176285445e+04,1.474639629589e+01,9.980562621574e+02,3.362765267666e+02,1.897776757190e+02,5.643500530465e-01,4.629785256598e-01,5.040963160539e-01,1.179090102962e+00,9.902671227557e-01
1.702204408818e-01,1.817996642142e-04,7.607143381341e-03,1.200465614116e+06,9.832800237483e-01,1.888329963294e+02,1.618809689124e+02,2.748283333630e+02,2.960633430534e+02,2.820813546435e+05,9.721827399021e+04,1.478815427176e+01,9.980601324584e+02,3.365562293136e+02,1.879361774130e+02,5.584094455665e-01,4.656299651985e-01,5.040760112835e-01,1.166492871880e+00,9.902984966538e-01
1.708416833667e-01,1.830980459763e-04,7.634259504050e-03,1.205381038280e+06,9.834064320910e-01,1.869512028998e+02,1.619673561628e+02,2.751836998155e+02,2.960566018131e+02,2.824464633283e+05,9.719467925882e+04,1.482905740970e+01,9.980639600710e+02,3.368288513028e+02,1.861282513675e+02,5.525899893896e-01,4.682374745790e-01,5.040577630680e-01,1.154252358801e+00,9.903261722442e-01
1.714629258517e-01,1.844010476646e-04,7.661375626759e-03,1.210202260511e+06,9.835300677273e-01,1.851052355613e+02,1.620385642287e+02,2.755312535353e+02,2.960498671281e+02,2.828035527659e+05,9.717102422943e+04,1.486912455673e+01,9.980677437762e+02,3.370946822413e+02,1.843529623120e+02,5.468877796772e-01,4.708026326027e-01,5.040418259870e-01,1.142352972840e+00,9.903496477070e-01
1.720841683367e-01,1.857086692793e-04,7.688491749468e-03,1.214931317425e+06,9.836510657036e-01,1.832940255108e+02,1.620953620302e+02,2.758712445224e+02,2.960431485368e+02,2.831528807471e+05,9.714735026460e+04,1.490837375200e+01,9.980714819875e+02,3.373539926325e+02,1.826094118368e+02,5.412990977573e-01,4.733270113412e-01,5.040282648834e-01,1.130778963785e+00,9.903687646025e-01
1.727054108216e-01,1.870209108203e-04,7.715607872177e-03,1.219570138413e+06,9.837695552011e-01,1.815165445261e+02,1.621386794622e+02,2.762039061201e+02,2.960364546269e+02,2.834946878000e+05,9.712369481272e+04,1.494682221893e+01,9.980751732604e+02,3.376070350039e+02,1.808967371724e+02,5.358204018775e-01,4.758121472188e-01,5.040168632681e-01,1.119514141402e+00,9.903838806168e-01
1.733266533066e-01,1.883377722876e-04,7.742723994886e-03,1.224120530914e+06,9.838856591735e-01,1.797718097653e+02,1.621695765274e+02,2.765294548347e+02,2.960297930273e+02,2.838291970882e+05,9.710009173471e+04,1.498448606936e+01,9.980788163293e+02,3.378540444948e+02,1.792141152565e+02,5.304483346484e-01,4.782595254971e-01,5.040071650135e-01,1.108542142212e+00,9.903958046028e-01
1.739478957916e-01,1.896592536813e-04,7.769840117595e-03,1.228584123452e+06,9.839994956390e-01,1.780588891034e+02,1.621891611272e+02,2.768480874748e+02,2.960231705206e+02,2.841566113277e+05,9.707657166813e+04,1.502138019053e+01,9.980824100684e+02,3.380952362649e+02,1.775607658219e+02,5.251797327391e-01,4.806705940244e-01,5.039986253199e-01,1.097847031613e+00,9.904055353571e-01
1.745691382766e-01,1.909853550013e-04,7.796956240304e-03,1.232962361977e+06,9.841111793243e-01,1.763769020703e+02,1.621985097581e+02,2.771599811670e+02,2.960165931582e+02,2.844771128765e+05,9.705316241576e+04,1.505751807252e+01,9.980859534739e+02,3.383308067345e+02,1.759359504129e+02,5.200116185427e-01,4.830467826825e-01,5.039907568157e-01,1.087413826017e+00,9.904139834252e-01
1.751903807615e-01,1.923160762475e-04,7.824072363013e-03,1.237256506779e+06,9.842208224420e-01,1.747250189525e+02,1.621986260296e+02,2.774652931189e+02,2.960100662947e+02,2.847908634970e+05,9.702988897401e+04,1.509291177162e+01,9.980894456632e+02,3.385609341689e+02,1.743389708221e+02,5.149411914581e-01,4.853895124534e-01,5.039832043496e-01,1.077228724000e+00,9.904218311107e-01
1.758116232465e-01,1.936514174202e-04,7.851188485722e-03,1.241467640930e+06,9.843285344841e-01,1.731024569044e+02,1.621904353074e+02,2.777641617144e+02,2.960035944447e+02,2.850980054869e+05,9.700677281451e+04,1.512757198225e+01,9.980928859192e+02,3.387857797793e+02,1.727691657184e+02,5.099658132964e-01,4.877001909416e-01,5.039757462577e-01,1.067279069671e+00,9.904295257033e-01
1.764328657315e-01,1.949913785191e-04,7.878304608431e-03,1.245596682648e+06,9.844344218753e-01,1.715084747407e+02,1.621747984607e+02,2.780567102263e+02,2.959971820404e+02,2.853986655845e+05,9.698383079161e+04,1.516150800910e+01,9.980962742856e+02,3.390054904095e+02,1.712259065394e+02,5.050829894601e-01,4.899802037763e-01,5.039682599673e-01,1.057553185628e+00,9.904373272311e-01
1.770541082164e-01,1.963359595443e-04,7.905420731140e-03,1.249644390940e+06,9.845385893921e-01,1.699423680919e+02,1.621525322953e+02,2.783430520652e+02,2.959908334725e+02,2.856929605216e+05,9.696107647095e+04,1.519472756928e+01,9.980996111126e+02,3.392202025402e+02,1.697085939116e+02,5.002903501642e-01,4.922309323303e-01,5.039607038368e-01,1.048040173572e+00,9.904453154576e-01
1.776753507014e-01,1.976851604959e-04,7.932536853849e-03,1.253611375506e+06,9.846411454563e-01,1.684034670093e+02,1.621244425320e+02,2.786232897196e+02,2.959845533531e+02,2.859809958959e+05,9.693852981709e+04,1.522723691803e+01,9.981028954936e+02,3.394300434160e+02,1.682166567791e+02,4.955856443530e-01,4.944538421363e-01,5.039531536345e-01,1.038729659633e+00,9.904533274665e-01
1.782965931864e-01,1.990389813738e-04,7.959652976558e-03,1.257498110184e+06,9.847422107748e-01,1.668911369505e+02,1.620913869510e+02,2.788974915388e+02,2.959783530291e+02,2.862628414469e+05,9.691623918043e+04,1.525904233241e+01,9.981061248411e+02,3.396351189283e+02,1.667495555519e+02,4.909667647976e-01,4.966506524584e-01,5.039458784765e-01,1.029611382133e+00,9.904609283492e-01
1.789178356713e-01,2.003974221780e-04,7.986769099267e-03,1.261304889918e+06,9.848419223081e-01,1.654047690919e+02,1.620543705002e+02,2.791656449691e+02,2.959722553943e+02,2.865384812936e+05,9.689430122657e+04,1.529015250897e+01,9.981092937454e+02,3.398354847406e+02,1.653067755034e+02,4.864317675052e-01,4.988234480988e-01,5.039392935587e-01,1.020674533993e+00,9.904676137554e-01
1.795390781563e-01,2.017604829086e-04,8.013885221977e-03,1.265031638420e+06,9.849404180528e-01,1.639437355509e+02,1.620145850847e+02,2.794276479576e+02,2.959662866204e+02,2.868078053278e+05,9.687282611420e+04,1.532057660546e+01,9.981123958560e+02,3.400311374954e+02,1.638877841584e+02,4.819787545504e-01,5.009743980629e-01,5.039335507635e-01,1.011907264183e+00,9.904732064064e-01
1.801603206413e-01,2.031281635654e-04,8.041001344686e-03,1.268677864739e+06,9.850377968163e-01,1.625073632644e+02,1.619731692251e+02,2.796834791273e+02,2.959604380570e+02,2.870707903511e+05,9.685177814165e+04,1.535031405600e+01,9.981154328926e+02,3.402221114867e+02,1.624919989100e+02,4.776056388573e-01,5.031049048774e-01,5.039280173995e-01,1.003298040298e+00,9.904780176245e-01
1.807815631263e-01,2.045004641486e-04,8.068117467395e-03,1.272244154707e+06,9.851340784356e-01,1.610951586211e+02,1.619305289360e+02,2.799335718573e+02,2.959546164828e+02,2.873278943049e+05,9.683076915360e+04,1.537935132672e+01,9.981184270957e+02,3.404087063668e+02,1.611189868273e+02,4.733104171950e-01,5.052148496768e-01,5.039219153895e-01,9.948411808421e-01,9.904827163115e-01
1.814028056112e-01,2.058773846581e-04,8.095233590104e-03,1.275732171494e+06,9.852292110913e-01,1.597068711431e+02,1.618858696559e+02,2.801782175235e+02,2.959487968792e+02,2.875794214397e+05,9.680969691385e+04,1.540769582209e+01,9.981213850456e+02,3.405911184549e+02,1.597685157242e+02,4.690918437598e-01,5.073032364980e-01,5.039158011238e-01,9.865399091510e-01,9.904880567509e-01
1.820240480962e-01,2.072589250939e-04,8.122349712813e-03,1.279146854925e+06,9.853231249618e-01,1.583416262912e+02,1.618382039213e+02,2.804177097959e+02,2.959430026905e+02,2.878256703447e+05,9.678866460202e+04,1.543539426713e+01,9.981243033513e+02,3.407695488111e+02,1.584397418628e+02,4.649468898134e-01,5.093693743316e-01,5.039098404335e-01,9.783946092737e-01,9.904941295640e-01
1.826452905812e-01,2.086450854561e-04,8.149465835522e-03,1.282494677667e+06,9.854157535987e-01,1.569982802087e+02,1.617866131132e+02,2.806524430626e+02,2.959372494015e+02,2.880670430928e+05,9.676774335520e+04,1.546250580461e+01,9.981271812259e+02,3.409442646410e+02,1.571315615611e+02,4.608716962186e-01,5.114127956464e-01,5.039038458010e-01,9.704034047545e-01,9.905006351229e-01
1.832665330661e-01,2.100358657446e-04,8.176581958231e-03,1.285781368381e+06,9.855070388120e-01,1.556758315244e+02,1.617302787717e+02,2.808827806599e+02,2.959315465222e+02,2.883039107602e+05,9.674697633295e+04,1.548908190646e+01,9.981300190105e+02,3.411155128223e+02,1.558430119906e+02,4.568628694170e-01,5.134330186585e-01,5.038976331055e-01,9.625645408312e-01,9.905074440734e-01
1.838877755511e-01,2.114312659593e-04,8.203698080940e-03,1.289011570519e+06,9.855969304802e-01,1.543734758113e+02,1.616684663248e+02,2.811090279109e+02,2.959259002838e+02,2.885365855979e+05,9.672639212375e+04,1.551516378566e+01,9.981328173987e+02,3.412835026509e+02,1.545733236496e+02,4.529176548205e-01,5.154295086845e-01,5.038911056452e-01,9.548768496455e-01,9.905146588184e-01
1.845090180361e-01,2.128312861005e-04,8.230814203649e-03,1.292189272687e+06,9.856853853259e-01,1.530905187096e+02,1.616005043366e+02,2.813314546586e+02,2.959203149221e+02,2.887653438137e+05,9.670601246713e+04,1.554078657222e+01,9.981355772545e+02,3.414484201314e+02,1.533218353199e+02,4.490336644726e-01,5.174017299873e-01,5.038842093441e-01,9.473393622010e-01,9.905224626934e-01
1.851302605210e-01,2.142359261679e-04,8.257930326358e-03,1.295318148446e+06,9.857723658179e-01,1.518263136838e+02,1.615257688513e+02,2.815503135460e+02,2.959147939747e+02,2.889904441925e+05,9.668585589997e+04,1.556598234102e+01,9.981382994546e+02,3.416104401885e+02,1.520879330564e+02,4.452086797245e-01,5.193491798826e-01,5.038768959904e-01,9.399510354510e-01,9.905310102678e-01
1.857515030060e-01,2.156451861616e-04,8.285046449067e-03,1.298401644248e+06,9.858578393687e-01,1.505802475699e+02,1.614436729600e+02,2.817658436178e+02,2.959093406428e+02,2.892121317093e+05,9.666593932748e+04,1.559078097225e+01,9.981409848436e+02,3.417697290362e+02,1.508710357826e+02,4.414406044914e-01,5.212713921047e-01,5.038691220128e-01,9.327107393502e-01,9.905404026358e-01
1.863727454910e-01,2.170590660817e-04,8.312162571776e-03,1.301442970612e+06,9.859417777443e-01,1.493517434154e+02,1.613536599620e+02,2.819782687120e+02,2.959039579617e+02,2.894306358305e+05,9.664627870858e+04,1.561521016082e+01,9.981436341898e+02,3.419264430624e+02,1.496705978243e+02,4.377274728558e-01,5.231679297359e-01,5.038608590814e-01,9.256173268744e-01,9.905506951055e-01
1.869939879760e-01,2.184775659281e-04,8.339278694485e-03,1.304445099375e+06,9.860241566103e-01,1.481402615261e+02,1.612551990920e+02,2.821877967839e+02,2.958986488855e+02,2.896461697919e+05,9.662688938701e+04,1.563929544498e+01,9.981462481654e+02,3.420807283407e+02,1.484861097844e+02,4.340674509924e-01,5.250383804711e-01,5.038521003327e-01,9.186696761424e-01,9.905619037047e-01
1.876152304609e-01,2.199006857008e-04,8.366394817194e-03,1.307410780632e+06,9.861049551669e-01,1.469452965543e+02,1.611477833295e+02,2.823946207407e+02,2.958934163280e+02,2.898589314365e+05,9.660778626141e+04,1.566306038355e+01,9.981488273443e+02,3.422327211441e+02,1.473170956296e+02,4.304588267805e-01,5.268823555555e-01,5.038428604442e-01,9.118666947707e-01,9.905740068708e-01
1.882364729459e-01,2.213284253999e-04,8.393510939903e-03,1.310342564273e+06,9.861841558483e-01,1.457663736699e+02,1.610309289206e+02,2.825989196829e+02,2.958882631808e+02,2.900691044741e+05,9.658898386378e+04,1.568652676268e+01,9.981513722089e+02,3.423825487315e+02,1.461631089315e+02,4.268999967231e-01,5.286994900730e-01,5.038331726366e-01,9.052073079808e-01,9.905869478110e-01
1.888577154309e-01,2.227607850252e-04,8.420627062612e-03,1.313242817077e+06,9.862617440688e-01,1.446030455544e+02,1.609041761642e+02,2.828008599232e+02,2.958831923179e+02,2.902768595166e+05,9.657049638185e+04,1.570971475967e+01,9.981538831571e+02,3.425303299911e+02,1.450237299432e+02,4.233894556052e-01,5.304894431538e-01,5.038230847678e-01,8.986904442233e-01,9.906006402389e-01
1.894789579158e-01,2.241977645769e-04,8.447743185321e-03,1.316113734714e+06,9.863377080027e-01,1.434548901886e+02,1.607670909541e+02,2.830005957237e+02,2.958782065954e+02,2.904823548268e+05,9.655233764863e+04,1.573264305990e+01,9.981563605094e+02,3.426761759025e+02,1.438985634674e+02,4.199257887957e-01,5.322518978481e-01,5.038126550681e-01,8.923150212969e-01,9.906149763052e-01
1.901002004008e-01,2.256393640549e-04,8.474859308030e-03,1.318957350459e+06,9.864120383910e-01,1.423215089260e+02,1.606192665996e+02,2.831982698517e+02,2.958733088498e+02,2.906857368851e+05,9.653452111412e+04,1.575532893807e+01,9.981588045118e+02,3.428201898962e+02,1.427872370107e+02,4.165076655897e-01,5.339865607285e-01,5.038019474917e-01,8.860799326202e-01,9.906298342744e-01
1.907214428858e-01,2.270855834592e-04,8.501975430739e-03,1.321775549040e+06,9.864847283672e-01,1.412025253294e+02,1.604603255702e+02,2.833940144353e+02,2.958685018646e+02,2.908871412931e+05,9.651705981393e+04,1.577778831757e+01,9.981612153455e+02,3.429624686145e+02,1.416893996788e+02,4.131338342973e-01,5.356931613626e-01,5.037910282359e-01,8.799840385945e-01,9.906450872252e-01
1.913426853707e-01,2.285364227899e-04,8.529091553448e-03,1.324570067749e+06,9.865557732992e-01,1.400975835386e+02,1.602899208726e+02,2.835879511369e+02,2.958637883501e+02,2.910866928897e+05,9.649996632261e+04,1.580003591604e+01,9.981635931453e+02,3.431031016034e+02,1.406047206055e+02,4.098031173382e-01,5.373714532533e-01,5.037799633622e-01,8.740261569533e-01,9.906606113009e-01
1.919639278557e-01,2.299918820468e-04,8.556207676157e-03,1.327342508738e+06,9.866251706448e-01,1.390063462086e+02,1.601077369114e+02,2.837801919540e+02,2.958591707951e+02,2.912845065821e+05,9.648325271786e+04,1.582208533187e+01,9.981659380479e+02,3.432421719042e+02,1.395328869502e+02,4.065144040317e-01,5.390212139757e-01,5.037688154864e-01,8.682050529854e-01,9.906762884381e-01
1.925851703407e-01,2.314519612301e-04,8.583323798866e-03,1.330094346469e+06,9.866929198213e-01,1.379284934373e+02,1.599134898716e+02,2.839708397118e+02,2.958546515223e+02,2.914806878617e+05,9.646693054015e+04,1.584394908651e+01,9.981682501904e+02,3.433797564566e+02,1.384736028492e+02,4.032666464620e-01,5.406422447331e-01,5.037576422297e-01,8.625194381537e-01,9.906920092849e-01
1.932064128257e-01,2.329166603397e-04,8.610439921575e-03,1.332826932751e+06,9.867590220841e-01,1.368637219218e+02,1.597069276576e+02,2.841599884267e+02,2.958502328124e+02,2.916753331755e+05,9.645101075254e+04,1.586563866990e+01,9.981705296747e+02,3.435159263296e+02,1.374265885805e+02,4.000588562191e-01,5.422343700388e-01,5.037464957918e-01,8.569679720797e-01,9.907076754111e-01
1.938276553106e-01,2.343859793757e-04,8.637556044284e-03,1.335541502551e+06,9.868234804144e-01,1.358117439491e+02,1.594878294683e+02,2.843477237239e+02,2.958459168353e+02,2.918685303522e+05,9.643550370476e+04,1.588716459457e+01,9.981727765823e+02,3.436507469839e+02,1.363915795600e+02,3.968901006531e-01,5.437974375758e-01,5.037354228726e-01,8.515492649305e-01,9.907231998927e-01
1.944488977956e-01,2.358599183379e-04,8.664672166993e-03,1.338239180133e+06,9.868862994151e-01,1.347722863447e+02,1.592560051140e+02,2.845341232746e+02,2.958417056406e+02,2.920603590492e+05,9.642041910116e+04,1.590853645153e+01,9.981749909752e+02,3.437842785525e+02,1.353683252930e+02,3.937594990176e-01,5.453313181135e-01,5.037244648701e-01,8.462618803495e-01,9.907385068212e-01
1.950701402806e-01,2.373384772265e-04,8.691788289702e-03,1.340920984895e+06,9.869474852116e-01,1.337450894946e+02,1.590112941716e+02,2.847192572136e+02,2.958376011483e+02,2.922508911795e+05,9.640576597233e+04,1.592976296295e+01,9.981771728985e+02,3.439165761083e+02,1.343565883946e+02,3.906662188692e-01,5.468359053929e-01,5.037136583232e-01,8.411043391060e-01,9.907535303219e-01
1.956913827655e-01,2.388216560414e-04,8.718904412411e-03,1.343587836831e+06,9.870070453595e-01,1.327299064538e+02,1.587535650530e+02,2.849031885318e+02,2.958336051410e+02,2.924401913139e+05,9.639155265048e+04,1.595085203134e+01,9.981793223823e+02,3.440476899179e+02,1.333561436966e+02,3.876094727693e-01,5.483111159624e-01,5.037030355007e-01,8.360751231601e-01,9.907682133900e-01
1.963126252505e-01,2.403094547826e-04,8.746020535120e-03,1.346240561777e+06,9.870649887568e-01,1.317265021350e+02,1.584827140413e+02,2.850859734554e+02,2.958297192566e+02,2.926283170690e+05,9.637778674887e+04,1.597181078626e+01,9.981814394448e+02,3.441776656867e+02,1.323667774312e+02,3.845885152573e-01,5.497568889770e-01,5.036926250557e-01,8.311726798213e-01,9.907825067450e-01
1.969338677355e-01,2.418018734502e-04,8.773136657829e-03,1.348879896410e+06,9.871213255605e-01,1.307346525526e+02,1.581986643238e+02,2.852676618088e+02,2.958259449829e+02,2.928153194794e+05,9.636447514533e+04,1.599264562864e+01,9.981835240949e+02,3.443065447944e+02,1.313882864737e+02,3.816026400317e-01,5.511731859546e-01,5.036824526549e-01,8.263954257221e-01,9.907963677378e-01
1.975551102204e-01,2.432989120440e-04,8.800252780538e-03,1.351506492403e+06,9.871760671078e-01,1.297541440365e+02,1.579013650413e+02,2.854482973260e+02,2.958222836524e+02,2.930012433167e+05,9.635162396941e+04,1.601336226746e+01,9.981855763346e+02,3.444343644972e+02,1.304204775570e+02,3.786511771187e-01,5.525599904160e-01,5.036725413195e-01,8.217417500008e-01,9.908097588744e-01
1.981763527054e-01,2.448005705642e-04,8.827368903247e-03,1.354120921712e+06,9.872292258415e-01,1.287847725619e+02,1.575907903660e+02,2.856279180190e+02,2.958187364383e+02,2.931861274777e+05,9.633923859468e+04,1.603396574233e+01,9.981875961623e+02,3.445611582415e+02,1.294631666009e+02,3.757334902796e-01,5.539173073094e-01,5.036629116326e-01,8.172100175576e-01,9.908226463527e-01
1.987975951904e-01,2.463068490107e-04,8.854485025956e-03,1.356723682891e+06,9.872808152389e-01,1.278263434539e+02,1.572669386234e+02,2.858065566047e+02,2.958153043521e+02,2.933700054309e+05,9.632732363591e+04,1.605446045922e+01,9.981895835767e+02,3.446869560020e+02,1.285161784123e+02,3.728489754965e-01,5.552451626243e-01,5.036535827213e-01,8.127985740220e-01,9.908350005876e-01
1.994188376754e-01,2.478177473835e-04,8.881601148665e-03,1.359315200619e+06,9.873308497420e-01,1.268786704047e+02,1.569298314071e+02,2.859842405817e+02,2.958119882416e+02,2.935529052489e+05,9.631588294423e+04,1.607485029219e+01,9.981915385768e+02,3.448117840005e+02,1.275793457137e+02,3.699970582024e-01,5.565436039736e-01,5.036445728234e-01,8.085057459569e-01,9.908467961502e-01
2.000400801603e-01,2.493332656827e-04,8.908717271374e-03,1.361895834870e+06,9.873793446919e-01,1.259415745431e+02,1.565795127027e+02,2.861609928162e+02,2.958087887901e+02,2.937348502351e+05,9.630491961563e+04,1.609513860171e+01,9.981934611668e+02,3.449356652753e+02,1.266525082251e+02,3.671771897638e-01,5.578126999066e-01,5.036358985511e-01,8.043298409176e-01,9.908580091883e-01
2.006613226453e-01,2.508534039081e-04,8.935833394083e-03,1.364465883500e+06,9.874263162668e-01,1.250148842208e+02,1.562160480474e+02,2.863368317411e+02,2.958057065165e+02,2.939158591300e+05,9.629443599572e+04,1.611532825315e+01,9.981953513583e+02,3.450586198254e+02,1.257355124485e+02,3.643888464869e-01,5.590525392234e-01,5.036275754242e-01,8.002691514950e-01,9.908686177279e-01
2.012825651303e-01,2.523781620599e-04,8.962949516792e-03,1.367025585419e+06,9.874717814227e-01,1.240984346524e+02,1.558395236932e+02,2.865117715997e+02,2.958027417764e+02,2.940959463616e+05,9.628443368926e+04,1.613542164360e+01,9.981972091715e+02,3.451806647709e+02,1.248282113109e+02,3.616315282136e-01,5.602632304064e-01,5.036196181790e-01,7.963219580720e-01,9.908786017001e-01
2.019038076152e-01,2.539075401380e-04,8.990065639501e-03,1.369575124457e+06,9.875157578354e-01,1.231920674364e+02,1.554500457674e+02,2.866858227307e+02,2.957998946966e+02,2.942751223378e+05,9.627491357363e+04,1.615542073489e+01,9.981990345900e+02,3.453018145406e+02,1.239304636918e+02,3.589047565725e-01,5.614449011400e-01,5.036120408720e-01,7.924865305005e-01,9.908879426759e-01
2.025250501002e-01,2.554415381425e-04,9.017181762210e-03,1.372114633143e+06,9.875582638467e-01,1.222956300758e+02,1.550477394309e+02,2.868589918447e+02,2.957971651577e+02,2.944533937314e+05,9.626587581490e+04,1.617532708676e+01,9.982008275724e+02,3.454220810544e+02,1.230421339518e+02,3.562080732540e-01,5.625976978293e-01,5.036048569210e-01,7.887611294737e-01,9.908966235662e-01
2.031462925852e-01,2.569801560732e-04,9.044297884919e-03,1.374644196456e+06,9.875993184125e-01,1.214089755591e+02,1.546327480330e+02,2.870312822975e+02,2.957945530350e+02,2.946307637603e+05,9.625731988643e+04,1.619514188522e+01,9.982025882171e+02,3.455414739059e+02,1.221630915203e+02,3.535410384734e-01,5.637217850177e-01,5.035980791080e-01,7.851440080027e-01,9.909046284265e-01
2.037675350701e-01,2.585233939303e-04,9.071414007629e-03,1.377163855148e+06,9.876389410520e-01,1.205319619954e+02,1.542052322620e+02,2.872026943352e+02,2.957920580605e+02,2.948072324403e+05,9.624924458989e+04,1.621486596999e+01,9.982043166410e+02,3.456600005224e+02,1.212932105386e+02,3.509032296340e-01,5.648173448038e-01,5.035917196452e-01,7.816334130000e-01,9.909119423922e-01
2.043887775551e-01,2.600712517137e-04,9.098530130338e-03,1.379673609048e+06,9.876771517987e-01,1.196644522674e+02,1.537653692897e+02,2.873732253375e+02,2.957896798209e+02,2.949827968344e+05,9.624164807847e+04,1.623449986166e+01,9.982060129750e+02,3.457776663256e+02,1.204323695187e+02,3.482942400487e-01,5.658845762460e-01,5.035857902215e-01,7.782275867458e-01,9.909185516415e-01
2.050100200401e-01,2.616237294234e-04,9.125646253047e-03,1.382173420365e+06,9.877139711541e-01,1.188063137156e+02,1.533133519096e+02,2.875428700588e+02,2.957874177628e+02,2.951574513010e+05,9.623452788200e+04,1.625404378849e+01,9.982076773635e+02,3.458944748909e+02,1.195804510355e+02,3.457136777717e-01,5.669236947596e-01,5.035803020701e-01,7.749247683638e-01,9.909244434498e-01
2.056312625251e-01,2.631808270594e-04,9.152762375756e-03,1.384663216667e+06,9.877494200435e-01,1.179574178286e+02,1.528493876691e+02,2.877116208486e+02,2.957852711978e+02,2.953311877212e+05,9.622788093370e+04,1.627349771044e+01,9.982093099646e+02,3.460104280944e+02,1.187373414238e+02,3.431611644704e-01,5.679349314725e-01,5.035752659734e-01,7.717231951492e-01,9.909296061305e-01
2.062525050100e-01,2.647425446218e-04,9.179878498465e-03,1.387142892825e+06,9.877835197734e-01,1.171176398379e+02,1.523736979944e+02,2.878794678104e+02,2.957832393082e+02,2.955039956623e+05,9.622170359743e+04,1.629286133405e+01,9.982109109491e+02,3.461255262193e+02,1.179029303833e+02,3.406363340813e-01,5.689185324510e-01,5.035706919021e-01,7.686211031132e-01,9.909340282252e-01
2.068737474950e-01,2.663088821105e-04,9.206994621174e-03,1.389612317153e+06,9.878162919911e-01,1.162868586851e+02,1.518865173288e+02,2.880463991824e+02,2.957813211536e+02,2.956758627912e+05,9.621599170003e+04,1.631213411514e+01,9.982124805022e+02,3.462397683549e+02,1.170771109483e+02,3.381388322450e-01,5.698747577565e-01,5.035665892134e-01,7.656167297152e-01,9.909376988913e-01
2.074949899800e-01,2.678798395255e-04,9.234110743883e-03,1.392071330592e+06,9.878477586452e-01,1.154649568371e+02,1.513880922665e+02,2.882124013544e+02,2.957795156768e+02,2.958467748638e+05,9.621074055809e+04,1.633131531577e+01,9.982140188213e+02,3.463531522104e+02,1.162597793085e+02,3.356683158981e-01,5.708038812923e-01,5.035629673189e-01,7.627083154856e-01,9.909406093456e-01
2.081162324649e-01,2.694554168668e-04,9.261226866592e-03,1.394519750466e+06,9.878779419466e-01,1.146518195956e+02,1.508786806609e+02,2.883774591428e+02,2.957778217113e+02,2.960167159989e+05,9.620594501073e+04,1.635040405038e+01,9.982155261167e+02,3.464656742440e+02,1.154508341347e+02,3.332244511283e-01,5.717061904888e-01,5.035598351074e-01,7.598941022909e-01,9.909427516522e-01
2.087374749499e-01,2.710356141345e-04,9.288342989301e-03,1.396957374714e+06,9.879068643325e-01,1.138473348779e+02,1.503585507494e+02,2.885415560577e+02,2.957762379876e+02,2.961856689687e+05,9.620159945268e+04,1.636939928683e+01,9.982170026115e+02,3.465773299429e+02,1.146501763677e+02,3.308069122312e-01,5.725819853373e-01,5.035572006440e-01,7.571723344662e-01,9.909441180819e-01
2.093587174349e-01,2.726204313284e-04,9.315459112010e-03,1.399383983104e+06,9.879345484322e-01,1.130513932387e+02,1.498279802940e+02,2.887046744038e+02,2.957747631405e+02,2.963536153027e+05,9.619769786491e+04,1.638829985542e+01,9.982184485413e+02,3.466881138921e+02,1.138577092417e+02,3.284153816626e-01,5.734315775573e-01,5.035550714886e-01,7.545412613643e-01,9.909447017770e-01
2.099799599198e-01,2.742098684487e-04,9.342575234719e-03,1.401799339333e+06,9.879610170332e-01,1.122638877212e+02,1.492872557251e+02,2.888667954388e+02,2.957733957164e+02,2.965205354510e+05,9.619423384660e+04,1.640710446503e+01,9.982198641533e+02,3.467980198798e+02,1.130733381415e+02,3.260495494776e-01,5.742552898776e-01,5.035534547478e-01,7.519991386800e-01,9.909444968683e-01
2.106012024048e-01,2.758039254953e-04,9.369691357428e-03,1.404203193418e+06,9.879862930498e-01,1.114847136526e+02,1.487366712930e+02,2.890278995458e+02,2.957721341800e+02,2.966864089627e+05,9.619120064737e+04,1.642581172160e+01,9.982212497061e+02,3.469070410125e+02,1.122969704057e+02,3.237091126141e-01,5.750534553663e-01,5.035523570291e-01,7.495442292975e-01,9.909434983887e-01
2.112224448898e-01,2.774026024682e-04,9.396807480137e-03,1.406595283938e+06,9.880103994925e-01,1.107137684638e+02,1.481765282312e+02,2.891879663945e+02,2.957709769217e+02,2.968512146511e+05,9.618859119925e+04,1.644442014539e+01,9.982226054692e+02,3.470151698224e+02,1.115285151535e+02,3.213937742565e-01,5.758264167573e-01,5.035517844122e-01,7.471748041702e-01,9.909417022153e-01
2.118436873747e-01,2.790058993675e-04,9.423923602846e-03,1.408975340070e+06,9.880333594387e-01,1.099509515375e+02,1.476071339345e+02,2.893469750881e+02,2.957699222647e+02,2.970149307459e+05,9.618639814815e+04,1.646292818651e+01,9.982239317227e+02,3.471223983652e+02,1.107678831394e+02,3.191032432972e-01,5.765745257690e-01,5.035517424432e-01,7.448891432732e-01,9.909391050574e-01
2.124649298597e-01,2.806138161931e-04,9.451039725555e-03,1.411343083498e+06,9.880551960048e-01,1.091961640732e+02,1.470288011538e+02,2.895049043007e+02,2.957689684719e+02,2.971775350352e+05,9.618461388507e+04,1.648133423948e+01,9.982252287565e+02,3.472287183122e+02,1.100149866250e+02,3.168372338548e-01,5.772981424243e-01,5.035522361359e-01,7.426855365501e-01,9.909357044596e-01
2.130861723447e-01,2.822263529450e-04,9.478155848264e-03,1.413698230234e+06,9.880759323197e-01,1.084493089635e+02,1.464418472079e+02,2.896617324082e+02,2.957681136360e+02,2.973390050000e+05,9.618323057662e+04,1.649963665725e+01,9.982264968826e+02,3.473341210378e+02,1.092697392614e+02,3.145954648363e-01,5.779976343813e-01,5.035532699804e-01,7.405622848334e-01,9.909314988247e-01
2.137074148297e-01,2.838435096232e-04,9.505271970973e-03,1.416040492272e+06,9.880955914998e-01,1.077102906775e+02,1.458465932155e+02,2.898174376080e+02,2.957673554380e+02,2.974993179378e+05,9.618224019476e+04,1.651783376518e+01,9.982277364555e+02,3.474385976985e+02,1.085320559792e+02,3.123776595295e-01,5.786733762797e-01,5.035548479522e-01,7.385177007071e-01,9.909264874440e-01
2.143286573146e-01,2.854652862277e-04,9.532388093682e-03,1.418369579378e+06,9.881141966231e-01,1.069790151711e+02,1.452433633475e+02,2.899719980443e+02,2.957666919606e+02,2.976584510923e+05,9.618163454530e+04,1.653592387249e+01,9.982289477821e+02,3.475421393191e+02,1.078018529050e+02,3.101835452710e-01,5.793257490802e-01,5.035569735465e-01,7.365501094540e-01,9.909206705362e-01
2.149498997996e-01,2.870916827586e-04,9.559504216391e-03,1.420685200292e+06,9.881317707076e-01,1.062553897896e+02,1.446324841029e+02,2.901253918994e+02,2.957661213059e+02,2.978163817476e+05,9.618140529522e+04,1.655390528067e+01,9.982301311704e+02,3.476447368525e+02,1.070790472697e+02,3.080128531187e-01,5.799551393801e-01,5.035596497384e-01,7.346578498507e-01,9.909140491444e-01
2.155711422846e-01,2.887226992158e-04,9.586620339100e-03,1.422987063420e+06,9.881483366897e-01,1.055393230901e+02,1.440142836065e+02,2.902775974528e+02,2.957656415467e+02,2.979730872912e+05,9.618154399868e+04,1.657177628360e+01,9.982312869353e+02,3.477463812333e+02,1.063635572392e+02,3.058653173095e-01,5.805619386360e-01,5.035628786291e-01,7.328392743213e-01,9.909066243683e-01
2.161923847695e-01,2.903583355993e-04,9.613736461809e-03,1.425274881278e+06,9.881639174038e-01,1.048307250411e+02,1.433890909498e+02,2.904285933376e+02,2.957652507336e+02,2.981285454941e+05,9.618204212571e+04,1.658953516247e+01,9.982324153987e+02,3.478470636703e+02,1.056553021146e+02,3.037406755711e-01,5.811465423409e-01,5.035666618739e-01,7.310927515244e-01,9.908983982548e-01
2.168136272545e-01,2.919985919091e-04,9.640852584518e-03,1.427548367236e+06,9.881785355617e-01,1.041295068583e+02,1.427572355422e+02,2.905783584005e+02,2.957649468999e+02,2.982827343338e+05,9.618289108211e+04,1.660718023970e+01,9.982335168872e+02,3.479467753066e+02,1.049542021757e+02,3.016386689694e-01,5.817093500576e-01,5.035710011371e-01,7.294166664321e-01,9.908893747688e-01
2.174348697395e-01,2.936434681452e-04,9.667968707227e-03,1.429807239534e+06,9.881922137338e-01,1.034355805940e+02,1.421190464750e+02,2.907268719458e+02,2.957647280679e+02,2.984356322558e+05,9.618408223623e+04,1.662470988752e+01,9.982345917325e+02,3.480455074501e+02,1.042601782827e+02,2.995590405592e-01,5.822507648250e-01,5.035758972939e-01,7.278094186495e-01,9.908795580954e-01
2.180561122244e-01,2.952929643077e-04,9.695084829936e-03,1.432051222285e+06,9.882049743316e-01,1.027488592127e+02,1.414748519303e+02,2.908741137959e+02,2.957645922538e+02,2.985872182415e+05,9.618560694079e+04,1.664212252135e+01,9.982356402704e+02,3.481432516573e+02,1.035731519555e+02,2.975015355387e-01,5.827711923768e-01,5.035813505277e-01,7.262694239351e-01,9.908689528051e-01
2.186773547094e-01,2.969470803965e-04,9.722200952645e-03,1.434280045666e+06,9.882168395912e-01,1.020692566709e+02,1.408249786210e+02,2.910200643121e+02,2.957645374730e+02,2.987374718302e+05,9.618745655299e+04,1.665941660020e+01,9.982366628404e+02,3.482399997485e+02,1.028930454562e+02,2.954659014775e-01,5.832710404903e-01,5.035873605476e-01,7.247951156851e-01,9.908575642827e-01
2.192985971944e-01,2.986058164116e-04,9.749317075354e-03,1.436493446728e+06,9.882278315576e-01,1.013966878762e+02,1.401697512570e+02,2.911647044550e+02,2.957645617444e+02,2.988863731814e+05,9.618962245414e+04,1.667659063227e+01,9.982376597844e+02,3.483357438483e+02,1.022197817538e+02,2.934518881827e-01,5.837507184342e-01,5.035939265965e-01,7.233849455173e-01,9.908453987208e-01
2.199198396794e-01,3.002691723530e-04,9.776433198063e-03,1.438691170301e+06,9.882379720700e-01,1.007310686248e+02,1.395094920396e+02,2.913080158465e+02,2.957646630951e+02,2.990339031395e+05,9.619209606818e+04,1.669364318115e+01,9.982386314465e+02,3.484304764273e+02,1.015532844677e+02,2.914592475060e-01,5.842106364544e-01,5.036010474162e-01,7.220373836370e-01,9.908324630227e-01
2.205410821643e-01,3.019371482208e-04,9.803549320772e-03,1.440872969735e+06,9.882472827482e-01,1.000723155586e+02,1.388445201857e+02,2.914499808222e+02,2.957648395645e+02,2.991800432872e+05,9.619486887876e+04,1.671057287094e+01,9.982395781722e+02,3.485241903370e+02,1.008934778303e+02,2.894877332123e-01,5.846512052686e-01,5.036087212373e-01,7.207509192639e-01,9.908187647548e-01
2.211623246493e-01,3.036097440148e-04,9.830665443481e-03,1.443038607513e+06,9.882557849797e-01,9.942034613676e+01,1.381751514825e+02,2.915905824731e+02,2.957650892075e+02,2.993247759895e+05,9.619793244511e+04,1.672737839029e+01,9.982405003080e+02,3.486168788382e+02,1.002402866641e+02,2.875371008947e-01,5.850728355746e-01,5.036169457854e-01,7.195240610924e-01,9.908043121331e-01
2.217835671343e-01,3.052869597352e-04,9.857781566190e-03,1.445187855782e+06,9.882634999076e-01,9.877507861179e+01,1.375016978714e+02,2.917298046835e+02,2.957654100988e+02,2.994680844325e+05,9.620127841655e+04,1.674405849582e+01,9.982413982011e+02,3.487085356266e+02,9.959363636265e+01,2.856071079066e-01,5.854759375748e-01,5.036257182890e-01,7.183553377221e-01,9.907891140126e-01
2.224048096192e-01,3.069687953820e-04,9.884897688899e-03,1.447320496823e+06,9.882704484195e-01,9.813643200819e+01,1.368244670615e+02,2.918676321640e+02,2.957658003350e+02,2.996099526576e+05,9.620489854587e+04,1.676061201504e+01,9.982422721981e+02,3.487991548550e+02,9.895345287476e+01,2.836975133036e-01,5.858609205219e-01,5.036350354836e-01,7.172432980432e-01,9.907731798703e-01
2.230260521042e-01,3.086552509550e-04,9.912013811608e-03,1.449436323450e+06,9.882766511373e-01,9.750432610312e+01,1.361437621718e+02,2.920040504789e+02,2.957662580382e+02,2.997503655907e+05,9.620878470152e+04,1.677703784883e+01,9.982431226455e+02,3.488887311522e+02,9.831966269006e+01,2.818080777942e-01,5.862281922829e-01,5.036448936130e-01,7.161865115796e-01,9.907565197821e-01
2.236472945892e-01,3.103463264544e-04,9.939129934317e-03,1.451535139358e+06,9.882821284078e-01,9.687868141142e+01,1.354598814022e+02,2.921390460702e+02,2.957667813584e+02,2.998893090666e+05,9.621292887856e+04,1.679333497343e+01,9.982439498887e+02,3.489772596396e+02,9.769219282911e+01,2.799385637047e-01,5.865781589236e-01,5.036552884338e-01,7.151835688069e-01,9.907391444067e-01
2.242685370741e-01,3.120420218800e-04,9.966246057026e-03,1.453616759424e+06,9.882869002934e-01,9.625941918052e+01,1.347731177333e+02,2.922726062782e+02,2.957673684753e+02,3.000267698506e+05,9.621732320857e+04,1.680950244217e+01,9.982447542716e+02,3.490647359449e+02,9.707097084317e+01,2.780887349747e-01,5.869112243166e-01,5.036662152415e-01,7.142330814891e-01,9.907210650132e-01
2.248897795591e-01,3.137423372320e-04,9.993362179735e-03,1.455681009953e+06,9.882909865650e-01,9.564646139189e+01,1.340837586521e+02,2.924047193581e+02,2.957680176007e+02,3.001627356557e+05,9.622195996838e+04,1.682553938677e+01,9.982455361367e+02,3.491511562138e+02,9.645592482020e+01,2.762583571716e-01,5.872277897676e-01,5.036776689074e-01,7.133336830158e-01,9.907022935258e-01
2.255110220441e-01,3.154472725104e-04,1.002047830244e-02,1.457727728529e+06,9.882944066943e-01,9.503973072397e+01,1.333920859054e+02,2.925353744746e+02,2.957687269799e+02,3.002971951381e+05,9.622683158764e+04,1.684144501539e+01,9.982462958242e+02,3.492365171076e+02,9.584698335327e+01,2.744471974096e-01,5.875282536240e-01,5.036896437724e-01,7.124840284105e-01,9.906828422671e-01
2.261322645291e-01,3.171568277150e-04,1.004759442515e-02,1.459756764194e+06,9.882971798483e-01,9.443915052128e+01,1.326983752795e+02,2.926645617101e+02,2.957694948692e+02,3.004301379089e+05,9.623193065554e+04,1.685721860405e+01,9.982470337377e+02,3.493208158371e+02,9.524407551498e+01,2.726550242554e-01,5.878130108109e-01,5.037021334499e-01,7.116827943246e-01,9.906627235411e-01
2.267535070140e-01,3.188710028460e-04,1.007471054786e-02,1.461767979064e+06,9.882993248836e-01,9.384464498470e+01,1.320028964138e+02,2.927922721481e+02,2.957703194892e+02,3.005615546276e+05,9.623724992795e+04,1.687285949409e+01,9.982477504251e+02,3.494040502681e+02,9.464713104843e+01,2.708816082006e-01,5.880824524661e-01,5.037151312794e-01,7.109286806138e-01,9.906419506255e-01
2.273747494990e-01,3.205897979033e-04,1.010182667057e-02,1.463761245355e+06,9.883008603374e-01,9.325613902127e+01,1.313059126238e+02,2.929184977301e+02,2.957711991579e+02,3.006914368295e+05,9.624278232989e+04,1.688836712547e+01,9.982484462090e+02,3.494862186483e+02,9.405608022466e+01,2.691267214726e-01,5.883369661242e-01,5.037286304545e-01,7.102204094071e-01,9.906205379614e-01
2.279959919840e-01,3.223132128869e-04,1.012894279328e-02,1.465736447912e+06,9.883018044246e-01,9.267355805971e+01,1.306076807447e+02,2.930432313907e+02,2.957721322393e+02,3.008197770780e+05,9.624852096196e+04,1.690374102658e+01,9.982491213909e+02,3.495673197859e+02,9.347085366619e+01,2.673901373945e-01,5.885769352938e-01,5.037426234031e-01,7.095567238564e-01,9.905984998381e-01
2.286172344689e-01,3.240412477968e-04,1.015605891599e-02,1.467693483510e+06,9.883021750340e-01,9.209682819342e+01,1.299084510097e+02,2.931664670104e+02,2.957731171379e+02,3.009465689176e+05,9.625445910271e+04,1.691898080494e+01,9.982497762691e+02,3.496473530309e+02,9.289138249162e+01,2.656716308200e-01,5.888027390736e-01,5.037571020315e-01,7.089363892617e-01,9.905758508887e-01
2.292384769539e-01,3.257739026330e-04,1.018317503870e-02,1.469632260433e+06,9.883019897253e-01,9.152587623781e+01,1.292084669484e+02,2.932881993904e+02,2.957741522996e+02,3.010718068485e+05,9.626059021081e+04,1.693408614325e+01,9.982504111392e+02,3.497263182587e+02,9.231759837625e+01,2.639709783235e-01,5.890147518664e-01,5.037720578308e-01,7.083581935415e-01,9.905526063030e-01
2.298597194389e-01,3.275111773956e-04,1.021029116141e-02,1.471552698407e+06,9.883012657254e-01,9.096062972120e+01,1.285079653034e+02,2.934084242496e+02,2.957752362121e+02,3.011954863229e+05,9.626690792685e+04,1.694905679848e+01,9.982510262934e+02,3.498042158692e+02,9.174943354739e+01,2.622879581923e-01,5.892133431554e-01,5.037874818549e-01,7.078209471799e-01,9.905287817733e-01
2.304809619238e-01,3.292530720845e-04,1.023740728412e-02,1.473454728532e+06,9.883000199262e-01,9.040101687368e+01,1.278071759671e+02,2.935271382190e+02,2.957763674051e+02,3.013176037403e+05,9.627340607458e+04,1.696389260090e+01,9.982516220207e+02,3.498810467829e+02,9.118682077779e+01,2.606223504138e-01,5.893988773026e-01,5.038033646939e-01,7.073234831270e-01,9.905043934304e-01
2.311022044088e-01,3.309995866997e-04,1.026452340683e-02,1.475338293131e+06,9.882982688827e-01,8.984696662782e+01,1.271063219368e+02,2.936443388310e+02,2.957775444508e+02,3.014381564356e+05,9.628007866139e+04,1.697859345259e+01,9.982521986068e+02,3.499568124346e+02,9.062969339052e+01,2.589739366982e-01,5.895717133559e-01,5.038196964699e-01,7.068646567598e-01,9.904794578276e-01
2.317234468938e-01,3.327507212413e-04,1.029163952953e-02,1.477203345543e+06,9.882960288114e-01,8.929840862371e+01,1.264056192873e+02,2.937600245049e+02,2.957787659638e+02,3.015571426651e+05,9.628691987826e+04,1.699315932546e+01,9.982527563341e+02,3.500315147647e+02,9.007798526800e+01,2.573425005133e-01,5.897322048707e-01,5.038364668393e-01,7.064433458511e-01,9.904539919418e-01
2.323446893788e-01,3.345064757091e-04,1.031875565224e-02,1.479049849900e+06,9.882933155891e-01,8.875527321360e+01,1.257052771611e+02,2.938741945317e+02,2.957800306007e+02,3.016745615908e+05,9.629392409919e+04,1.700759025927e+01,9.982532954816e+02,3.501051562095e+02,8.953163086067e+01,2.557278271192e-01,5.898806997466e-01,5.038536649940e-01,7.060584505126e-01,9.904280131737e-01
2.329659318637e-01,3.362668501033e-04,1.034587177495e-02,1.480877780887e+06,9.882901447525e-01,8.821749146582e+01,1.250054977727e+02,2.939868490585e+02,2.957813370606e+02,3.017904132638e+05,9.630108588017e+04,1.702188635946e+01,9.982538163252e+02,3.501777396912e+02,8.899056519481e+01,2.541297035993e-01,5.900175400807e-01,5.038712796604e-01,7.057088931098e-01,9.904015393445e-01
2.335871743487e-01,3.380318444238e-04,1.037298789766e-02,1.482687123498e+06,9.882865314979e-01,8.768499516859e+01,1.243064764288e+02,2.940979890704e+02,2.957826840844e+02,3.019046986069e+05,9.630839995779e+04,1.703604779494e+01,9.982543191371e+02,3.502492686072e+02,8.845472388017e+01,2.525479188919e-01,5.901430620349e-01,5.038892990971e-01,7.053936181580e-01,9.903745886942e-01
2.342084168337e-01,3.398014586706e-04,1.040010402037e-02,1.484477872758e+06,9.882824906808e-01,8.715771683394e+01,1.236084015611e+02,2.942076163728e+02,2.957840704542e+02,3.020174193956e+05,9.631586124743e+04,1.705007479584e+01,9.982548041863e+02,3.503197468182e+02,8.792404311771e+01,2.509822638212e-01,5.902575957179e-01,5.039077110930e-01,7.051115921992e-01,9.903471798808e-01
2.348296593186e-01,3.415756928438e-04,1.042722014308e-02,1.486250033454e+06,9.882780368174e-01,8.663558970159e+01,1.229114547721e+02,2.943157335719e+02,2.957854949935e+02,3.021285782382e+05,9.632346484113e+04,1.706396765108e+01,9.982552717386e+02,3.503891786366e+02,8.739845970717e+01,2.494325311280e-01,5.903614650809e-01,5.039265029653e-01,7.048618036637e-01,9.903193319821e-01
2.354509018036e-01,3.433545469432e-04,1.045433626579e-02,1.488003619830e+06,9.882731840845e-01,8.611854774267e+01,1.222158108927e+02,2.944223440548e+02,2.957869565658e+02,3.022381785558e+05,9.633120600521e+04,1.707772670593e+01,9.982557220565e+02,3.504575688135e+02,8.687791105439e+01,2.478985154994e-01,5.904549878260e-01,5.039456615563e-01,7.046432627137e-01,9.902910644971e-01
2.360721442886e-01,3.451380209690e-04,1.048145238850e-02,1.489738655294e+06,9.882679463209e-01,8.560652566273e+01,1.215216380505e+02,2.945274519684e+02,2.957884540749e+02,3.023462245602e+05,9.633908017760e+04,1.709135235956e+01,9.982561553994e+02,3.505249225260e+02,8.636233517793e+01,2.463800135967e-01,5.905384753266e-01,5.039651732287e-01,7.044550010689e-01,9.902623973469e-01
2.366933867735e-01,3.469261149211e-04,1.050856851121e-02,1.491455172106e+06,9.882623370292e-01,8.509945890595e+01,1.208290977474e+02,2.946310621986e+02,2.957899864636e+02,3.024527212330e+05,9.634708296503e+04,1.710484506248e+01,9.982565720233e+02,3.505912453634e+02,8.585167071670e+01,2.448768240853e-01,5.906122325612e-01,5.039850238650e-01,7.042960718275e-01,9.902333508861e-01
2.373146292585e-01,3.487188287996e-04,1.053568463392e-02,1.493153211088e+06,9.882563693769e-01,8.459728366392e+01,1.201383449476e+02,2.947331803496e+02,2.957915527133e+02,3.025576743036e+05,9.635521013995e+04,1.711820531426e+01,9.982569721814e+02,3.506565433148e+02,8.534585694206e+01,2.433887476768e-01,5.906765580598e-01,5.040051988830e-01,7.041655493157e-01,9.902039459505e-01
2.379358717435e-01,3.505161626043e-04,1.056280075662e-02,1.494832821296e+06,9.882500561988e-01,8.409993688223e+01,1.194495281721e+02,2.948338127219e+02,2.957931518430e+02,3.026610902274e+05,9.636345763740e+04,1.713143366088e+01,9.982573561237e+02,3.507208227547e+02,8.484483376771e+01,2.419155871651e-01,5.907317438587e-01,5.040256832436e-01,7.040625289121e-01,9.901742038848e-01
2.385571142285e-01,3.523181163354e-04,1.058991687933e-02,1.496494059416e+06,9.882434099991e-01,8.360735623279e+01,1.187627896007e+02,2.949329662747e+02,2.957947829090e+02,3.027629761469e+05,9.637182155150e+04,1.714453068981e+01,9.982577240974e+02,3.507840904197e+02,8.434854172578e+01,2.404571473720e-01,5.907780754353e-01,5.040464613281e-01,7.039861265797e-01,9.901441462976e-01
2.391783567134e-01,3.541246899928e-04,1.061703300204e-02,1.498136989943e+06,9.882364429542e-01,8.311948013830e+01,1.180782651830e+02,2.950306486274e+02,2.957964450036e+02,3.028633398975e+05,9.638029813249e+04,1.715749702125e+01,9.982580763467e+02,3.508463534406e+02,8.385692199425e+01,2.390132352008e-01,5.908158316006e-01,5.040675169089e-01,7.039354788072e-01,9.901137950188e-01
2.397995991984e-01,3.559358835765e-04,1.064414912475e-02,1.499761684977e+06,9.882291669152e-01,8.263624785779e+01,1.173960847580e+02,2.951268680431e+02,2.957981372545e+02,3.029621899894e+05,9.638888378345e+04,1.717033331036e+01,9.982584131131e+02,3.509076193216e+02,8.336991648376e+01,2.375836598958e-01,5.908452845504e-01,5.040888334597e-01,7.039097430559e-01,9.900831727799e-01
2.404208416834e-01,3.577516970865e-04,1.067126524746e-02,1.501368222800e+06,9.882215934103e-01,8.215759937780e+01,1.167163721699e+02,2.952216333584e+02,2.957998588241e+02,3.030595355232e+05,9.639757505588e+04,1.718304026041e+01,9.982587346352e+02,3.509678958203e+02,8.288746773407e+01,2.361682328247e-01,5.908667000710e-01,5.041103940514e-01,7.039080966139e-01,9.900523030241e-01
2.410420841683e-01,3.595721305229e-04,1.069838137017e-02,1.502956688820e+06,9.882137336479e-01,8.168347535036e+01,1.160392453889e+02,2.953149540245e+02,2.958016089086e+02,3.031553862410e+05,9.640636864756e+04,1.719561861279e+01,9.982590411490e+02,3.510271910279e+02,8.240951885632e+01,2.347667672552e-01,5.908803374367e-01,5.041321810535e-01,7.039297358114e-01,9.900212092946e-01
2.416633266533e-01,3.613971838856e-04,1.072549749288e-02,1.504527174777e+06,9.882055985200e-01,8.121381717505e+01,1.153648166425e+02,2.954068400550e+02,2.958033867370e+02,3.032497524723e+05,9.641526139862e+04,1.720806914066e+01,9.982593328880e+02,3.510855133378e+02,8.193601361631e+01,2.333790786106e-01,5.908864493666e-01,5.041541763132e-01,7.039738764263e-01,9.899899156263e-01
2.422845691383e-01,3.632268571746e-04,1.075261361559e-02,1.506079778323e+06,9.881971986053e-01,8.074856701736e+01,1.146931925483e+02,2.954973019987e+02,2.958051915707e+02,3.033426451062e+05,9.642425028804e+04,1.722039264568e+01,9.982596100828e+02,3.511428714278e+02,8.146689645541e+01,2.320049845356e-01,5.908852820286e-01,5.041763611916e-01,7.040397535655e-01,9.899584466529e-01
2.429058116232e-01,3.650611503899e-04,1.077972973830e-02,1.507614602744e+06,9.881885441734e-01,8.028766779835e+01,1.140244742480e+02,2.955863509205e+02,2.958070227289e+02,3.034340755711e+05,9.643333243027e+04,1.723258995628e+01,9.982598730348e+02,3.511992742481e+02,8.100211248311e+01,2.306443048794e-01,5.908770750689e-01,5.041987165364e-01,7.041266213052e-01,9.899268275870e-01
2.435270541082e-01,3.669000635315e-04,1.080684586101e-02,1.509131756695e+06,9.881796451873e-01,7.983106318538e+01,1.133587575434e+02,2.956739983814e+02,2.958088795522e+02,3.035240558149e+05,9.644250507225e+04,1.724466192571e+01,9.982601220255e+02,3.512547310094e+02,8.054160747070e+01,2.292968616800e-01,5.908620616443e-01,5.042212226547e-01,7.042337523399e-01,9.898950841964e-01
2.441482965932e-01,3.687435965995e-04,1.083396198372e-02,1.510631353919e+06,9.881705113065e-01,7.937869759201e+01,1.126961330351e+02,2.957602564171e+02,2.958107613803e+02,3.036125982829e+05,9.645176559038e+04,1.725660942949e+01,9.982603572516e+02,3.513092511703e+02,8.008532785384e+01,2.279624791749e-01,5.908404684616e-01,5.042438593151e-01,7.043604377029e-01,9.898632428046e-01
2.447695390782e-01,3.705917495938e-04,1.086107810642e-02,1.512113512927e+06,9.881611518915e-01,7.893051617909e+01,1.120366862625e+02,2.958451375160e+02,2.958126675824e+02,3.036997158946e+05,9.646111148727e+04,1.726843336330e+01,9.982605789046e+02,3.513628444228e+02,7.963322073612e+01,2.266409838153e-01,5.908125158190e-01,5.042666057492e-01,7.045059864959e-01,9.898313303316e-01
2.453907815631e-01,3.724445225144e-04,1.088819422913e-02,1.513578356706e+06,9.881515760080e-01,7.848646485163e+01,1.113804978449e+02,2.959286545975e+02,2.958145975568e+02,3.037854220217e+05,9.647054038887e+04,1.728013464091e+01,9.982607871714e+02,3.514155206792e+02,7.918523388843e+01,2.253322042674e-01,5.907784176543e-01,5.042894406452e-01,7.046697255829e-01,9.897993743100e-01
2.460120240481e-01,3.743019153613e-04,1.091531035184e-02,1.515026012447e+06,9.881417924307e-01,7.804649025542e+01,1.107276436221e+02,2.960108209921e+02,2.958165507300e+02,3.038697304668e+05,9.648005004162e+04,1.729171419226e+01,9.982609822341e+02,3.514672900592e+02,7.874131574811e+01,2.240359714125e-01,5.907383815986e-01,5.043123421415e-01,7.048509992845e-01,9.897674029013e-01
2.466332665331e-01,3.761639281346e-04,1.094242647455e-02,1.516456611264e+06,9.881318096472e-01,7.761053977375e+01,1.100781947958e+02,2.960916504200e+02,2.958185265562e+02,3.039526554422e+05,9.648963830976e+04,1.730317296154e+01,9.982611642699e+02,3.515181628774e+02,7.830141541805e+01,2.227521183460e-01,5.906926090345e-01,5.043352878224e-01,7.050491690722e-01,9.897354449146e-01
2.472545090180e-01,3.780305608341e-04,1.096954259726e-02,1.517870287927e+06,9.881216358623e-01,7.717856152380e+01,1.094322180705e+02,2.961711569716e+02,2.958205245166e+02,3.040342115487e+05,9.649930317274e+04,1.731451190538e+01,9.982613334516e+02,3.515681496309e+02,7.786548266536e+01,2.214804803766e-01,5.906412951580e-01,5.043582547144e-01,7.052636132633e-01,9.897035298261e-01
2.478757515030e-01,3.799018134600e-04,1.099665871997e-02,1.519267180604e+06,9.881112790017e-01,7.675050435261e+01,1.087897757931e+02,2.962493550868e+02,2.958225441193e+02,3.041144137548e+05,9.650904272285e+04,1.732573199108e+01,9.982614899470e+02,3.516172609866e+02,7.743346791971e+01,2.202208950222e-01,5.905846290449e-01,5.043812192818e-01,7.054937267134e-01,9.896716877983e-01
2.484969939880e-01,3.817776860122e-04,1.102377484268e-02,1.520647430604e+06,9.881007467167e-01,7.632631783272e+01,1.081509260929e+02,2.963262595359e+02,2.958245848983e+02,3.041932773764e+05,9.651885516285e+04,1.733683419495e+01,9.982616339196e+02,3.516655077696e+02,7.700532227107e+01,2.189732020051e-01,5.905227937208e-01,5.044041574239e-01,7.057389205080e-01,9.896399496996e-01
2.491182364729e-01,3.836581784908e-04,1.105089096539e-02,1.522011182132e+06,9.880900463882e-01,7.590595225734e+01,1.075157230187e+02,2.964018853997e+02,2.958266464133e+02,3.042708180566e+05,9.652873880389e+04,1.734781950072e+01,9.982617655282e+02,3.517129009510e+02,7.658099746712e+01,2.177372432460e-01,5.904559662338e-01,5.044270444714e-01,7.059986216538e-01,9.896083471233e-01
2.497394789579e-01,3.855432908956e-04,1.107800708810e-02,1.523358582055e+06,9.880791851306e-01,7.548935863533e+01,1.068842166764e+02,2.964762480506e+02,2.958287282492e+02,3.043470517459e+05,9.653869206346e+04,1.735868889803e+01,9.982618849271e+02,3.517594516367e+02,7.616044591028e+01,2.165128628553e-01,5.903843177311e-01,5.044498551837e-01,7.062722727704e-01,9.895769124075e-01
2.503607214429e-01,3.874330232268e-04,1.110512321081e-02,1.524689779670e+06,9.880681697967e-01,7.507648868575e+01,1.062564533631e+02,2.965493631338e+02,2.958308300157e+02,3.044219946826e+05,9.654871346360e+04,1.736944338099e+01,9.982619922662e+02,3.518051710554e+02,7.574362065431e+01,2.152999071250e-01,5.903080135377e-01,5.044725637469e-01,7.065593317821e-01,9.895456786537e-01
2.509819639279e-01,3.893273754843e-04,1.113223933351e-02,1.526004926480e+06,9.880570069815e-01,7.466729483218e+01,1.056324757006e+02,2.966212465487e+02,2.958329513470e+02,3.044956633734e+05,9.655880162912e+04,1.738008394685e+01,9.982620876906e+02,3.518500705477e+02,7.533047540058e+01,2.140982245174e-01,5.902272132382e-01,5.044951437719e-01,7.068592716109e-01,9.895146797461e-01
2.516032064128e-01,3.912263476681e-04,1.115935545622e-02,1.527304175984e+06,9.880457030264e-01,7.426173019673e+01,1.050123227665e+02,2.966919144307e+02,2.958350918998e+02,3.045680745746e+05,9.656895528608e+04,1.739061159473e+01,9.982621713372e+02,3.518941615552e+02,7.492096449403e+01,2.129076656541e-01,5.901420707604e-01,5.045175682936e-01,7.071715798710e-01,9.894839503695e-01
2.522244488978e-01,3.931299397783e-04,1.118647157893e-02,1.528587683473e+06,9.880342640238e-01,7.385974859377e+01,1.043960302231e+02,2.967613831328e+02,2.958372513506e+02,3.046392452731e+05,9.657917326036e+04,1.740102732443e+01,9.982622433281e+02,3.519374556092e+02,7.451504291876e+01,2.117280833032e-01,5.900527344621e-01,5.045398097701e-01,7.074957585640e-01,9.894535260278e-01
2.528456913828e-01,3.950381518147e-04,1.121358770164e-02,1.529855605825e+06,9.880226958217e-01,7.346130452346e+01,1.037836304440e+02,2.968296692083e+02,2.958394294041e+02,3.047091926679e+05,9.658945447634e+04,1.741133213534e+01,9.982623037964e+02,3.519799643205e+02,7.411266629334e+01,2.105593323655e-01,5.899593472186e-01,5.045618400832e-01,7.078313237759e-01,9.894234430618e-01
2.534669338677e-01,3.969509837775e-04,1.124070382435e-02,1.531108101322e+06,9.880110040273e-01,7.306635316500e+01,1.031751526385e+02,2.968967893931e+02,2.958416257893e+02,3.047779341520e+05,9.659979795572e+04,1.742152702541e+01,9.982623528729e+02,3.520216993685e+02,7.371379086587e+01,2.094012698595e-01,5.898620465126e-01,5.045836305390e-01,7.081778053773e-01,9.893937386659e-01
2.540881763527e-01,3.988684356666e-04,1.126781994706e-02,1.532345329465e+06,9.879991940119e-01,7.267485036967e+01,1.025706229730e+02,2.969627605883e+02,2.958438402583e+02,3.048454872940e+05,9.661020281649e+04,1.743161299018e+01,9.982623906840e+02,3.520626724913e+02,7.331837350866e+01,2.082537549063e-01,5.897609645255e-01,5.046051518699e-01,7.085347467258e-01,9.893644509050e-01
2.547094188377e-01,4.007905074821e-04,1.129493606977e-02,1.533567450798e+06,9.879872709149e-01,7.228675265359e+01,1.019700646902e+02,2.970275998428e+02,2.958460725864e+02,3.049118698205e+05,9.662066827203e+04,1.744159102199e+01,9.982624173525e+02,3.521028954749e+02,7.292637171271e+01,2.071166487124e-01,5.896562282304e-01,5.046263742365e-01,7.089017043696e-01,9.893356187280e-01
2.553306613226e-01,4.027171992238e-04,1.132205219248e-02,1.534774626744e+06,9.879752396482e-01,7.190201719028e+01,1.013734982257e+02,2.970913243368e+02,2.958483225719e+02,3.049770995981e+05,9.663119363027e+04,1.745146210910e+01,9.982624329964e+02,3.521423801437e+02,7.253774358181e+01,2.059898145523e-01,5.895479594859e-01,5.046472672309e-01,7.092782477549e-01,9.893072819823e-01
2.559519038076e-01,4.046485108919e-04,1.134916831519e-02,1.535967019443e+06,9.879631049005e-01,7.152060180412e+01,1.007809413209e+02,2.971539513648e+02,2.958505900357e+02,3.050411946158e+05,9.664177829301e+04,1.746122723508e+01,9.982624377295e+02,3.521811383502e+02,7.215244782761e+01,2.048731177530e-01,5.894362751315e-01,5.046677998848e-01,7.096639589462e-01,9.892794814353e-01
2.565731462926e-01,4.065844424863e-04,1.137628443790e-02,1.537144791616e+06,9.879508711415e-01,7.114246496538e+01,1.001924091348e+02,2.972154983197e+02,2.958528748215e+02,3.051041729687e+05,9.665242175530e+04,1.747088737825e+01,9.982624316607e+02,3.522191819658e+02,7.177044376600e+01,2.037664256825e-01,5.893212870859e-01,5.046879406854e-01,7.100584323676e-01,9.892522588081e-01
2.571943887776e-01,4.085249940070e-04,1.140340056060e-02,1.538308106383e+06,9.879385426262e-01,7.076756577995e+01,9.960791435110e+01,2.972759826747e+02,2.958551767956e+02,3.051660528389e+05,9.666312360488e+04,1.748044351082e+01,9.982624148945e+02,3.522565228702e+02,7.139169130843e+01,2.026696077243e-01,5.892031024404e-01,5.047076575707e-01,7.104612744978e-01,9.892256567600e-01
2.578156312625e-01,4.104701654540e-04,1.143051668331e-02,1.539457127002e+06,9.879261233994e-01,7.039586396619e+01,9.902746728337e+01,2.973354219602e+02,2.958574958466e+02,3.052268524714e+05,9.667388352167e+04,1.748989659695e+01,9.982623875300e+02,3.522931729387e+02,7.101615094048e+01,2.015825352166e-01,5.890818235374e-01,5.047269178636e-01,7.108721034413e-01,9.891997187434e-01
2.584368737475e-01,4.124199568274e-04,1.145763280602e-02,1.540592017235e+06,9.879136172998e-01,7.002731988458e+01,9.845107597898e+01,2.973938337716e+02,2.958598318854e+02,3.052865901847e+05,9.668470127778e+04,1.749924759000e+01,9.982623496619e+02,3.523291440669e+02,7.064378375205e+01,2.005050815173e-01,5.889575480406e-01,5.047456883790e-01,7.112905490188e-01,9.891744892189e-01
2.590581162325e-01,4.143743681271e-04,1.148474892873e-02,1.541712940572e+06,9.879010279642e-01,6.966189452337e+01,9.787874631833e+01,2.974512357222e+02,2.958621848453e+02,3.053452843170e+05,9.669557673662e+04,1.750849743914e+01,9.982623013794e+02,3.523644481057e+02,7.027455142451e+01,1.994371219977e-01,5.888303691258e-01,5.047639355088e-01,7.117162524417e-01,9.891500138237e-01
2.596793587174e-01,4.163333993531e-04,1.151186505144e-02,1.542820060464e+06,9.878883588319e-01,6.929954944546e+01,9.731048210931e+01,2.975076454471e+02,2.958645546817e+02,3.054029532304e+05,9.670650985299e+04,1.751764708904e+01,9.982622427665e+02,3.523990968730e+02,6.990841617972e+01,1.983785338840e-01,5.887003755816e-01,5.047816250777e-01,7.121488656034e-01,9.891263390492e-01
2.603006012024e-01,4.182970505054e-04,1.153898117415e-02,1.543913540248e+06,9.878756131486e-01,6.894024679449e+01,9.674628518110e+01,2.975630805867e+02,2.958669413722e+02,3.054596152952e+05,9.671750067287e+04,1.752669747749e+01,9.982621739021e+02,3.524331021512e+02,6.954534078709e+01,1.973291962718e-01,5.885676518798e-01,5.047987223742e-01,7.125880509566e-01,9.891035122782e-01
2.609218436874e-01,4.202653215840e-04,1.156609729686e-02,1.544993542933e+06,9.878627939709e-01,6.858394930312e+01,9.618615547539e+01,2.976175587649e+02,2.958693449162e+02,3.055152888666e+05,9.672854933311e+04,1.753564953441e+01,9.982620948597e+02,3.524664756750e+02,6.918528857268e+01,1.962889901520e-01,5.884322782662e-01,5.048151922108e-01,7.130334814210e-01,9.890815818821e-01
2.615430861723e-01,4.222382125890e-04,1.159321341957e-02,1.546060231096e+06,9.878499041705e-01,6.823062028471e+01,9.563009113429e+01,2.976710975734e+02,2.958717653354e+02,3.055699922690e+05,9.673965606123e+04,1.754450418172e+01,9.982620057071e+02,3.524992291215e+02,6.882822341208e+01,1.952577983890e-01,5.882943308627e-01,5.048309989407e-01,7.134848401315e-01,9.890605972214e-01
2.621643286573e-01,4.242157235203e-04,1.162032954228e-02,1.547113766807e+06,9.878369464384e-01,6.788022362222e+01,9.507808858537e+01,2.977237145574e+02,2.958742026733e+02,3.056237437796e+05,9.675082117527e+04,1.755326233352e+01,9.982619065070e+02,3.525313741027e+02,6.847410972041e+01,1.942355056900e-01,5.881538817717e-01,5.048461064676e-01,7.139418201626e-01,9.890406086258e-01
2.627855711423e-01,4.261978543779e-04,1.164744566499e-02,1.548154311545e+06,9.878239232891e-01,6.753272375885e+01,9.453014262396e+01,2.977754271994e+02,2.958766569955e+02,3.056765616127e+05,9.676204508355e+04,1.756192489615e+01,9.982617973163e+02,3.525629221560e+02,6.812291244410e+01,1.932219985798e-01,5.880109991808e-01,5.048604782626e-01,7.144041242748e-01,9.890216673843e-01
2.634068136273e-01,4.281846051618e-04,1.167456178770e-02,1.549182026114e+06,9.878108370649e-01,6.718808568976e+01,9.398624649269e+01,2.978262529044e+02,2.958791283891e+02,3.057284639028e+05,9.677332828449e+04,1.757049276832e+01,9.982616781863e+02,3.525938847356e+02,6.777459705362e+01,1.922171653784e-01,5.878657474669e-01,5.048740773852e-01,7.148714646774e-01,9.890038257382e-01
2.640280561122e-01,4.301759758721e-04,1.170167791040e-02,1.550197070561e+06,9.877976899401e-01,6.684627495393e+01,9.344639195845e+01,2.978762089832e+02,2.958816169631e+02,3.057794686881e+05,9.678467136634e+04,1.757896684129e+01,9.982615491629e+02,3.526242732033e+02,6.742912953630e+01,1.912208961787e-01,5.877181873004e-01,5.048868665077e-01,7.153435627954e-01,9.889871368729e-01
2.646492985972e-01,4.321719665086e-04,1.172879403311e-02,1.551199604101e+06,9.877844839251e-01,6.650725762571e+01,9.291056938656e+01,2.979253126376e+02,2.958841228482e+02,3.058295938937e+05,9.679607500686e+04,1.758734799904e+01,9.982614102860e+02,3.526540988196e+02,6.708647638888e+01,1.902330828237e-01,5.875683757507e-01,5.048988079394e-01,7.158201490404e-01,9.889716549046e-01
2.652705410822e-01,4.341725770715e-04,1.175591015582e-02,1.552189785054e+06,9.877712208712e-01,6.617100030641e+01,9.237876781240e+01,2.979735809443e+02,2.958866461965e+02,3.058788573156e+05,9.680753997296e+04,1.759563711859e+01,9.982612615902e+02,3.526833727352e+02,6.674660461000e+01,1.892536188830e-01,5.874163663920e-01,5.049098636536e-01,7.163009625847e-01,9.889574348645e-01
2.658917835671e-01,4.361778075607e-04,1.178302627853e-02,1.553167770771e+06,9.877579024742e-01,6.583747011592e+01,9.185097501057e+01,2.980210308398e+02,2.958891871817e+02,3.059272766041e+05,9.681906712027e+04,1.760383507032e+01,9.982611031043e+02,3.527121059818e+02,6.640948169271e+01,1.882823996297e-01,5.872622094106e-01,5.049199953162e-01,7.167857511403e-01,9.889445326797e-01
2.665130260521e-01,4.381876579763e-04,1.181014240124e-02,1.554133717583e+06,9.877445302791e-01,6.550663468427e+01,9.132717756146e+01,2.980676791047e+02,2.958917459986e+02,3.059748692473e+05,9.683065739261e+04,1.761194271835e+01,9.982609348515e+02,3.527403094636e+02,6.607507561690e+01,1.873193220173e-01,5.871059517115e-01,5.049291643162e-01,7.172742707415e-01,9.889330051504e-01
2.671342685371e-01,4.402021283181e-04,1.183725852395e-02,1.555087780741e+06,9.877311056846e-01,6.517846214364e+01,9.080736091558e+01,2.981135423484e+02,2.958943228632e+02,3.060216525548e+05,9.684231182146e+04,1.761996092093e+01,9.982607568493e+02,3.527679939489e+02,6.574335484209e+01,1.863642846568e-01,5.869476370266e-01,5.049373317991e-01,7.177662855353e-01,9.889229099288e-01
2.677555110220e-01,4.422212185863e-04,1.186437464666e-02,1.556030114364e+06,9.877176299471e-01,6.485292112010e+01,9.029150945528e+01,2.981586369937e+02,2.958969179919e+02,3.060676436417e+05,9.685403152516e+04,1.762789053102e+01,9.982605691291e+02,3.527951700609e+02,6.541428829998e+01,1.854171877940e-01,5.867873060231e-01,5.049444587020e-01,7.182615675754e-01,9.889143054936e-01
2.683767535070e-01,4.442449287808e-04,1.189149076937e-02,1.556960871385e+06,9.877041041857e-01,6.452998072467e+01,8.977960655384e+01,2.982029792615e+02,2.958995315982e+02,3.061128594116e+05,9.686581770816e+04,1.763573239676e+01,9.982603717400e+02,3.528218482695e+02,6.508784538629e+01,1.844779332843e-01,5.866249964113e-01,5.049505057870e-01,7.187598966138e-01,9.889072511144e-01
2.689979959920e-01,4.462732589016e-04,1.191860689208e-02,1.557880203522e+06,9.876905293853e-01,6.420961054565e+01,8.927163463246e+01,2.982465851561e+02,2.959021639566e+02,3.061573165419e+05,9.687767166004e+04,1.764348736189e+01,9.982601646882e+02,3.528480388829e+02,6.476399595378e+01,1.835464245708e-01,5.864607430534e-01,5.049554336818e-01,7.192610599101e-01,9.889018068114e-01
2.696192384770e-01,4.483062089488e-04,1.194572301479e-02,1.558788261221e+06,9.876769064021e-01,6.389178064139e+01,8.876757521534e+01,2.982894704491e+02,2.959048153632e+02,3.062010314665e+05,9.688959475433e+04,1.765115626629e+01,9.982599479731e+02,3.528737520395e+02,6.444271030574e+01,1.826225666638e-01,5.862945780742e-01,5.049592029241e-01,7.197648520465e-01,9.888980333232e-01
2.702404809619e-01,4.503437789222e-04,1.197283913749e-02,1.559685193626e+06,9.876632359677e-01,6.357646153198e+01,8.826740898244e+01,2.983316506656e+02,2.959074861344e+02,3.062440203609e+05,9.690158844721e+04,1.765873994664e+01,9.982597215879e+02,3.528989976990e+02,6.412395918832e+01,1.817062661170e-01,5.861265309723e-01,5.049617740043e-01,7.202710747364e-01,9.888959920629e-01
2.708617234469e-01,4.523859688220e-04,1.199995526020e-02,1.560571148543e+06,9.876495186937e-01,6.326362419127e+01,8.777111582023e+01,2.983731410690e+02,2.959101766065e+02,3.062862991260e+05,9.691365427610e+04,1.766623923701e+01,9.982594855205e+02,3.529237856349e+02,6.380771378320e+01,1.807974310046e-01,5.859566287318e-01,5.049631074106e-01,7.207795366399e-01,9.888957450701e-01
2.714829659319e-01,4.544327786481e-04,1.202707138291e-02,1.561446272407e+06,9.876357550766e-01,6.295324003911e+01,8.727867487028e+01,2.984139566468e+02,2.959128871352e+02,3.063278833730e+05,9.692579385804e+04,1.767365496953e+01,9.982592397531e+02,3.529481254262e+02,6.349394570046e+01,1.798959708988e-01,5.857848959351e-01,5.049631636773e-01,7.212900531850e-01,9.888973549594e-01
2.721042084168e-01,4.564842084006e-04,1.205418750562e-02,1.562310710257e+06,9.876219455018e-01,6.264528093373e+01,8.679006457601e+01,2.984541120957e+02,2.959156180954e+02,3.063687884082e+05,9.693800888787e+04,1.768098797503e+01,9.982589842622e+02,3.529720264497e+02,6.318262697153e+01,1.790017968479e-01,5.856113548760e-01,5.049619034362e-01,7.218024463949e-01,9.889008848658e-01
2.727254509018e-01,4.585402580793e-04,1.208130362833e-02,1.563164605706e+06,9.876080902492e-01,6.233971916422e+01,8.630526272741e+01,2.984936218084e+02,2.959183698801e+02,3.064090292178e+05,9.695030113628e+04,1.768823908370e+01,9.982587190190e+02,3.529954978725e+02,6.287373004220e+01,1.781148213537e-01,5.854360256739e-01,5.049592874691e-01,7.223165447178e-01,9.889063983844e-01
2.733466933868e-01,4.606009276844e-04,1.210841975104e-02,1.564008100920e+06,9.875941894972e-01,6.203652744303e+01,8.582424650398e+01,2.985324998591e+02,2.959211429008e+02,3.064486204532e+05,9.696267244758e+04,1.769540912581e+01,9.982584439896e+02,3.530185486441e+02,6.256722776571e+01,1.772349583500e-01,5.852589263885e-01,5.049552767632e-01,7.228321828628e-01,9.889139595058e-01
2.739679358717e-01,4.626662172158e-04,1.213553587375e-02,1.564841336599e+06,9.875802433278e-01,6.173567889861e+01,8.534699251588e+01,2.985707599902e+02,2.959239375858e+02,3.064875764172e+05,9.697512473734e+04,1.770249893240e+01,9.982581591346e+02,3.530411874898e+02,6.226309339588e+01,1.763621231806e-01,5.850800731360e-01,5.049498325692e-01,7.233492016386e-01,9.889236325469e-01
2.745891783567e-01,4.647361266735e-04,1.216265199646e-02,1.565664451951e+06,9.875662517316e-01,6.143714706823e+01,8.487347684331e+01,2.986084155998e+02,2.959267543807e+02,3.065259110493e+05,9.698765998976e+04,1.770950933595e+01,9.982578644099e+02,3.530634229030e+02,6.196130058037e+01,1.754962325774e-01,5.848994802056e-01,5.049429164610e-01,7.238674477971e-01,9.889354820764e-01
2.752104208417e-01,4.668106560575e-04,1.218976811917e-02,1.566477584688e+06,9.875522146127e-01,6.114090589079e+01,8.440367507429e+01,2.986454797282e+02,2.959295937468e+02,3.065636379130e+05,9.700028025484e+04,1.771644117109e+01,9.982575597665e+02,3.530852631393e+02,6.166182335404e+01,1.746372046395e-01,5.847171601769e-01,5.049344903985e-01,7.243867738812e-01,9.889495728358e-01
2.758316633267e-01,4.688898053679e-04,1.221688424188e-02,1.567280870999e+06,9.875381317937e-01,6.084692969980e+01,8.393756234076e+01,2.986819650460e+02,2.959324561608e+02,3.066007701820e+05,9.701298764530e+04,1.772329527532e+01,9.982572451506e+02,3.531067162095e+02,6.136463613232e+01,1.737849588109e-01,5.845331240382e-01,5.049245167919e-01,7.249070380764e-01,9.889659696549e-01
2.764529058116e-01,4.709735746045e-04,1.224400036458e-02,1.568074445548e+06,9.875240030211e-01,6.055519321653e+01,8.347511335317e+01,2.987178838426e+02,2.959353421137e+02,3.066373206281e+05,9.702578433335e+04,1.773007248963e+01,9.982569205042e+02,3.531277898735e+02,6.106971370478e+01,1.729394158604e-01,5.843473813060e-01,5.049129585688e-01,7.254281040665e-01,9.889847373621e-01
2.770741482966e-01,4.730619637675e-04,1.227111648729e-02,1.568858441458e+06,9.875098279700e-01,6.026567154316e+01,8.301630243357e+01,2.987532480146e+02,2.959382521106e+02,3.066733016093e+05,9.703867254712e+04,1.773677365924e+01,9.982565857648e+02,3.531484916348e+02,6.077703122870e+01,1.721004978595e-01,5.841599401445e-01,5.048997792438e-01,7.259498408928e-01,9.890059406894e-01
2.776953907816e-01,4.751549728569e-04,1.229823261000e-02,1.569632990303e+06,9.874956062499e-01,5.997834015615e+01,8.256110354725e+01,2.987880690554e+02,2.959411866688e+02,3.067087250581e+05,9.705165456692e+04,1.774339963423e+01,9.982562408661e+02,3.531688287353e+02,6.048656422281e+01,1.712681281624e-01,5.839708074871e-01,5.048849429890e-01,7.264721228178e-01,9.890296441724e-01
2.783166332665e-01,4.772526018725e-04,1.232534873271e-02,1.570398222106e+06,9.874813374099e-01,5.969317489966e+01,8.210949033302e+01,2.988223580452e+02,2.959441463179e+02,3.067436024712e+05,9.706473272128e+04,1.774995127015e+01,9.982558857377e+02,3.531888081496e+02,6.019828856109e+01,1.704422313846e-01,5.837799891575e-01,5.048684147085e-01,7.269948291916e-01,9.890559120439e-01
2.789378757515e-01,4.793548508145e-04,1.235246485542e-02,1.571154265327e+06,9.874670209442e-01,5.941015197911e+01,8.166143613210e+01,2.988561256415e+02,2.959471315979e+02,3.067779448993e+05,9.707790938269e+04,1.775642942865e+01,9.982555203060e+02,3.532084365813e+02,5.991218046667e+01,1.696227333825e-01,5.835874899920e-01,5.048501601129e-01,7.275178443226e-01,9.890848081229e-01
2.795591182365e-01,4.814617196828e-04,1.237958097813e-02,1.571901246864e+06,9.874526562974e-01,5.912924795488e+01,8.121691401580e+01,2.988893820706e+02,2.959501430588e+02,3.068117629380e+05,9.709118696320e+04,1.776283497806e+01,9.982551444939e+02,3.532277204584e+02,5.962821650585e+01,1.688095612328e-01,5.833933139631e-01,5.048301457975e-01,7.280410573513e-01,9.891163956972e-01
2.801803607214e-01,4.835732084774e-04,1.240669710084e-02,1.572639292049e+06,9.874382428706e-01,5.885043973607e+01,8.077589681192e+01,2.989221371200e+02,2.959531812588e+02,3.068450667195e+05,9.710456790968e+04,1.776916879394e+01,9.982547582213e+02,3.532466659300e+02,5.934637358219e+01,1.680026432124e-01,5.831974643028e-01,5.048083393214e-01,7.285643621277e-01,9.891507374007e-01
2.808016032064e-01,4.856893171983e-04,1.243381322355e-02,1.573368524647e+06,9.874237800270e-01,5.857370457446e+01,8.033835713002e+01,2.989544001310e+02,2.959562467638e+02,3.068778659049e+05,9.711805469898e+04,1.777543175956e+01,9.982543614054e+02,3.532652788629e+02,5.906662893075e+01,1.672019087777e-01,5.829999436270e-01,5.047847092884e-01,7.290876570910e-01,9.891878950852e-01
2.814228456914e-01,4.878100458455e-04,1.246092934626e-02,1.574089066858e+06,9.874092670976e-01,5.829902005850e+01,7.990426738550e+01,2.989861799930e+02,2.959593401458e+02,3.069101696780e+05,9.713164983276e+04,1.778162476640e+01,9.982539539610e+02,3.532835648397e+02,5.878896011237e+01,1.664072885447e-01,5.828007540606e-01,5.047592254302e-01,7.296108451534e-01,9.892279296863e-01
2.820440881764e-01,4.899353944191e-04,1.248804546897e-02,1.574801039316e+06,9.873947033872e-01,5.802636410745e+01,7.947359982268e+01,2.990174851379e+02,2.959624619817e+02,3.069419867396e+05,9.714535583218e+04,1.778774871453e+01,9.982535358008e+02,3.533015291562e+02,5.851334500809e+01,1.656187142689e-01,5.825998973623e-01,5.047318586899e-01,7.301338335864e-01,9.892709010844e-01
2.826653306613e-01,4.920653629190e-04,1.251516159167e-02,1.575504561092e+06,9.873800881803e-01,5.775571496567e+01,7.904632653677e+01,2.990483235362e+02,2.959656128520e+02,3.069733253026e+05,9.715917523237e+04,1.779380451305e+01,9.982531068357e+02,3.533191768205e+02,5.823976181368e+01,1.648361188254e-01,5.823973750497e-01,5.047025813074e-01,7.306565339100e-01,9.893168679607e-01
2.832865731463e-01,4.941999513452e-04,1.254227771438e-02,1.576199749699e+06,9.873654207475e-01,5.748705119697e+01,7.862241949479e+01,2.990787026936e+02,2.959687933392e+02,3.070041930889e+05,9.717311057668e+04,1.779979308033e+01,9.982526669751e+02,3.533365125523e+02,5.796818903424e+01,1.640594361888e-01,5.821931885246e-01,5.046713669054e-01,7.311788617848e-01,9.893658876482e-01
2.839078156313e-01,4.963391596977e-04,1.256939383709e-02,1.576886721095e+06,9.873507003510e-01,5.722035167907e+01,7.820185055560e+01,2.991086296490e+02,2.959720040269e+02,3.070345973272e+05,9.718716441078e+04,1.780571534433e+01,9.982522161273e+02,3.533535407825e+02,5.769860547892e+01,1.632886014136e-01,5.819873391978e-01,5.046381905767e-01,7.317007369076e-01,9.894180159768e-01
2.845290581162e-01,4.984829879766e-04,1.259650995980e-02,1.577565589689e+06,9.873359262517e-01,5.695559559822e+01,7.778459148885e+01,2.991381109728e+02,2.959752454977e+02,3.070645447510e+05,9.720133927658e+04,1.781157224279e+01,9.982517542001e+02,3.533702656542e+02,5.743099025572e+01,1.625235506146e-01,5.817798286159e-01,5.046030289743e-01,7.322220829095e-01,9.894733071109e-01
2.851503006012e-01,5.006314361818e-04,1.262362608251e-02,1.578236468348e+06,9.873210977148e-01,5.669276244391e+01,7.737061399324e+01,2.991671527676e+02,2.959785183323e+02,3.070940415994e+05,9.721563770599e+04,1.781736472338e+01,9.982512811007e+02,3.533866910239e+02,5.716532276640e+01,1.617642209467e-01,5.815706585891e-01,5.045658604031e-01,7.327428272556e-01,9.895318133788e-01
2.857715430862e-01,5.027845043133e-04,1.265074220522e-02,1.578899468401e+06,9.873062140173e-01,5.643183200361e+01,7.695988971414e+01,2.991957606692e+02,2.959818231076e+02,3.071230936178e+05,9.723006221451e+04,1.782309374376e+01,9.982507967363e+02,3.534028204636e+02,5.690158270147e+01,1.610105505859e-01,5.813598313221e-01,5.045266649145e-01,7.332629011452e-01,9.895935850929e-01
2.863927855711e-01,5.049421923711e-04,1.267785832793e-02,1.579554699650e+06,9.872912744538e-01,5.617278435775e+01,7.655239026078e+01,2.992239398484e+02,2.959851603952e+02,3.071517060605e+05,9.724461529474e+04,1.782876027161e+01,9.982503010147e+02,3.534186572635e+02,5.663975003529e+01,1.602624787097e-01,5.811473495439e-01,5.044854244001e-01,7.337822394100e-01,9.896586703694e-01
2.870140280561e-01,5.071045003552e-04,1.270497445064e-02,1.580202270377e+06,9.872762783439e-01,5.591559987465e+01,7.614808722293e+01,2.992516950153e+02,2.959885307599e+02,3.071798836943e+05,9.725929940973e+04,1.783436528458e+01,9.982497938442e+02,3.534342044358e+02,5.637980502131e+01,1.595199454770e-01,5.809332166295e-01,5.044421226765e-01,7.343007804117e-01,9.897271149576e-01
2.876352705411e-01,5.092714282657e-04,1.273209057335e-02,1.580842287352e+06,9.872612250370e-01,5.566025920566e+01,7.574695218660e+01,2.992790304235e+02,2.959919347581e+02,3.072076308038e+05,9.727411698628e+04,1.783990977014e+01,9.982492751347e+02,3.534494647183e+02,5.612172818731e+01,1.587828920099e-01,5.807174367060e-01,5.043967455558e-01,7.348184659436e-01,9.897989620963e-01
2.882565130261e-01,5.114429761025e-04,1.275920669606e-02,1.581474855842e+06,9.872461139173e-01,5.540674328031e+01,7.534895674761e+01,2.993059498766e+02,2.959953729361e+02,3.072349511974e+05,9.728907040825e+04,1.784539472538e+01,9.982487447972e+02,3.534644405795e+02,5.586550033094e+01,1.580512603739e-01,5.805000147361e-01,5.043492808974e-01,7.353352411488e-01,9.898742523976e-01
2.888777555110e-01,5.136191438656e-04,1.278632281877e-02,1.582100079626e+06,9.872309444080e-01,5.515503330169e+01,7.495407252182e+01,2.993324567344e+02,2.959988458287e+02,3.072618482150e+05,9.730416200976e+04,1.785082115681e+01,9.982482027452e+02,3.534791342233e+02,5.561110251515e+01,1.573249935596e-01,5.802809565919e-01,5.042997186615e-01,7.358510544658e-01,9.899530237289e-01
2.894989979960e-01,5.157999315550e-04,1.281343894147e-02,1.582718061001e+06,9.872157159770e-01,5.490511074183e+01,7.456227115190e+01,2.993585539211e+02,2.960023539572e+02,3.072883247355e+05,9.731939406841e+04,1.785619008004e+01,9.982476488942e+02,3.534935475950e+02,5.535851606369e+01,1.566040354635e-01,5.800602691631e-01,5.042480510063e-01,7.363658576062e-01,9.900353110052e-01
2.901202404810e-01,5.179853391708e-04,1.284055506418e-02,1.583328900801e+06,9.872004281484e-01,5.465695733739e+01,7.417352431407e+01,2.993842439341e+02,2.960058978282e+02,3.073143831868e+05,9.733476879834e+04,1.786150251947e+01,9.982470831627e+02,3.535076823892e+02,5.510772255659e+01,1.558883308678e-01,5.798379605683e-01,5.041942724924e-01,7.368796055309e-01,9.901211457764e-01
2.907414829659e-01,5.201753667128e-04,1.286767118689e-02,1.583932698401e+06,9.871850805227e-01,5.441055508521e+01,7.378780373252e+01,2.994095288533e+02,2.960094779313e+02,3.073400255558e+05,9.735028834303e+04,1.786675950780e+01,9.982465054726e+02,3.535215400594e+02,5.485870382538e+01,1.551778254195e-01,5.796140405267e-01,5.041383804233e-01,7.373922563470e-01,9.902105555461e-01
2.913627254509e-01,5.223700141812e-04,1.289478730960e-02,1.584529551726e+06,9.871696728022e-01,5.416588623791e+01,7.340508121213e+01,2.994344103540e+02,2.960130947381e+02,3.073652534013e+05,9.736595476766e+04,1.787196208545e+01,9.982459157492e+02,3.535351218306e+02,5.461144194855e+01,1.544724656090e-01,5.793885208411e-01,5.040803752367e-01,7.379037710124e-01,9.903035629843e-01
2.919839679359e-01,5.245692815759e-04,1.292190343231e-02,1.585119557251e+06,9.871542048098e-01,5.392293329906e+01,7.302532869451e+01,2.994588897224e+02,2.960167486995e+02,3.073900678715e+05,9.738177005148e+04,1.787711129959e+01,9.982453139223e+02,3.535484287129e+02,5.436591924755e+01,1.537721987493e-01,5.791614157321e-01,5.040202606552e-01,7.384141127887e-01,9.904001855777e-01
2.926052104208e-01,5.267731688970e-04,1.294901955502e-02,1.585702810005e+06,9.871386764739e-01,5.368167901819e+01,7.264851832173e+01,2.994829678772e+02,2.960204402447e+02,3.074144697262e+05,9.739773608083e+04,1.788220820292e+01,9.982446999260e+02,3.535614615112e+02,5.412211828411e+01,1.530769729619e-01,5.789327415175e-01,5.039580431330e-01,7.389232465893e-01,9.905004366066e-01
2.932264529058e-01,5.289816761443e-04,1.297613567773e-02,1.586279403585e+06,9.871230877515e-01,5.344210638592e+01,7.227462245744e+01,2.995066453949e+02,2.960241697799e+02,3.074384593643e+05,9.741385464457e+04,1.788725385232e+01,9.982440736994e+02,3.535742208255e+02,5.388002185915e+01,1.523867371703e-01,5.787025151114e-01,5.038937302329e-01,7.394311387429e-01,9.906043281588e-01
2.938476953908e-01,5.311948033180e-04,1.300325180044e-02,1.586849430202e+06,9.871074384906e-01,5.320419863035e+01,7.190361358390e+01,2.995299225342e+02,2.960279376878e+02,3.074620368493e+05,9.743012743316e+04,1.789224930786e+01,9.982434351867e+02,3.535867070389e+02,5.363961301237e+01,1.517014411021e-01,5.784707513723e-01,5.038273282592e-01,7.399377580415e-01,9.907118755934e-01
2.944689378758e-01,5.334125504180e-04,1.303036792315e-02,1.587412980767e+06,9.870917283055e-01,5.296793921618e+01,7.153546401009e+01,2.995527992460e+02,2.960317443287e+02,3.074852019196e+05,9.744655604127e+04,1.789719563328e+01,9.982427843367e+02,3.535989202992e+02,5.340087501922e+01,1.510210352849e-01,5.782374607348e-01,5.037588408666e-01,7.404430788163e-01,9.908231002289e-01
2.950901803607e-01,5.356349174443e-04,1.305748404586e-02,1.587970144995e+06,9.870759566389e-01,5.273331184673e+01,7.117014544536e+01,2.995752751496e+02,2.960355900404e+02,3.075079539636e+05,9.746314196861e+04,1.790209389854e+01,9.982421211034e+02,3.536108605179e+02,5.316379138018e+01,1.503454710138e-01,5.780026504494e-01,5.036882718881e-01,7.409470855616e-01,9.909380241024e-01
2.957114228457e-01,5.378619043970e-04,1.308460016856e-02,1.588521011442e+06,9.870601232345e-01,5.250030046648e+01,7.080762873901e+01,2.995973494644e+02,2.960394751351e+02,3.075302919459e+05,9.747988660697e+04,1.790694518470e+01,9.982414454464e+02,3.536225274226e+02,5.292834579839e+01,1.496747002635e-01,5.777663337064e-01,5.036156357025e-01,7.414497759838e-01,9.910566504263e-01
2.963326653307e-01,5.400935112759e-04,1.311171629127e-02,1.589065667370e+06,9.870442291170e-01,5.226888925668e+01,7.044788436925e+01,2.996190209103e+02,2.960433998892e+02,3.075522143024e+05,9.749679119674e+04,1.791175058843e+01,9.982407573336e+02,3.536339206899e+02,5.269452214940e+01,1.490086755439e-01,5.775285483473e-01,5.035409747550e-01,7.419511561584e-01,9.911789302984e-01
2.969539078156e-01,5.423297380812e-04,1.313883241398e-02,1.589604198292e+06,9.870282777301e-01,5.203906261375e+01,7.009088431211e+01,2.996402876550e+02,2.960473645235e+02,3.075737188842e+05,9.751385674418e+04,1.791651122037e+01,9.982400567452e+02,3.536450401366e+02,5.246230446195e+01,1.483473497654e-01,5.772893784194e-01,5.034643749144e-01,7.424512206470e-01,9.913047330969e-01
2.975751503006e-01,5.445705848128e-04,1.316594853669e-02,1.590136687297e+06,9.870122751811e-01,5.181080510478e+01,6.973660530172e+01,2.996611474643e+02,2.960513691808e+02,3.075948031201e+05,9.753108392336e+04,1.792122818811e+01,9.982393436809e+02,3.536558858544e+02,5.223167694516e+01,1.476906762600e-01,5.770489583400e-01,5.033859576952e-01,7.429499167706e-01,9.914338601879e-01
2.981963927856e-01,5.468160514707e-04,1.319306465940e-02,1.590663214552e+06,9.869962279682e-01,5.158410141291e+01,6.938503187759e+01,2.996815982615e+02,2.960554139465e+02,3.076154646128e+05,9.754847304972e+04,1.792590255591e+01,9.982386182036e+02,3.536664580933e+02,5.200262409670e+01,1.470386091377e-01,5.768074288545e-01,5.033058234624e-01,7.434471098019e-01,9.915661511917e-01
2.988176352705e-01,5.490661380550e-04,1.322018078211e-02,1.591183857869e+06,9.869801370076e-01,5.135893631990e+01,6.903615531621e+01,2.997016392077e+02,2.960594988536e+02,3.076357022894e+05,9.756602428143e+04,1.793053528401e+01,9.982378803654e+02,3.536767567319e+02,5.177513088592e+01,1.463911040249e-01,5.765648226974e-01,5.032239374364e-01,7.439425918877e-01,9.917016990047e-01
2.994388777555e-01,5.513208445656e-04,1.324729690482e-02,1.591698695416e+06,9.869639892038e-01,5.113529480851e+01,6.868996316969e+01,2.997212720523e+02,2.960636240230e+02,3.076555178346e+05,9.758373820687e+04,1.793512717483e+01,9.982371301717e+02,3.536867804376e+02,5.154918291466e+01,1.457481188607e-01,5.763209044710e-01,5.031400038108e-01,7.444361948802e-01,9.918410888993e-01
3.000601202405e-01,5.535801710024e-04,1.327441302753e-02,1.592207810795e+06,9.869477523841e-01,5.091316234871e+01,6.834641674493e+01,2.997405017867e+02,2.960677899031e+02,3.076749163767e+05,9.760161678717e+04,1.793967888963e+01,9.982363675517e+02,3.536965260853e+02,5.132476633395e+01,1.451096138885e-01,5.760750762641e-01,5.030534534858e-01,7.449280411982e-01,9.919854249911e-01
3.006813627255e-01,5.558441173657e-04,1.330152915024e-02,1.592711298299e+06,9.869313840700e-01,5.069252528342e+01,6.800542370849e+01,2.997593347453e+02,2.960719974527e+02,3.076939044518e+05,9.761966412549e+04,1.794419112678e+01,9.982355923168e+02,3.537059893849e+02,5.110186722279e+01,1.444755496271e-01,5.758265481580e-01,5.029637239321e-01,7.454188580710e-01,9.921358055133e-01
3.013026052104e-01,5.581126836552e-04,1.332864527295e-02,1.593209262452e+06,9.869148641700e-01,5.047337094747e+01,6.766683004528e+01,2.997777718998e+02,2.960762479778e+02,3.077124828604e+05,9.763788578507e+04,1.794866503258e+01,9.982348041994e+02,3.537151673358e+02,5.088047030014e+01,1.438458822204e-01,5.755749633383e-01,5.028709343887e-01,7.459100849515e-01,9.922920488541e-01
3.019238476954e-01,5.603858698711e-04,1.335576139565e-02,1.593701802925e+06,9.868982495091e-01,5.025568692669e+01,6.733047132945e+01,2.997957964018e+02,2.960805421911e+02,3.077306334243e+05,9.765628484438e+04,1.795310280615e+01,9.982340030705e+02,3.537240614705e+02,5.066055745816e+01,1.432205579896e-01,5.753214343828e-01,5.027767576355e-01,7.464033138990e-01,9.924510445452e-01
3.025450901804e-01,5.626636760132e-04,1.338287751836e-02,1.594188981850e+06,9.868817213094e-01,5.003945933128e+01,6.699631735462e+01,2.998133590969e+02,2.960848782392e+02,3.077483036214e+05,9.767485362657e+04,1.795750823261e+01,9.982331893950e+02,3.537326783670e+02,5.044210789242e+01,1.425995136364e-01,5.750694386434e-01,5.026847876011e-01,7.468986551367e-01,9.926060650567e-01
3.031663326653e-01,5.649461020817e-04,1.340999364107e-02,1.594670789666e+06,9.868655650909e-01,4.982467129670e+01,6.666468944371e+01,2.998303742513e+02,2.960892492657e+02,3.077654021034e+05,9.769356348668e+04,1.796188656564e+01,9.982323647984e+02,3.537410228224e+02,5.022510269462e+01,1.419826920098e-01,5.748244248458e-01,5.025993001527e-01,7.473922358667e-01,9.927491500932e-01
3.037875751503e-01,5.672331480765e-04,1.343710976378e-02,1.595147139855e+06,9.868500149211e-01,4.961130240291e+01,6.633641269783e+01,2.998467465625e+02,2.960936426973e+02,3.077818274892e+05,9.771236182185e+04,1.796624278981e+01,9.982315322355e+02,3.537490830145e+02,5.000953362150e+01,1.413700728079e-01,5.745908460207e-01,5.025216075101e-01,7.478743631931e-01,9.928780429987e-01
3.044088176353e-01,5.695248139977e-04,1.346422588649e-02,1.595617884224e+06,9.868349515905e-01,4.939932357668e+01,6.601262316388e+01,2.998624497687e+02,2.960980453048e+02,3.077975520982e+05,9.773119323332e+04,1.797057690143e+01,9.982306947911e+02,3.537568179903e+02,4.979540418682e+01,1.407616804948e-01,5.743664225680e-01,5.024448499547e-01,7.483314737251e-01,9.930058251750e-01
3.050300601202e-01,5.718210998451e-04,1.349134200920e-02,1.596082802235e+06,9.868195883876e-01,4.918868477440e+01,6.569390866144e+01,2.998776572645e+02,2.961024583343e+02,3.078127611595e+05,9.775006272839e+04,1.797487565360e+01,9.982298520640e+02,3.537641744891e+02,4.958270780264e+01,1.401575155943e-01,5.741361574576e-01,5.023510590730e-01,7.487556422910e-01,9.931657199879e-01
3.056513026052e-01,5.741220056189e-04,1.351845813191e-02,1.596541869945e+06,9.868024568993e-01,4.897935436594e+01,6.537873385280e+01,2.998928941535e+02,2.961069222938e+02,3.078280142699e+05,9.776913952580e+04,1.797910611155e+01,9.982289943706e+02,3.537711777383e+02,4.937142830126e+01,1.395575202505e-01,5.738720477828e-01,5.022171440746e-01,7.491633973246e-01,9.933997195676e-01
3.062725450902e-01,5.764275313190e-04,1.354557425462e-02,1.596997011250e+06,9.867820570158e-01,4.877155881131e+01,6.506186067850e+01,2.999091462489e+02,2.961115380588e+02,3.078443578037e+05,9.778884685841e+04,1.798322859949e+01,9.982280984908e+02,3.537781323721e+02,4.916171243555e+01,1.389619875765e-01,5.735455389743e-01,5.020351294815e-01,7.496182602633e-01,9.937248567417e-01
3.068937875752e-01,5.787376769455e-04,1.357269037733e-02,1.597455136391e+06,9.867582371408e-01,4.856604048049e+01,6.473457529222e+01,2.999277043012e+02,2.961164508135e+02,3.078631524214e+05,9.780979771059e+04,1.798724064789e+01,9.982271328633e+02,3.537858110467e+02,4.895407827930e+01,1.383720792376e-01,5.731540098509e-01,5.018400586133e-01,7.502333994045e-01,9.940870915699e-01
3.075150300601e-01,5.810524424982e-04,1.359980650004e-02,1.597922008461e+06,9.867336218699e-01,4.836281191309e+01,6.438922008054e+01,2.999489649817e+02,2.961217481741e+02,3.078848085151e+05,9.783236348889e+04,1.799118247262e+01,9.982260791273e+02,3.537949970943e+02,4.874825988317e+01,1.377867417107e-01,5.727473657247e-01,5.017135369891e-01,7.511010671134e-01,9.943303385464e-01
3.081362725451e-01,5.833718279773e-04,1.362692262274e-02,1.598367354934e+06,9.867135227531e-01,4.815672107732e+01,6.402957340919e+01,2.999691016825e+02,2.961272426762e+02,3.079053131929e+05,9.785573283429e+04,1.799495095395e+01,9.982249683042e+02,3.538043632606e+02,4.853913783441e+01,1.371920272183e-01,5.724234120816e-01,5.017152874433e-01,7.521012324972e-01,9.942297960896e-01
3.087575150301e-01,5.856958333827e-04,1.365403874545e-02,1.598700450910e+06,9.867027918711e-01,4.793792297836e+01,6.368473158969e+01,2.999771647895e+02,2.961322024209e+02,3.079131923836e+05,9.787676359423e+04,1.799820526906e+01,9.982239341762e+02,3.538080244604e+02,4.831764838007e+01,1.365645916419e-01,5.722676580380e-01,5.017678041602e-01,7.527380862217e-01,9.937201906068e-01
3.093787575150e-01,5.880244587144e-04,1.368115486816e-02,1.598963693427e+06,9.867005877939e-01,4.772513111598e+01,6.341612308501e+01,2.999651810242e+02,2.961352782337e+02,3.078998585149e+05,9.788985867455e+04,1.800192096984e+01,9.982233183734e+02,3.538010729567e+02,4.810356825887e+01,1.359621887432e-01,5.722772212351e-01,5.017220517928e-01,7.525709361324e-01,9.935359108117e-01
3.100000000000e-01,5.903577039724e-04,1.370827099087e-02,1.600000000000e+06,9.867005877939e-01,4.760269596288e+01,6.329368793192e+01,2.999672629505e+02,2.961350473670e+02,3.078998585149e+05,9.788985867455e+04,1.801347903791e+01,9.982238423341e+02,3.538048705819e+02,4.798108414507e+01,1.356145382232e-01,5.724341925880e-01,5.017233330325e-01,7.520923099644e-01,9.955554891845e-01
