x,A,r,p,alpha_g,u_g,u_l,T_g,T_l,h_g,h_l,rho_g,rho_l,a_mix,u_mix,Ma_mix,quality_static,quality_flow,slip,mdot
0.000000000000e+00,3.525652355491e-03,3.350000000000e-02,1.196922764752e+07,1.002497049561e-03,9.333965859208e+00,9.333965859208e+00,5.975433528377e+02,5.789329657786e+02,2.685402737166e+06,1.374074051725e+06,6.992773604479e+01,7.064002414165e+02,8.882294436727e+02,9.333965859208e+00,1.050850759981e-02,9.932857142661e-05,9.932857142661e-05,1.000000000000e+00,2.322544674535e+01
2.003338898164e-03,3.530872742832e-03,3.352479233195e-02,1.196496759203e+07,1.002261822213e-03,9.339327912961e+00,9.333965327390e+00,5.975971217203e+02,5.789309635322e+02,2.686209139941e+06,1.374068035201e+06,6.983323867299e+01,7.063950226550e+02,8.882046039682e+02,9.333966659872e+00,1.050880238424e-02,9.917179277394e-05,9.922876367909e-05,1.000574523837e+00,2.325966635086e+01
4.006677796327e-03,3.530854870169e-03,3.352470748351e-02,1.197218693743e+07,9.991585453787e-04,9.349068354437e+00,9.334649470153e+00,5.976432617942e+02,5.789343634143e+02,2.686052123264e+06,1.374078270490e+06,6.988967926424e+01,7.064038505296e+02,8.883063396371e+02,9.334653044187e+00,1.050837152418e-02,9.894311294888e-05,9.909593153364e-05,1.001544662639e+00,2.326161331442e+01
6.010016694491e-03,3.520364445529e-03,3.347486827430e-02,1.197368142735e+07,9.963335926800e-04,9.397142346008e+00,9.364885209561e+00,5.976528105983e+02,5.789350638048e+02,2.686019606850e+06,1.374080369703e+06,6.990136683668e+01,7.064056858365e+02,8.883607710421e+02,9.364893183654e+00,1.054176803943e-02,9.867935791337e-05,9.901922308545e-05,1.003444477506e+00,2.326774836881e+01
8.013355592654e-03,3.494233334499e-03,3.335039752393e-02,1.197262772434e+07,9.936348219136e-04,9.495985907115e+00,9.438514573733e+00,5.976460782292e+02,5.789345696114e+02,2.686042533260e+06,1.374078887450e+06,6.989312628080e+01,7.064043927280e+02,8.883940926233e+02,9.438528740976e+00,1.062425878261e-02,9.840040506121e-05,9.899950808508e-05,1.006089023112e+00,2.327663502059e+01
1.001669449082e-02,3.447461401399e-03,3.312644029023e-02,1.197161892757e+07,9.909139063818e-04,9.656878349248e+00,9.568970061269e+00,5.976396323400e+02,5.789341000307e+02,2.686064480668e+06,1.374077488916e+06,6.988523750897e+01,7.064031463744e+02,8.884280801319e+02,9.568991670102e+00,1.077069926547e-02,9.811980821038e-05,9.902112676298e-05,1.009186807715e+00,2.328250354838e+01
1.202003338898e-02,3.377241552941e-03,3.278733557842e-02,1.196989629069e+07,9.883892512362e-04,9.888240172304e+00,9.766833510949e+00,5.976286242515e+02,5.789332958470e+02,2.686101954027e+06,1.374075087416e+06,6.987176785866e+01,7.064010234489e+02,8.884537065438e+02,9.766863273217e+00,1.099310318735e-02,9.785102779835e-05,9.906724487486e-05,1.012430503829e+00,2.327988286302e+01
1.402337228715e-02,3.285879686062e-03,3.234080996023e-02,1.196717328661e+07,9.861589753132e-04,1.019285060034e+01,1.003692579928e+01,5.976112210173e+02,5.789320193100e+02,2.686161177609e+06,1.374071260580e+06,6.985047957374e+01,7.063976800550e+02,8.884673380035e+02,1.003696392761e+01,1.129694193392e-02,9.760075221896e-05,9.911684088793e-05,1.015535115451e+00,2.327642019284e+01
1.602671118531e-02,3.176555184425e-03,3.179825339875e-02,1.196398604200e+07,9.841516917192e-04,1.057149031044e+01,1.038101819779e+01,5.975908467732e+02,5.789305177723e+02,2.686230480619e+06,1.374066739008e+06,6.982556723620e+01,7.063937836331e+02,8.884741233494e+02,1.038106466544e+01,1.168414970411e-02,9.736771558634e-05,9.915405246038e-05,1.018348114705e+00,2.327333750770e+01
1.803005008347e-02,3.052480508508e-03,3.117105585702e-02,1.196023896003e+07,9.823174729739e-04,1.102716705052e+01,1.080165454350e+01,5.975668883413e+02,5.789287374412e+02,2.686311932518e+06,1.374061336616e+06,6.979628644240e+01,7.063892376941e+02,8.884741607867e+02,1.080170943803e+01,1.215759547635e-02,9.714595999218e-05,9.917393230243e-05,1.020877589272e+00,2.327038159550e+01
2.003338898164e-02,2.916827080567e-03,3.047055785563e-02,1.195570214562e+07,9.805960908704e-04,1.156583825522e+01,1.130340072874e+01,5.975378725371e+02,5.789265583323e+02,2.686410516261e+06,1.374054660003e+06,6.976084511473e+01,7.063837883185e+02,8.884667165322e+02,1.130346447291e+01,1.272243997730e-02,9.692708385335e-05,9.917727226513e-05,1.023217572550e+00,2.326898980469e+01
2.203672787980e-02,2.771996019494e-03,2.970443969287e-02,1.195043067691e+07,9.788977426192e-04,1.219801517877e+01,1.189471347651e+01,5.975041472653e+02,5.789239901982e+02,2.686525015843e+06,1.374046693969e+06,6.971967937388e+01,7.063775405253e+02,8.884536772479e+02,1.189478698287e+01,1.338819038907e-02,9.670282569298e-05,9.916839353384e-05,1.025498865766e+00,2.327025819249e+01
2.404006677796e-02,2.619226074902e-03,2.887430611792e-02,1.194424779833e+07,9.771863937170e-04,1.294034527077e+01,1.258968095105e+01,5.974645761438e+02,5.789209286134e+02,2.686659246096e+06,1.374037065893e+06,6.967141635468e+01,7.063703273977e+02,8.884343970602e+02,1.258976573887e+01,1.417073199836e-02,9.646778346924e-05,9.915446438024e-05,1.027853312652e+00,2.327226360888e+01
2.604340567613e-02,2.459700118043e-03,2.798118769139e-02,1.193664763369e+07,9.754989553528e-04,1.381508333094e+01,1.340789314115e+01,5.974159121397e+02,5.789171120822e+02,2.686824148463e+06,1.374024924985e+06,6.961211977248e+01,7.063615839570e+02,8.884046532090e+02,1.340799135742e+01,1.509221198807e-02,9.622029105916e-05,9.914215758812e-05,1.030369438771e+00,2.327496155045e+01
2.804674457429e-02,2.294653487946e-03,2.702611497384e-02,1.192733911279e+07,9.738841153147e-04,1.485021474993e+01,1.437462907707e+01,5.973562762708e+02,5.789123792979e+02,2.687025971505e+06,1.374009719633e+06,6.953953906638e+01,7.063510098844e+02,8.883616571605e+02,1.437474350226e+01,1.618118407790e-02,9.596215677500e-05,9.913675712319e-05,1.033085074426e+00,2.327845904866e+01
3.005008347245e-02,2.125374063513e-03,2.601014371846e-02,1.191586035370e+07,9.724411970604e-04,1.608008056814e+01,1.552135947887e+01,5.972826861454e+02,5.789064888370e+02,2.687274627645e+06,1.373990658610e+06,6.945010385478e+01,7.063380944829e+02,8.883005514791e+02,1.552149356476e+01,1.747324544481e-02,9.569838030830e-05,9.914288543166e-05,1.035996917025e+00,2.328082098002e+01
3.205342237062e-02,1.953915870006e-03,2.493894019790e-02,1.190082684653e+07,9.713808097743e-04,1.754170098570e+01,1.688263001003e+01,5.971862222226e+02,5.788987750000e+02,2.687599918947e+06,1.373965704176e+06,6.933308457355e+01,7.063211721806e+02,8.882077580429e+02,1.688278778665e+01,1.900770133314e-02,9.543516712468e-05,9.916043455194e-05,1.039038406651e+00,2.327926072019e+01
3.405676126878e-02,1.783699973401e-03,2.382791085092e-02,1.188087806676e+07,9.708970390772e-04,1.927063276922e+01,1.849221187041e+01,5.970580709737e+02,5.788885989993e+02,2.688030920782e+06,1.373932945695e+06,6.917800138753e+01,7.062985669881e+02,8.880699914409e+02,1.849239778235e+01,2.082313101510e-02,9.517730105615e-05,9.918334708556e-05,1.042094526294e+00,2.327663564078e+01
3.606010016694e-02,1.617933538046e-03,2.269370486166e-02,1.185512926231e+07,9.711356339803e-04,2.130314378345e+01,2.038432096178e+01,5.968924100684e+02,5.788755505492e+02,2.688586148985e+06,1.373891175705e+06,6.897815790729e+01,7.062691710026e+02,8.878781902020e+02,2.038453993758e+01,2.295871231272e-02,9.492966910696e-05,9.920819735920e-05,1.045074978136e+00,2.327278191850e+01
3.806343906511e-02,1.459365847397e-03,2.155297141429e-02,1.182214876570e+07,9.723484762857e-04,2.367827195114e+01,2.259527219852e+01,5.966798091288e+02,5.788589620506e+02,2.689295532789e+06,1.373838419702e+06,6.872272733819e+01,7.062311993865e+02,8.876174374089e+02,2.259552983491e+01,2.545638344022e-02,9.470148425149e-05,9.924011095547e-05,1.047930369818e+00,2.326747554897e+01
4.006677796327e-02,1.310272767298e-03,2.042235969295e-02,1.178028195189e+07,9.748894696926e-04,2.643308565100e+01,2.515998202652e+01,5.964092531908e+02,5.788380706639e+02,2.690193176915e+06,1.373772453339e+06,6.839934201745e+01,7.061825609886e+02,8.872693212545e+02,2.516028450033e+01,2.835698687829e-02,9.450893380553e-05,9.929064308615e-05,1.050600339187e+00,2.325993826495e+01
4.207011686144e-02,1.172556389087e-03,1.931932428307e-02,1.172709099066e+07,9.792954207285e-04,2.959054416858e+01,2.810249372764e+01,5.960644278562e+02,5.788117516032e+02,2.691328989779e+06,1.373689999968e+06,6.798987942837e+01,7.061201708264e+02,8.868063358350e+02,2.810284711410e+01,3.168994850227e-02,9.437650688669e-05,9.937332490418e-05,1.052950832597e+00,2.324742541490e+01
4.407345575960e-02,1.048164864804e-03,1.826584897610e-02,1.166005315783e+07,9.861832267579e-04,3.313843993039e+01,3.141886411072e+01,5.956280878051e+02,5.787788459806e+02,2.692753139728e+06,1.373587720704e+06,6.747602330368e+01,7.060407999531e+02,8.861985313446e+02,3.141927278644e+01,3.545398877921e-02,9.433325665666e-05,9.949566631784e-05,1.054730680702e+00,2.323082232880e+01
4.607679465776e-02,9.386709152981e-04,1.728549195749e-02,1.157791112771e+07,9.960311303091e-04,3.700752897066e+01,3.505851532212e+01,5.950907543002e+02,5.787387895525e+02,2.694487053262e+06,1.373464083041e+06,6.684969836710e+01,7.059427482625e+02,8.854270348294e+02,3.505897956197e+01,3.959556031484e-02,9.440492854017e-05,9.965267382490e-05,1.055593159911e+00,2.321062620603e+01
4.808013355593e-02,8.451497083616e-04,1.640181415200e-02,1.147815466595e+07,1.009314525284e-03,4.105274970785e+01,3.890602513017e+01,5.944341771871e+02,5.786904650790e+02,2.696576409520e+06,1.373316039652e+06,6.609389884115e+01,7.058226451031e+02,8.844623699738e+02,3.890653843229e+01,4.398891321226e-02,9.459970496097e-05,9.981892845713e-05,1.055177175527e+00,2.318733778091e+01
5.008347245409e-02,7.682866340021e-04,1.563819781899e-02,1.135965214074e+07,1.026001451133e-03,4.506340805791e+01,4.278183428803e+01,5.936484097283e+02,5.786335312937e+02,2.699035195039e+06,1.373143263522e+06,6.520285136489e+01,7.056784726101e+02,8.832917052766e+02,4.278238265135e+01,4.843516858109e-02,9.488821965014e-05,9.994814376060e-05,1.053330433532e+00,2.317326038618e+01
5.208681135225e-02,7.070712034659e-04,1.500225830664e-02,1.123253314821e+07,1.044409548185e-03,4.885436028923e+01,4.651010836558e+01,5.927983598228e+02,5.785729150907e+02,2.701644953938e+06,1.372961009976e+06,6.425504444339e+01,7.055222628676e+02,8.820155947549e+02,4.651067497133e+01,5.273225921165e-02,9.520939528798e-05,1.000077605183e-04,1.050403063034e+00,2.317986172310e+01
5.409015025042e-02,6.581257783619e-04,1.447369826979e-02,1.110694697232e+07,1.062781597149e-03,5.236158620845e+01,5.000479582951e+01,5.919511506995e+02,5.785132358234e+02,2.704195195001e+06,1.372782595299e+06,6.332666310506e+01,7.053669621243e+02,8.807406951270e+02,5.000536850875e+01,5.677649367791e-02,9.550714016824e-05,1.000080644194e-04,1.047131286906e+00,2.319088404585e+01
5.609348914858e-02,6.183377397810e-04,1.402936262176e-02,1.098235233803e+07,1.080713441998e-03,5.561939326945e+01,5.326569757858e+01,5.911032241597e+02,5.784540309882e+02,2.706697956106e+06,1.372606049358e+06,6.241331001197e+01,7.052123974578e+02,8.794705750801e+02,5.326627215183e+01,6.056629256411e-02,9.574053508187e-05,9.997067881988e-05,1.044187831904e+00,2.320422825276e+01
5.809682804674e-02,5.850146402997e-04,1.364609627585e-02,1.086090588469e+07,1.097678070735e-03,5.871706442721e+01,5.634987132274e+01,5.902694871370e+02,5.783961540010e+02,2.709111404885e+06,1.372433413994e+06,6.153027572605e+01,7.050616714502e+02,8.782321457477e+02,5.635045131268e+01,6.416350344898e-02,9.588972519746e-05,9.991753947133e-05,1.042008846673e+00,2.321951734427e+01
6.010016694491e-02,5.557811501613e-04,1.330077571614e-02,1.074423695770e+07,1.113645950698e-03,6.177407949473e+01,5.935633592288e+01,5.894616984517e+02,5.783401210078e+02,2.711405794843e+06,1.372265449025e+06,6.068858801492e+01,7.049174716391e+02,8.770412618184e+02,5.935693002049e+01,6.767860601840e-02,9.597500360259e-05,9.988393374539e-05,1.040732695748e+00,2.323103897685e+01
6.210350584307e-02,5.290677783802e-04,1.297719169619e-02,1.062246414745e+07,1.130356888141e-03,6.486655056811e+01,6.236598966862e+01,5.886112764186e+02,5.782812205605e+02,2.713775480335e+06,1.372088127000e+06,5.981686031548e+01,7.047675039110e+02,8.757902880118e+02,6.236660580644e+01,7.121180339648e-02,9.603793265930e-05,9.988818361394e-05,1.040094944581e+00,2.323042737782e+01
6.410684474124e-02,5.046962781968e-04,1.267477080149e-02,1.048891426865e+07,1.149055447061e-03,6.797873507824e+01,6.538864911375e+01,5.876698465656e+02,5.782165950058e+02,2.716345055194e+06,1.371893976367e+06,5.886863132832e+01,7.046025677525e+02,8.744004647929e+02,6.538928920306e+01,7.478185549518e-02,9.610329525419e-05,9.990962755296e-05,1.039610635784e+00,2.322847861036e+01
6.611018363940e-02,4.826684676353e-04,1.239508551796e-02,1.034871734404e+07,1.169316649179e-03,7.104889258394e+01,6.838489080131e+01,5.866714940782e+02,5.781489143375e+02,2.719009695870e+06,1.371691657449e+06,5.788181971236e+01,7.044284309839e+02,8.729160184261e+02,6.838555128189e+01,7.834150117349e-02,9.618421043426e-05,9.993078806712e-05,1.038955999658e+00,2.322636453550e+01
6.811352253756e-02,4.629844210682e-04,1.213970833155e-02,1.020456334954e+07,1.191186904016e-03,7.401927871868e+01,7.130564344730e+01,5.856339735680e+02,5.780794121693e+02,2.721714598484e+06,1.371484742691e+06,5.687616451539e+01,7.042485142225e+02,8.713561171225e+02,7.130631873650e+01,8.183372714703e-02,9.630749324010e-05,9.997224221135e-05,1.038056388530e+00,2.322426645947e+01
7.011686143573e-02,4.456447932272e-04,1.191021172820e-02,1.005545272758e+07,1.215219211895e-03,7.683645310443e+01,7.409939406143e+01,5.845487792551e+02,5.780076090101e+02,2.724475357192e+06,1.371271875649e+06,5.584533558541e+01,7.040614939048e+02,8.697005717900e+02,7.410007823424e+01,8.520182766091e-02,9.649773341847e-05,1.000617782924e-04,1.036937671052e+00,2.322359561492e+01
7.212020033389e-02,4.305441701435e-04,1.170668466285e-02,9.905463088502e+06,1.240662493916e-03,7.948152900912e+01,7.674651912573e+01,5.834445688303e+02,5.779353688084e+02,2.727214409128e+06,1.371058341302e+06,5.481787031659e+01,7.038726745346e+02,8.679945796570e+02,7.674720617583e+01,8.841899243905e-02,9.673393204414e-05,1.001808864928e-04,1.035636924183e+00,2.323137248665e+01
7.412353923205e-02,4.169414552044e-04,1.152026853643e-02,9.759591600410e+06,1.265024094209e-03,8.202506027462e+01,7.931077069392e+01,5.823581907455e+02,5.778646680337e+02,2.729841768083e+06,1.370848715191e+06,5.382749908659e+01,7.036894076852e+02,8.663256596289e+02,7.931145521449e+01,9.154923940318e-02,9.687900071095e-05,1.001942038427e-04,1.034223467468e+00,2.324245704386e+01
7.612687813022e-02,4.039070234669e-04,1.133876530618e-02,9.611135366797e+06,1.285490518230e-03,8.464472770249e+01,8.193352918631e+01,5.812395948185e+02,5.777919137915e+02,2.732478767864e+06,1.370631332409e+06,5.282838260737e+01,7.035041209567e+02,8.646881936714e+02,8.193421295624e+01,9.475579007081e-02,9.664651802450e-05,9.984425327262e-05,1.033090220122e+00,2.325382695097e+01
7.813021702838e-02,3.905686514890e-04,1.114997143505e-02,9.451579584447e+06,1.300541801671e-03,8.764754881774e+01,8.480163519935e+01,5.800224018884e+02,5.777129504372e+02,2.735271444181e+06,1.370393908648e+06,5.176425090943e+01,7.033060517610e+02,8.630348439625e+02,8.480234879287e+01,9.826063152157e-02,9.583705444221e-05,9.905299434284e-05,1.033559654972e+00,2.326611111649e+01
8.013355592654e-02,3.761128400834e-04,1.094168338599e-02,9.276757851416e+06,1.318163019515e-03,9.143618730920e+01,8.812445261284e+01,5.786704412990e+02,5.776258659003e+02,2.738281938527e+06,1.370131307694e+06,5.060955997927e+01,7.030894598633e+02,8.611828066281e+02,8.812527809538e+01,1.023305126590e-01,9.499979896129e-05,9.856955865527e-05,1.037580201615e+00,2.327529218388e+01
8.213689482471e-02,3.600506327704e-04,1.070549746334e-02,9.065247520740e+06,1.375443953282e-03,9.608428490420e+01,9.200148377800e+01,5.775649645497e+02,5.775207177112e+02,2.745453493287e+06,1.369816069672e+06,4.902273331405e+01,7.028255526333e+02,8.582784574298e+02,9.200251689102e+01,1.071942515795e-01,9.606140088394e-05,1.003239435365e-04,1.044377557389e+00,2.325154234688e+01
8.414023372287e-02,3.439487977255e-04,1.046337912230e-02,8.817426682884e+06,1.502774894037e-03,1.008727478201e+02,9.618644213685e+01,5.759796196111e+02,5.773987258399e+02,2.751956761366e+06,1.369455566908e+06,4.730016000092e+01,7.025114768313e+02,8.536691811591e+02,9.618769833956e+01,1.126756130624e-01,1.013239817876e-04,1.062600692979e-04,1.048721062753e+00,2.320887519076e+01
8.614357262104e-02,3.301827300608e-04,1.025184994162e-02,8.590025525000e+06,1.702686499612e-03,1.046865802393e+02,1.000749024848e+02,5.741155170059e+02,5.772878409571e+02,2.755467037792e+06,1.369132686688e+06,4.587187153925e+01,7.022188332469e+02,8.477706111947e+02,1.000762666099e+02,1.180463975614e-01,1.114038992578e-04,1.165370445248e-04,1.046082260787e+00,2.316661169443e+01
8.814691151920e-02,3.209514885759e-04,1.010752352454e-02,8.389869068311e+06,1.960283445558e-03,1.065323711070e+02,1.028777245729e+02,5.721649350142e+02,5.771920901047e+02,2.756821913448e+06,1.368860798906e+06,4.471370854105e+01,7.019551766608e+02,8.409310173175e+02,1.028789421290e+02,1.223393358200e-01,1.250973258707e-04,1.295407297859e-04,1.035524177360e+00,2.313525081455e+01
9.015025041736e-02,3.182566090376e-04,1.006500000000e-02,8.210343755294e+06,2.246789992846e-03,1.064086692597e+02,1.041249261908e+02,5.704123701931e+02,5.771099100660e+02,2.758160651784e+06,1.368639999190e+06,4.367238241202e+01,7.017082717030e+02,8.336596114474e+02,1.041257807761e+02,1.249020335713e-01,1.401292423021e-04,1.432022179104e-04,1.021932722090e+00,2.320459878785e+01
9.215358931553e-02,3.182566090376e-04,1.006500000000e-02,8.139119755811e+06,2.500811177659e-03,1.056208108441e+02,1.043590687515e+02,5.696942664760e+02,5.770786918200e+02,2.758594047701e+06,1.368560929763e+06,4.326512520505e+01,7.016065292687e+02,8.281822360389e+02,1.043595901687e+02,1.260104185135e-01,1.545772427108e-04,1.564458498510e-04,1.012090392408e+00,2.324779397656e+01
9.415692821369e-02,3.182566090376e-04,1.006500000000e-02,8.147781604840e+06,2.702478028135e-03,1.050685089908e+02,1.043629429754e+02,5.699893849692e+02,5.770819197272e+02,2.759766193570e+06,1.368567164562e+06,4.325405124858e+01,7.016203272147e+02,8.246783443730e+02,1.043632580740e+02,1.265502590023e-01,1.670280896450e-04,1.681571257099e-04,1.006760694890e+00,2.324468617756e+01
9.616026711185e-02,3.182566090376e-04,1.006500000000e-02,8.153015041588e+06,2.876494984591e-03,1.048407073496e+02,1.043700823206e+02,5.701156464930e+02,5.770823213605e+02,2.760166497181e+06,1.368561753388e+06,4.326255798732e+01,7.016325117502e+02,8.216709702389e+02,1.043703061192e+02,1.270220196399e-01,1.778442847346e-04,1.786460759901e-04,1.004509194767e+00,2.324286757611e+01
9.816360601002e-02,3.182566090376e-04,1.006500000000e-02,8.152030566819e+06,3.034443390031e-03,1.047521751814e+02,1.043841748825e+02,5.700767076505e+02,5.770797147938e+02,2.760001922789e+06,1.368547768344e+06,4.326537012498e+01,7.016365112961e+02,8.188957059461e+02,1.043843595380e+02,1.274696628399e-01,1.876487283920e-04,1.883101484252e-04,1.003525441469e+00,2.324268082914e+01
1.001669449082e-01,3.182566090376e-04,1.006500000000e-02,8.150556582613e+06,3.182344305233e-03,1.047120304671e+02,1.043984896440e+02,5.700119549962e+02,5.770769357644e+02,2.759717356060e+06,1.368533489718e+06,4.327146679438e+01,7.016397065959e+02,8.163143731167e+02,1.043986546943e+02,1.278902566615e-01,1.968490863142e-04,1.974401680310e-04,1.003003308038e+00,2.324273776712e+01
1.021702838063e-01,3.182566090376e-04,1.006500000000e-02,8.149422472861e+06,3.324081066708e-03,1.046897074695e+02,1.044118576351e+02,5.699613496760e+02,5.770743754816e+02,2.759493590983e+06,1.368520001803e+06,4.327639629537e+01,7.016432141955e+02,8.138685102916e+02,1.044120104560e+02,1.282910066377e-01,2.056662702759e-04,2.062134548246e-04,1.002661094637e+00,2.324272880408e+01
1.041736227045e-01,3.182566090376e-04,1.006500000000e-02,8.148415614808e+06,3.461913824298e-03,1.046762666701e+02,1.044247818324e+02,5.699242076537e+02,5.770719132005e+02,2.759340688255e+06,1.368506905403e+06,4.327851075017e+01,7.016467986832e+02,8.115142096663e+02,1.044249259203e+02,1.286791095909e-01,2.142313684561e-04,2.147471882670e-04,1.002408286934e+00,2.324270824539e+01
1.061769616027e-01,3.182566090376e-04,1.006500000000e-02,8.147438781972e+06,3.597149689436e-03,1.046686128375e+02,1.044374970124e+02,5.698956311589e+02,5.770694911818e+02,2.759236262433e+06,1.368494002995e+06,4.327839032838e+01,7.016503586971e+02,8.092258655366e+02,1.044376346270e+02,1.290586955692e-01,2.226266755297e-04,2.231192291549e-04,1.002212958293e+00,2.324269637720e+01
1.081803005008e-01,3.182566090376e-04,1.006500000000e-02,8.146481843728e+06,3.730630771717e-03,1.046652430390e+02,1.044500703792e+02,5.698724939388e+02,5.770670964456e+02,2.759162590856e+06,1.368481232721e+06,4.327685633748e+01,7.016539009850e+02,8.069876210110e+02,1.044502032743e+02,1.294322249249e-01,2.309074570409e-04,2.313830285294e-04,1.002060052799e+00,2.324269001552e+01
1.101836393990e-01,3.182566090376e-04,1.006500000000e-02,8.145543458527e+06,3.862977939125e-03,1.046652176177e+02,1.044625459319e+02,5.698529605288e+02,5.770647213318e+02,2.759108954979e+06,1.368468551173e+06,4.327443156406e+01,7.016574412064e+02,8.047880244112e+02,1.044626755632e+02,1.298014786435e-01,2.391142864380e-04,2.395780898494e-04,1.001940137338e+00,2.324268592837e+01
1.121869782972e-01,3.182566090376e-04,1.006500000000e-02,8.144619585614e+06,3.994691343200e-03,1.046678616889e+02,1.044749667282e+02,5.698359476931e+02,5.770623577195e+02,2.759069238137e+06,1.368455916233e+06,4.327139669910e+01,7.016609893689e+02,8.026180155749e+02,1.044750943272e+02,1.301678909517e-01,2.472792938518e-04,2.477357392037e-04,1.001846327085e+00,2.324268310139e+01
1.141903171953e-01,3.182566090376e-04,1.006500000000e-02,8.143705878596e+06,4.126191851150e-03,1.046726652439e+02,1.044873716767e+02,5.698208097643e+02,5.770599981127e+02,2.759039920182e+06,1.368443289939e+06,4.326790238868e+01,7.016645531564e+02,8.004701525067e+02,1.044874982953e+02,1.305326600475e-01,2.554291539950e-04,2.558820055465e-04,1.001773358486e+00,2.324268123684e+01
1.161936560935e-01,3.182566090376e-04,1.006500000000e-02,8.142798604481e+06,4.257841020572e-03,1.046792396967e+02,1.044997946228e+02,5.698071377005e+02,5.770576359870e+02,2.759018834591e+06,1.368430639177e+06,4.326403565459e+01,7.016681393829e+02,7.983382164288e+02,1.044999211693e+02,1.308968041600e-01,2.635865999146e-04,2.640391063355e-04,1.001717181116e+00,2.324268016849e+01
1.181969949917e-01,3.182566090376e-04,1.006500000000e-02,8.141894578797e+06,4.389953023010e-03,1.046872887834e+02,1.045122650672e+02,5.697946461966e+02,5.770552656573e+02,2.759004507813e+06,1.368417934989e+06,4.325985221100e+01,7.016717541578e+02,7.962169618128e+02,1.045123923368e+02,1.312611980771e-01,2.717713017529e-04,2.722263055205e-04,1.001674671543e+00,2.324267977006e+01
1.202003338898e-01,3.182566090376e-04,1.006500000000e-02,8.140991039328e+06,4.522803045639e-03,1.046965856119e+02,1.045248089189e+02,5.697831187267e+02,5.770528821283e+02,2.758995843792e+06,1.368405151880e+06,4.325539138134e+01,7.016754029396e+02,7.941019395030e+02,1.045249376184e+02,1.316265990785e-01,2.800004525366e-04,2.804604778916e-04,1.001643405951e+00,2.324267994271e+01
1.222036727880e-01,3.182566090376e-04,1.006500000000e-02,8.140085572053e+06,4.656633769757e-03,1.047069550201e+02,1.045374490773e+02,5.697723819865e+02,5.770504809833e+02,2.758991978303e+06,1.368392267264e+06,4.325068290136e+01,7.016790906253e+02,7.919893623067e+02,1.045375798440e+02,1.319936666062e-01,2.882891983439e-04,2.887565200762e-04,1.001621485356e+00,2.324268060662e+01
1.242070116861e-01,3.182566090376e-04,1.006500000000e-02,8.139176056491e+06,4.791660566008e-03,1.047182605286e+02,1.045502059037e+02,5.697622931831e+02,5.770480582953e+02,2.758992207693e+06,1.368379261023e+06,4.324575014739e+01,7.016828216337e+02,7.898759985490e+02,1.045503393205e+02,1.323629778757e-01,2.966509726212e-04,2.971276694829e-04,1.001607405967e+00,2.324268169559e+01
1.262103505843e-01,3.182566090376e-04,1.006500000000e-02,8.138260619378e+06,4.928075730553e-03,1.047303948379e+02,1.045630976134e+02,5.697527327749e+02,5.770456105528e+02,2.758995949192e+06,1.368366115134e+06,4.324061184948e+01,7.016865999739e+02,7.877590860409e+02,1.045632342204e+02,1.327350405387e-01,3.050977643539e-04,3.055857607182e-04,1.001599964312e+00,2.324268315403e+01
1.282136894825e-01,3.182566090376e-04,1.006500000000e-02,8.137337596007e+06,5.066051973177e-03,1.047432729028e+02,1.045761406001e+02,5.697435997088e+02,5.770431345974e+02,2.759002715407e+06,1.368352813354e+06,4.323528314416e+01,7.016904293024e+02,7.856362617296e+02,1.045762809038e+02,1.331103030728e-01,3.136403372357e-04,3.141414359028e-04,1.001598187710e+00,2.324268493500e+01
1.302170283806e-01,3.182566090376e-04,1.006500000000e-02,8.136405498394e+06,5.205745313436e-03,1.047568268450e+02,1.045893497068e+02,5.697348079717e+02,5.770406275721e+02,2.759012096100e+06,1.368339340966e+06,4.322977630396e+01,7.016943129712e+02,7.835055036460e+02,1.045894941871e+02,1.334891633823e-01,3.222884110694e-04,3.228043194027e-04,1.001601282909e+00,2.324268699874e+01
1.322203672788e-01,3.182566090376e-04,1.006500000000e-02,8.135462988963e+06,5.347297504563e-03,1.047710021772e+02,1.046027384512e+02,5.697262839494e+02,5.770380868780e+02,2.759023744359e+06,1.368325684559e+06,4.322410127991e+01,7.016982540701e+02,7.813650826032e+02,1.046028875679e+02,1.338719759775e-01,3.310508133826e-04,3.315831643871e-04,1.001608597714e+00,2.324268931145e+01
1.342237061770e-01,3.182566090376e-04,1.006500000000e-02,8.134508858578e+06,5.490838077286e-03,1.047857549710e+02,1.046163192173e+02,5.697179643404e+02,5.770355101372e+02,2.759037365739e+06,1.368311831841e+06,4.321826612010e+01,7.017022554625e+02,7.792135217114e+02,1.046164734143e+02,1.342590580108e-01,3.399356071840e-04,3.404859767169e-04,1.001619592000e+00,2.324269184432e+01
1.362270450751e-01,3.182566090376e-04,1.006500000000e-02,8.133542008060e+06,5.636486074744e-03,1.048010497080e+02,1.046301034172e+02,5.697097944792e+02,5.770328951619e+02,2.759052709589e+06,1.368297771480e+06,4.321227729916e+01,7.017063198166e+02,7.770495622215e+02,1.046302631267e+02,1.346506943875e-01,3.489501993681e-04,3.495201203645e-04,1.001633815559e+00,2.324269457277e+01
1.382303839733e-01,3.182566090376e-04,1.006500000000e-02,8.132561432502e+06,5.784351533883e-03,1.048168576341e+02,1.046441016297e+02,5.697017269726e+02,5.770302399272e+02,2.759069562034e+06,1.368283492974e+06,4.320613998094e+01,7.017104496330e+02,7.748721345467e+02,1.046442672757e+02,1.350471421158e-01,3.581014332518e-04,3.586924076267e-04,1.001650890988e+00,2.324269747577e+01
1.402337228715e-01,3.182566090376e-04,1.006500000000e-02,8.131566207907e+06,5.934536756841e-03,1.048331554847e+02,1.046583237198e+02,5.696937205792e+02,5.770275425481e+02,2.759087740244e+06,1.368268986527e+06,4.319985823022e+01,7.017146472676e+02,7.726803335559e+02,1.046584957208e+02,1.354486340285e-01,3.673956679755e-04,3.680091767023e-04,1.001670500336e+00,2.324270053537e+01
1.422370617696e-01,3.182566090376e-04,1.006500000000e-02,8.130555479717e+06,6.087137406965e-03,1.048499244911e+02,1.046727789411e+02,5.696857392818e+02,5.770248012600e+02,2.759107087707e+06,1.368254242955e+06,4.319343518463e+01,7.017189149527e+02,7.704733974231e+02,1.046729577124e+02,1.358553819800e-01,3.768388469383e-04,3.774763586861e-04,1.001692374577e+00,2.324270373625e+01
1.442404006678e-01,3.182566090376e-04,1.006500000000e-02,8.129528452948e+06,6.242243457332e-03,1.048671495954e+02,1.046874760247e+02,5.696777515135e+02,5.770220144009e+02,2.759127470309e+06,1.368239253593e+06,4.318687319546e+01,7.017232548152e+02,7.682506894539e+02,1.046876619808e+02,1.362675796037e-01,3.864365570137e-04,3.870995356374e-04,1.001716285247e+00,2.324270706537e+01
1.462437395659e-01,3.182566090376e-04,1.006500000000e-02,8.128484383651e+06,6.399940014453e-03,1.048848188288e+02,1.047024232572e+02,5.696697295086e+02,5.770191803967e+02,2.759148773059e+06,1.368224010221e+06,4.318017394365e+01,7.017276688918e+02,7.660116824227e+02,1.047026168133e+02,1.366854046953e-01,3.961940799653e-04,3.968839910771e-04,1.001742037729e+00,2.324271051163e+01
1.482470784641e-01,3.182566090376e-04,1.006500000000e-02,8.127422571505e+06,6.560308035837e-03,1.049029228125e+02,1.047176285475e+02,5.696616487558e+02,5.770162977481e+02,2.759170897346e+06,1.368208504996e+06,4.317333853581e+01,7.017321591437e+02,7.637559450351e+02,1.047178301215e+02,1.371090212812e-01,4.061164372302e-04,4.068347540317e-04,1.001769465825e+00,2.324271406566e+01
1.502504173623e-01,3.182566090376e-04,1.006500000000e-02,8.126342353374e+06,6.723424956867e-03,1.049214543556e+02,1.047330994864e+02,5.696534875334e+02,5.770133650188e+02,2.759193758617e+06,1.368192730397e+06,4.316636758415e+01,7.017367274681e+02,7.614831302011e+02,1.047333095001e+02,1.375385814160e-01,4.162084290361e-04,4.169566375521e-04,1.001798427337e+00,2.324271771959e+01
1.522537562604e-01,3.182566090376e-04,1.006500000000e-02,8.125243097679e+06,6.889365239962e-03,1.049404081282e+02,1.047488433981e+02,5.696452265156e+02,5.770103808261e+02,2.759217284420e+06,1.368176679170e+06,4.315926127325e+01,7.017413757095e+02,7.591929648527e+02,1.047490622787e+02,1.379742267488e-01,4.264746686628e-04,4.272542724898e-04,1.001828800432e+00,2.324272146683e+01
1.542570951586e-01,3.182566090376e-04,1.006500000000e-02,8.124124199474e+06,7.058200856873e-03,1.049597803940e+02,1.047648673857e+02,5.696368484357e+02,5.770073438313e+02,2.759241412731e+06,1.368160344285e+06,4.315201941593e+01,7.017461056691e+02,7.568852410856e+02,1.047650955671e+02,1.384160898907e-01,4.369196125256e-04,4.377321371855e-04,1.001860480648e+00,2.324272530192e+01
1.562604340568e-01,3.182566090376e-04,1.006500000000e-02,8.122985076122e+06,7.230001713380e-03,1.049795687911e+02,1.047811783717e+02,5.696283377973e+02,5.770042527325e+02,2.759266090543e+06,1.368143718896e+06,4.314464150021e+01,7.017509191132e+02,7.545598084396e+02,1.047814162955e+02,1.388642956112e-01,4.475475866592e-04,4.483945836313e-04,1.001893378395e+00,2.324272922044e+01
1.582637729549e-01,3.182566090376e-04,1.006500000000e-02,8.121825163489e+06,7.404836024191e-03,1.049997721491e+02,1.047977831335e+02,5.696196806275e+02,5.770011062574e+02,2.759291272645e+06,1.368126796305e+06,4.313712672888e+01,7.017558177809e+02,7.522165671586e+02,1.047980312501e+02,1.393189618862e-01,4.583628100903e-04,4.592458605812e-04,1.001927416874e+00,2.324273321881e+01
1.602671118531e-01,3.182566090376e-04,1.006500000000e-02,8.120643912590e+06,7.582770644787e-03,1.050203903388e+02,1.048146883347e+02,5.696108642634e+02,5.769979031573e+02,2.759316920588e+06,1.368109569931e+06,4.312947405276e+01,7.017608033909e+02,7.498554622975e+02,1.048149471045e+02,1.397802008181e-01,4.693694155184e-04,4.702901340199e-04,1.001962530322e+00,2.324273729424e+01
1.622704507513e-01,3.182566090376e-04,1.006500000000e-02,8.119440786617e+06,7.763871365943e-03,1.050414241454e+02,1.048319005536e+02,5.696018771687e+02,5.769946422016e+02,2.759343001794e+06,1.368092033283e+06,4.312168219876e+01,7.017658776469e+02,7.474764785603e+02,1.048321704477e+02,1.402481194453e-01,4.805714676625e-04,4.815315053379e-04,1.001998662532e+00,2.324274144463e+01
1.642737896494e-01,3.182566090376e-04,1.006500000000e-02,8.118215258304e+06,7.948203175882e-03,1.050628751631e+02,1.048494263079e+02,5.695927087750e+02,5.769913221732e+02,2.759369488791e+06,1.368074179937e+06,4.311374969337e+01,7.017710422439e+02,7.450796357726e+02,1.048497078093e+02,1.407228204547e-01,4.919729795828e-04,4.929740275166e-04,1.002035765600e+00,2.324274566846e+01
1.662771285476e-01,3.182566090376e-04,1.006500000000e-02,8.116966807578e+06,8.135830494352e-03,1.050847457056e+02,1.048672720774e+02,5.695833493450e+02,5.769879418639e+02,2.759396358560e+06,1.368056003508e+06,4.310567488266e+01,7.017762988722e+02,7.426649849041e+02,1.048675656818e+02,1.412044028108e-01,5.035779272469e-04,5.046217195867e-04,1.002073798849e+00,2.324274996478e+01
1.682804674457e-01,3.182566090376e-04,1.006500000000e-02,8.115694919465e+06,8.326817382317e-03,1.051070387315e+02,1.048854443245e+02,5.695737898524e+02,5.769845000705e+02,2.759423591962e+06,1.368037497637e+06,4.309745594900e+01,7.017816492224e+02,7.402326045688e+02,1.048857505412e+02,1.416929623119e-01,5.153902625700e-04,5.164785795864e-04,1.002112727923e+00,2.324275433311e+01
1.702838063439e-01,3.182566090376e-04,1.006500000000e-02,8.114399082214e+06,8.521227730501e-03,1.051297577809e+02,1.049039495119e+02,5.695640218788e+02,5.769809955915e+02,2.759451173252e+06,1.368018655968e+06,4.308909092520e+01,7.017870949889e+02,7.377825979398e+02,1.049042688647e+02,1.421885920834e-01,5.274139251301e-04,5.285485962160e-04,1.002152524000e+00,2.324275877338e+01
1.722871452421e-01,3.182566090376e-04,1.006500000000e-02,8.113078785606e+06,8.719125429560e-03,1.051529069218e+02,1.049227941195e+02,5.695540375235e+02,5.769774272241e+02,2.759479089657e+06,1.367999472135e+06,4.308057770623e+01,7.017926378738e+02,7.353150900270e+02,1.049231271476e+02,1.426913830148e-01,5.396528527330e-04,5.408357593616e-04,1.002193163118e+00,2.324276328595e+01
1.742904841402e-01,3.182566090376e-04,1.006500000000e-02,8.111733519425e+06,8.920574524354e-03,1.051764907050e+02,1.049419846599e+02,5.695438293244e+02,5.769737937605e+02,2.759507331012e+06,1.367979939746e+06,4.307191405908e+01,7.017982795901e+02,7.328302252682e+02,1.049423319185e+02,1.432014241499e-01,5.521109909795e-04,5.533440696376e-04,1.002234625597e+00,2.324276787148e+01
1.762938230384e-01,3.182566090376e-04,1.006500000000e-02,8.110362772078e+06,9.125639354422e-03,1.052005141255e+02,1.049615276914e+02,5.695333901893e+02,5.769700939865e+02,2.759535889442e+06,1.367960052367e+06,4.306309763091e+01,7.018040218646e+02,7.303281653958e+02,1.049618897531e+02,1.437188030346e-01,5.647923019679e-04,5.660775470797e-04,1.002276895538e+00,2.324277253099e+01
1.782971619366e-01,3.182566090376e-04,1.006500000000e-02,8.108966029328e+06,9.334384682557e-03,1.052249825908e+02,1.049814298317e+02,5.695227133361e+02,5.769663266780e+02,2.759564759094e+06,1.367939803516e+06,4.305412595573e+01,7.018098664412e+02,7.278090875426e+02,1.049818072869e+02,1.442436060277e-01,5.777007722476e-04,5.790402391030e-04,1.002319960392e+00,2.324277726577e+01
1.803005008347e-01,3.182566090376e-04,1.006500000000e-02,8.107542773135e+06,9.546875813104e-03,1.052499018934e+02,1.050016977690e+02,5.695117922392e+02,5.769624905993e+02,2.759593935896e+06,1.367919186644e+06,4.304499645984e+01,7.018158150827e+02,7.252731825572e+02,1.050020912269e+02,1.447759185811e-01,5.908404201272e-04,5.922362278272e-04,1.002363810583e+00,2.324278207736e+01
1.823038397329e-01,3.182566090376e-04,1.006500000000e-02,8.106092480593e+06,9.763178701421e-03,1.052752781886e+02,1.050223382738e+02,5.695006205837e+02,5.769585845010e+02,2.759623417358e+06,1.367898195130e+06,4.303570646622e+01,7.018218695741e+02,7.227206535016e+02,1.050227483634e+02,1.453158254916e-01,6.042153024260e-04,6.056696368566e-04,1.002408439185e+00,2.324278696758e+01
1.843071786311e-01,3.182566090376e-04,1.006500000000e-02,8.104614622934e+06,9.983360055791e-03,1.053011179752e+02,1.050433582085e+02,5.694891922238e+02,5.769546071180e+02,2.759653202391e+06,1.367876822268e+06,4.302625319798e+01,7.018280317244e+02,7.201517143092e+02,1.050437855794e+02,1.458634111288e-01,6.178295207487e-04,6.193446375940e-04,1.002453841643e+00,2.324279193846e+01
1.863105175292e-01,3.182566090376e-04,1.006500000000e-02,8.103108664605e+06,1.020748743288e-02,1.053274280803e+02,1.050647645378e+02,5.694775011466e+02,5.769505571677e+02,2.759683291157e+06,1.367855061259e+06,4.301663378094e+01,7.018343033688e+02,7.175665885820e+02,1.050652098612e+02,1.464187596427e-01,6.316872273526e-04,6.332654551573e-04,1.002500015525e+00,2.324279699224e+01
1.883138564274e-01,3.182566090376e-04,1.006500000000e-02,8.101574062401e+06,1.043562932778e-02,1.053542156468e+02,1.050865643379e+02,5.694655414401e+02,5.769464333483e+02,2.759713684931e+06,1.367832905201e+06,4.300684524559e+01,7.018406863708e+02,7.149655085109e+02,1.050870283075e+02,1.469819551524e-01,6.457926306686e-04,6.474363739610e-04,1.002546960313e+00,2.324280213137e+01
1.903171953255e-01,3.182566090376e-04,1.006500000000e-02,8.100010264642e+06,1.066785525941e-02,1.053814881233e+02,1.051087648054e+02,5.694533072641e+02,5.769422343370e+02,2.759744385996e+06,1.367810347082e+06,4.299688452834e+01,7.018471826247e+02,7.123487139026e+02,1.051092481382e+02,1.475530819202e-01,6.601500005324e-04,6.618617430151e-04,1.002594677223e+00,2.324280735848e+01
1.923205342237e-01,3.182566090376e-04,1.006500000000e-02,8.098416710386e+06,1.090423585225e-02,1.054092532566e+02,1.051313732658e+02,5.694407928251e+02,5.769379587887e+02,2.759775397532e+06,1.367787379771e+06,4.298674847227e+01,7.018537940566e+02,7.097164513008e+02,1.051318767035e+02,1.481322245113e-01,6.747636731724e-04,6.765459809921e-04,1.002643169038e+00,2.324281267639e+01
1.943238731219e-01,3.182566090376e-04,1.006500000000e-02,8.096792828684e+06,1.114484291488e-02,1.054375190856e+02,1.051543971823e+02,5.694279923525e+02,5.769336053343e+02,2.759806723538e+06,1.367763996009e+06,4.297643382741e+01,7.018605226271e+02,7.070689731899e+02,1.051549214918e+02,1.487194679430e-01,6.896380559992e-04,6.914935811031e-04,1.002692439983e+00,2.324281808812e+01
1.963272120200e-01,3.182566090376e-04,1.006500000000e-02,8.095138037852e+06,1.138974951611e-02,1.054662939378e+02,1.051778441636e+02,5.694149000784e+02,5.769291725792e+02,2.759838368755e+06,1.367740188403e+06,4.296593725050e+01,7.018673703328e+02,7.044065372708e+02,1.051783901387e+02,1.493148978233e-01,7.047776322348e-04,7.067091158233e-04,1.002742495594e+00,2.324282359681e+01
1.983305509182e-01,3.182566090376e-04,1.006500000000e-02,8.093451744763e+06,1.163903005920e-02,1.054955864268e+02,1.052017219724e+02,5.694015102181e+02,5.769246591019e+02,2.759870338601e+06,1.367715949419e+06,4.295525530445e+01,7.018743392083e+02,7.017294058008e+02,1.052022904341e+02,1.499186004811e-01,7.201869654161e-04,7.221972415004e-04,1.002793342626e+00,2.324282920581e+01
2.003338898164e-01,3.182566090376e-04,1.006500000000e-02,8.091733344160e+06,1.189276035473e-02,1.055254054513e+02,1.052260385330e+02,5.693878169536e+02,5.769200634528e+02,2.759902639118e+06,1.367691271371e+06,4.294438445742e+01,7.018814313275e+02,6.990378449892e+02,1.052266303313e+02,1.505306630901e-01,7.358707038049e-04,7.379627028781e-04,1.002844988963e+00,2.324283491861e+01
2.023372287145e-01,3.182566090376e-04,1.006500000000e-02,8.089982217974e+06,1.215101769245e-02,1.055557601960e+02,1.052508019396e+02,5.693738144171e+02,5.769153841522e+02,2.759935276921e+06,1.367666146419e+06,4.293332108154e+01,7.018886488062e+02,6.963321244420e+02,1.052514179543e+02,1.511511737860e-01,7.518335847309e-04,7.540103375626e-04,1.002897443542e+00,2.324284073887e+01
2.043405676127e-01,3.182566090376e-04,1.006500000000e-02,8.088197734651e+06,1.241388091267e-02,1.055866601326e+02,1.052760204641e+02,5.693594966766e+02,5.769106196896e+02,2.759968259159e+06,1.367640566557e+06,4.292206145142e+01,7.018959938033e+02,6.936125166505e+02,1.052766616060e+02,1.517802217792e-01,7.680804388959e-04,7.703450804581e-04,1.002950716289e+00,2.324284667042e+01
2.063439065109e-01,3.182566090376e-04,1.006500000000e-02,8.086379248478e+06,1.268143047756e-02,1.056181150231e+02,1.053017025641e+02,5.693448577224e+02,5.769057685217e+02,2.760001593479e+06,1.367614523607e+06,4.291060174227e+01,7.019034685226e+02,6.908792965182e+02,1.053023697766e+02,1.524178974638e-01,7.846161946606e-04,7.869719681950e-04,1.003004818073e+00,2.324285271723e+01
2.083472454090e-01,3.182566090376e-04,1.006500000000e-02,8.084526098912e+06,1.295374854258e-02,1.056501349234e+02,1.053278568912e+02,5.693298914538e+02,5.769008290713e+02,2.760035287995e+06,1.367588009213e+06,4.289893802789e+01,7.019110752152e+02,6.881327409211e+02,1.053285511512e+02,1.530642925233e-01,8.014458823365e-04,8.038961435728e-04,1.003059760653e+00,2.324285888343e+01
2.103505843072e-01,3.182566090376e-04,1.006500000000e-02,8.082637609906e+06,1.323091902851e-02,1.056827301879e+02,1.053544922991e+02,5.693145916676e+02,5.768957997259e+02,2.760069351265e+06,1.367561014831e+06,4.288706627834e+01,7.019188161806e+02,6.853731282992e+02,1.053552146186e+02,1.537195000336e-01,8.185746385028e-04,8.211228600372e-04,1.003115556648e+00,2.324286517333e+01
2.123539232053e-01,3.182566090376e-04,1.006500000000e-02,8.080713089220e+06,1.351302769432e-02,1.057159114756e+02,1.053816178521e+02,5.692989520461e+02,5.768906788359e+02,2.760103792266e+06,1.367533531727e+06,4.287498235741e+01,7.019266937693e+02,6.826007382732e+02,1.053823692794e+02,1.543836145651e-01,8.360077103670e-04,8.386574862116e-04,1.003172219504e+00,2.324287159139e+01
2.143572621035e-01,3.182566090376e-04,1.006500000000e-02,8.078751827729e+06,1.380016221122e-02,1.057496897558e+02,1.054092428334e+02,5.692829661464e+02,5.768854647135e+02,2.760138620379e+06,1.367505550959e+06,4.286268201985e+01,7.019347103843e+02,6.798158512865e+02,1.054100244548e+02,1.550567322832e-01,8.537504601860e-04,8.565055104998e-04,1.003229763474e+00,2.324287814223e+01
2.163606010017e-01,3.182566090376e-04,1.006500000000e-02,8.076753098719e+06,1.409241223808e-02,1.057840763162e+02,1.054373767543e+02,5.692666273892e+02,5.768801556310e+02,2.760173845370e+06,1.367477063380e+06,4.285016090842e+01,7.019428684830e+02,6.770187482674e+02,1.054381896955e+02,1.557389510487e-01,8.718083697657e-04,8.746725457768e-04,1.003288203600e+00,2.324288483062e+01
2.183639398998e-01,3.182566090376e-04,1.006500000000e-02,8.074716157165e+06,1.438986949849e-02,1.058190827707e+02,1.054660293629e+02,5.692499290487e+02,5.768747498192e+02,2.760209477378e+06,1.367448059623e+06,4.283741455072e+01,7.019511705796e+02,6.742097103105e+02,1.054668747904e+02,1.564303705176e-01,8.901870450521e-04,8.931643341842e-04,1.003347555701e+00,2.324289166154e+01
2.203672787980e-01,3.182566090376e-04,1.006500000000e-02,8.072640238987e+06,1.469262785989e-02,1.058547210683e+02,1.054952106532e+02,5.692328642421e+02,5.768692454661e+02,2.760245526910e+06,1.367418530095e+06,4.282443835580e+01,7.019596192471e+02,6.713890183749e+02,1.054960897766e+02,1.571310922420e-01,9.088922208326e-04,9.119867520466e-04,1.003407836365e+00,2.324289864009e+01
2.223706176962e-01,3.182566090376e-04,1.006500000000e-02,8.070524560300e+06,1.500078341468e-02,1.058910035027e+02,1.055249308753e+02,5.692154259198e+02,5.768636407148e+02,2.760282004823e+06,1.367388464969e+06,4.281122761057e+01,7.019682171190e+02,6.685569529984e+02,1.055258449482e+02,1.578412197718e-01,9.279297655581e-04,9.311458149216e-04,1.003469062945e+00,2.324290577158e+01
2.243739565943e-01,3.182566090376e-04,1.006500000000e-02,8.068368316629e+06,1.531443456390e-02,1.059279427229e+02,1.055552005446e+02,5.691976068549e+02,5.768579336622e+02,2.760318922327e+06,1.367357854174e+06,4.279777747603e+01,7.019769668924e+02,6.657137940248e+02,1.055561508672e+02,1.585608587573e-01,9.473056863039e-04,9.506476828017e-04,1.003531253565e+00,2.324291306147e+01
2.263772954925e-01,3.182566090376e-04,1.006500000000e-02,8.066170682105e+06,1.563368210347e-02,1.059655517440e+02,1.055860304527e+02,5.691793996332e+02,5.768521223571e+02,2.760356290975e+06,1.367326687384e+06,4.278408298329e+01,7.019858713292e+02,6.628598203437e+02,1.055870183731e+02,1.592901170542e-01,9.670261338801e-04,9.704986654793e-04,1.003594427119e+00,2.324292051541e+01
2.283806343907e-01,3.182566090376e-04,1.006500000000e-02,8.063930808637e+06,1.595862931334e-02,1.060038439595e+02,1.056174316775e+02,5.691607966431e+02,5.768462047982e+02,2.760394122660e+06,1.367294954016e+06,4.277013902935e+01,7.019949332597e+02,6.599953096421e+02,1.056184585940e+02,1.600291048299e-01,9.870974081084e-04,9.907052280926e-04,1.003658603280e+00,2.324292813923e+01
2.303839732888e-01,3.182566090376e-04,1.006500000000e-02,8.061647825052e+06,1.628938204975e-02,1.060428331538e+02,1.056494155945e+02,5.691417900652e+02,5.768401789329e+02,2.760432429614e+06,1.367262643209e+06,4.275594037269e+01,7.020041555839e+02,6.571205381666e+02,1.056504829576e+02,1.607779346729e-01,1.007525963276e-03,1.011273996864e-03,1.003723802513e+00,2.324293593893e+01
2.323873121870e-01,3.182566090376e-04,1.006500000000e-02,8.059320836209e+06,1.662604884087e-02,1.060825335156e+02,1.056819938882e+02,5.691223718622e+02,5.768340426544e+02,2.760471224407e+06,1.367229743824e+06,4.274148162868e+01,7.020135412751e+02,6.542357804942e+02,1.056831032028e+02,1.615367217045e-01,1.028318413785e-03,1.032211765049e-03,1.003790046087e+00,2.324294392072e+01
2.343906510851e-01,3.182566090376e-04,1.006500000000e-02,8.056948922073e+06,1.696874098599e-02,1.061229596521e+02,1.057151785641e+02,5.691025337676e+02,5.768277938004e+02,2.760510519948e+06,1.367196244428e+06,4.272675726468e+01,7.020230933817e+02,6.513413093126e+02,1.057163313918e+02,1.623055836936e-01,1.049481540003e-03,1.053525499108e-03,1.003857356092e+00,2.324295209097e+01
2.363939899833e-01,3.182566090376e-04,1.006500000000e-02,8.054531136766e+06,1.731757265861e-02,1.061641266043e+02,1.057489819609e+02,5.690822672754e+02,5.768214301509e+02,2.760550329483e+06,1.367162133284e+06,4.271176159504e+01,7.020328150305e+02,6.484373952089e+02,1.057501799224e+02,1.630846411755e-01,1.071022294344e-03,1.075222345114e-03,1.003925755460e+00,2.324296045627e+01
2.383973288815e-01,3.182566090376e-04,1.006500000000e-02,8.052066507569e+06,1.767266101358e-02,1.062060498622e+02,1.057834167639e+02,5.690615636285e+02,5.768149494258e+02,2.760590666601e+06,1.367127398341e+06,4.269648877573e+01,7.020427094297e+02,6.455243064652e+02,1.057846615415e+02,1.638740175730e-01,1.092947807573e-03,1.097309635424e-03,1.003995267985e+00,2.324296902338e+01
2.404006677796e-01,3.182566090376e-04,1.006500000000e-02,8.049554033894e+06,1.803412629863e-02,1.062487453825e+02,1.058184960182e+02,5.690404138074e+02,5.768083492827e+02,2.760631545235e+06,1.367092027219e+06,4.268093279884e+01,7.020527798715e+02,6.426023088618e+02,1.058197893583e+02,1.646738393234e-01,1.115265395376e-03,1.119794895611e-03,1.004065918347e+00,2.324297779926e+01
2.424040066778e-01,3.182566090376e-04,1.006500000000e-02,8.046992686210e+06,1.840209197049e-02,1.062922296054e+02,1.058542331426e+02,5.690188085182e+02,5.768016273147e+02,2.760672979665e+06,1.367056007201e+06,4.266508748672e+01,7.020630297353e+02,6.396716654866e+02,1.058555768589e+02,1.654842360078e-01,1.137982565180e-03,1.142685851690e-03,1.004137732141e+00,2.324298679109e+01
2.444073455760e-01,3.182566090376e-04,1.006500000000e-02,8.044381404928e+06,1.877668481598e-02,1.063365194733e+02,1.058906419450e+02,5.689967381807e+02,5.767947810478e+02,2.760714984523e+06,1.367019325218e+06,4.264894648599e+01,7.020734624915e+02,6.367326365515e+02,1.058920379208e+02,1.663053404869e-01,1.161107023274e-03,1.165990437648e-03,1.004210735907e+00,2.324299600620e+01
2.464106844741e-01,3.182566090376e-04,1.006500000000e-02,8.041719099234e+06,1.915803507821e-02,1.063816324506e+02,1.059277366372e+02,5.689741929150e+02,5.767878079384e+02,2.760757574798e+06,1.366981967832e+06,4.263250326115e+01,7.020840817042e+02,6.337854792137e+02,1.059291868290e+02,1.671372890405e-01,1.184646682210e-03,1.189716803297e-03,1.004284957158e+00,2.324300545216e+01
2.484140233723e-01,3.182566090376e-04,1.006500000000e-02,8.039004645884e+06,1.954627658837e-02,1.064275865438e+02,1.059655318514e+02,5.689511625288e+02,5.767807053704e+02,2.760800765841e+06,1.366943921229e+06,4.261575108797e+01,7.020948910355e+02,6.308304474038e+02,1.059670382916e+02,1.679802215123e-01,1.208609668537e-03,1.213873322471e-03,1.004360424416e+00,2.324301513671e+01
2.504173622705e-01,3.182566090376e-04,1.006500000000e-02,8.036236887938e+06,1.994154690327e-02,1.064744003234e+02,1.060040426568e+02,5.689276365035e+02,5.767734706530e+02,2.760844573372e+06,1.366905171200e+06,4.259868304661e+01,7.021058942486e+02,6.278677916587e+02,1.060056074576e+02,1.688342814616e-01,1.233004330863e-03,1.238468601582e-03,1.004437167252e+00,2.324302506780e+01
2.524207011686e-01,3.182566090376e-04,1.006500000000e-02,8.033414633441e+06,2.034398744911e-02,1.065220929464e+02,1.060432845775e+02,5.689036039802e+02,5.767661010170e+02,2.760889013486e+06,1.366865703124e+06,4.258129201433e+01,7.021170952122e+02,6.248977589596e+02,1.060449099340e+02,1.696996163190e-01,1.257839248269e-03,1.263511488560e-03,1.004515216318e+00,2.324303525356e+01
2.544240400668e-01,3.182566090376e-04,1.006500000000e-02,8.030536654052e+06,2.075374367164e-02,1.065706841800e+02,1.060832736109e+02,5.688790537445e+02,5.767585936122e+02,2.760934102662e+06,1.366825501958e+06,4.256357065801e+01,7.021284979045e+02,6.219205925749e+02,1.060849618051e+02,1.705763775499e-01,1.283123239104e-03,1.289011082204e-03,1.004594603395e+00,2.324304570232e+01
2.564273789649e-01,3.182566090376e-04,1.006500000000e-02,8.027601683606e+06,2.117096519335e-02,1.066201944266e+02,1.061240262470e+02,5.688539742110e+02,5.767509455043e+02,2.760979857768e+06,1.366784552213e+06,4.254551142622e+01,7.021401064173e+02,6.189365319090e+02,1.061257796517e+02,1.714647208243e-01,1.308865370169e-03,1.314976741951e-03,1.004675361435e+00,2.324305642258e+01
2.584307178631e-01,3.182566090376e-04,1.006500000000e-02,8.024608416618e+06,2.159580597779e-02,1.066706447506e+02,1.061655594890e+02,5.688283534076e+02,5.767431536713e+02,2.761026296068e+06,1.366742837943e+06,4.252710654098e+01,7.021519249606e+02,6.159458123539e+02,1.061673805718e+02,1.723648061931e-01,1.335074966326e-03,1.341418098108e-03,1.004757524606e+00,2.324306742303e+01
2.604340567613e-01,3.182566090376e-04,1.006500000000e-02,8.021555506717e+06,2.202842450167e-02,1.067220569054e+02,1.062078908744e+02,5.688021789580e+02,5.767352150000e+02,2.761073435237e+06,1.366700342722e+06,4.250834798917e+01,7.021639578677e+02,6.129486651471e+02,1.062097822023e+02,1.732767982728e-01,1.361761620541e-03,1.368345062557e-03,1.004841128344e+00,2.324307871253e+01
2.624373956594e-01,3.182566090376e-04,1.006500000000e-02,8.018441565005e+06,2.246898393507e-02,1.067744533627e+02,1.062510384976e+02,5.687754380647e+02,5.767271262827e+02,2.761121293365e+06,1.366657049627e+06,4.248922751341e+01,7.021762095995e+02,6.099453172326e+02,1.062530027412e+02,1.742008664372e-01,1.388935204400e-03,1.395767839963e-03,1.004926209404e+00,2.324309030008e+01
2.644407345576e-01,3.182566090376e-04,1.006500000000e-02,8.015265158352e+06,2.291765233012e-02,1.068278573431e+02,1.062950210332e+02,5.687481174899e+02,5.767188842127e+02,2.761169888973e+06,1.366612941218e+06,4.246973660258e+01,7.021886847501e+02,6.069359911277e+02,1.062970609720e+02,1.751371850176e-01,1.416605879107e-03,1.423696939519e-03,1.005012805913e+00,2.324310219486e+01
2.664440734558e-01,3.182566090376e-04,1.006500000000e-02,8.012024807599e+06,2.337460281876e-02,1.068822928480e+02,1.063398577608e+02,5.687202035331e+02,5.767104853813e+02,2.761219241025e+06,1.366567999514e+06,4.244986648202e+01,7.022013880524e+02,6.039209047950e+02,1.063419762881e+02,1.760859335117e-01,1.444784107004e-03,1.452143187246e-03,1.005100957427e+00,2.324311440617e+01
2.684474123539e-01,3.182566090376e-04,1.006500000000e-02,8.008718985686e+06,2.384001382013e-02,1.069377846936e+02,1.063855685910e+02,5.686916820181e+02,5.767019262724e+02,2.761269368928e+06,1.366522205976e+06,4.242960810335e+01,7.022143243833e+02,6.009002715141e+02,1.063877687193e+02,1.770472968021e-01,1.473480663651e-03,1.481117738910e-03,1.005190704998e+00,2.324312694344e+01
2.704507512521e-01,3.182566090376e-04,1.006500000000e-02,8.005346115690e+06,2.431406925800e-02,1.069943585467e+02,1.064321740928e+02,5.686625382681e+02,5.766932032591e+02,2.761320292547e+06,1.366475541479e+06,4.240895213374e+01,7.022274987702e+02,5.978742997607e+02,1.064344589594e+02,1.780214653849e-01,1.502706650480e-03,1.510632093564e-03,1.005282091234e+00,2.324313981620e+01
2.724540901503e-01,3.182566090376e-04,1.006500000000e-02,8.001904568769e+06,2.479695878911e-02,1.070520409619e+02,1.064796955221e+02,5.686327570828e+02,5.766843125982e+02,2.761372032215e+06,1.366427986291e+06,4.238788894456e+01,7.022409163972e+02,5.948431930883e+02,1.064820683952e+02,1.790086356076e-01,1.532473508066e-03,1.540698107760e-03,1.005375160372e+00,2.324315303407e+01
2.744574290484e-01,3.182566090376e-04,1.006500000000e-02,7.998392662003e+06,2.528887804273e-02,1.071108594214e+02,1.065281548519e+02,5.686023227150e+02,5.766752504260e+02,2.761424608745e+06,1.366379520044e+06,4.236640859956e+01,7.022545826115e+02,5.918071500145e+02,1.065306191372e+02,1.800090099192e-01,1.562793030046e-03,1.571328010460e-03,1.005469958344e+00,2.324316660673e+01
2.764607679466e-01,3.182566090376e-04,1.006500000000e-02,7.994808656136e+06,2.579002887233e-02,1.071708423764e+02,1.065775748043e+02,5.685712188464e+02,5.766660127529e+02,2.761478043443e+06,1.366330121711e+06,4.234450084236e+01,7.022685029307e+02,5.887663639104e+02,1.065801340514e+02,1.810227971305e-01,1.593677377720e-03,1.602534418712e-03,1.005566532858e+00,2.324318054390e+01
2.784641068447e-01,3.182566090376e-04,1.006500000000e-02,7.991150753199e+06,2.630061961990e-02,1.072320192909e+02,1.066279788841e+02,5.685394285618e+02,5.766565954579e+02,2.761532358126e+06,1.366279769575e+06,4.232215508344e+01,7.022826830500e+02,5.857210228941e+02,1.066306367937e+02,1.820502126880e-01,1.625139095391e-03,1.634330354109e-03,1.005664933474e+00,2.324319485533e+01
2.804674457429e-01,3.182566090376e-04,1.006500000000e-02,7.987417094019e+06,2.682086539379e-02,1.072944206882e+02,1.066793914138e+02,5.685069343214e+02,5.766469942833e+02,2.761587575128e+06,1.366228441199e+06,4.229936038647e+01,7.022971288500e+02,5.826713097270e+02,1.066821518453e+02,1.830914789597e-01,1.657191126465e-03,1.666729260091e-03,1.005765211689e+00,2.324320955074e+01
2.824707846411e-01,3.182566090376e-04,1.006500000000e-02,7.983605755601e+06,2.735098836085e-02,1.073580781993e+02,1.067318375712e+02,5.684737179328e+02,5.766372048286e+02,2.761643717319e+06,1.366176113398e+06,4.227610545396e+01,7.023118464046e+02,5.796174017144e+02,1.067347045505e+02,1.841468255349e-01,1.689846830368e-03,1.699745020149e-03,1.005867421028e+00,2.324322463980e+01
2.844741235392e-01,3.182566090376e-04,1.006500000000e-02,7.979714748373e+06,2.789121805368e-02,1.074230246146e+02,1.067853434283e+02,5.684397605204e+02,5.766272225441e+02,2.761700808121e+06,1.366122762202e+06,4.225237861218e+01,7.023268419900e+02,5.765594706087e+02,1.067883211565e+02,1.852164895388e-01,1.723120000327e-03,1.733391976963e-03,1.005971617132e+00,2.324324013210e+01
2.864774624374e-01,3.182566090376e-04,1.006500000000e-02,7.975742013286e+06,2.844179169401e-02,1.074892939381e+02,1.068399359931e+02,5.684050424938e+02,5.766170427244e+02,2.761758871518e+06,1.366068362825e+06,4.222816779530e+01,7.023421220932e+02,5.734976825167e+02,1.068430288553e+02,1.863007159618e-01,1.757024882071e-03,1.767684952551e-03,1.006077857863e+00,2.324325603711e+01
2.884808013356e-01,3.182566090376e-04,1.006500000000e-02,7.971685418765e+06,2.900295453312e-02,1.075569214451e+02,1.068956432534e+02,5.683695435138e+02,5.766066605017e+02,2.761817932075e+06,1.366012889625e+06,4.220346052874e+01,7.023576934221e+02,5.704321978087e+02,1.068988558281e+02,1.873997580059e-01,1.791576193496e-03,1.802639269485e-03,1.006186203400e+00,2.324327236414e+01
2.904841402337e-01,3.182566090376e-04,1.006500000000e-02,7.967542757495e+06,2.957496021039e-02,1.076259437427e+02,1.069524942229e+02,5.683332424575e+02,5.765960708381e+02,2.761878014955e+06,1.365956316068e+06,4.217824391162e+01,7.023735629149e+02,5.673631710316e+02,1.069558312922e+02,1.885138774478e-01,1.826789145361e-03,1.838270773242e-03,1.006296716357e+00,2.324328912229e+01
2.924874791319e-01,3.182566090376e-04,1.006500000000e-02,7.963311743025e+06,3.015807113120e-02,1.076963988339e+02,1.070105189902e+02,5.682961173799e+02,5.765852685182e+02,2.761939145933e+06,1.365898614688e+06,4.215250459826e+01,7.023897377512e+02,5.642907508241e+02,1.070139855504e+02,1.896433450206e-01,1.862679463087e-03,1.874595855753e-03,1.006409461894e+00,2.324330632042e+01
2.944908180301e-01,3.182566090376e-04,1.006500000000e-02,7.958990006188e+06,3.075255886530e-02,1.077683261859e+02,1.070697487704e+02,5.682581454749e+02,5.765742481409e+02,2.762001351416e+06,1.365839757042e+06,4.212622877870e+01,7.024062253630e+02,5.612150798346e+02,1.070733500436e+02,1.907884408152e-01,1.899263409707e-03,1.911631480240e-03,1.006524507842e+00,2.324332396708e+01
2.964941569282e-01,3.182566090376e-04,1.006500000000e-02,7.954575091322e+06,3.135870456700e-02,1.078417668018e+02,1.071302159604e+02,5.682193030328e+02,5.765630041105e+02,2.762064658457e+06,1.365779713665e+06,4.209940215809e+01,7.024230334461e+02,5.581362946412e+02,1.071339574060e+02,1.919494547025e-01,1.936557810060e-03,1.949395207421e-03,1.006641924829e+00,2.324334207047e+01
2.984974958264e-01,3.182566090376e-04,1.006500000000e-02,7.950064452264e+06,3.197679941872e-02,1.079167632970e+02,1.071919541963e+02,5.681795653957e+02,5.765515306281e+02,2.762129094778e+06,1.365718454024e+06,4.207200993498e+01,7.024401699733e+02,5.550545256735e+02,1.071958415243e+02,1.931266867777e-01,1.974580076295e-03,1.987905223157e-03,1.006761786424e+00,2.324336063839e+01
3.005008347245e-01,3.182566090376e-04,1.006500000000e-02,7.945455448117e+06,3.260714509932e-02,1.079933599803e+02,1.072549984151e+02,5.681389069100e+02,5.765398216817e+02,2.762194688786e+06,1.365655946467e+06,4.204403677832e+01,7.024576432068e+02,5.519698971363e+02,1.072590375996e+02,1.943204478289e-01,2.013348234784e-03,2.027180367665e-03,1.006884169280e+00,2.324337967820e+01
3.025041736227e-01,3.182566090376e-04,1.006500000000e-02,7.940745338757e+06,3.325005427890e-02,1.080716029396e+02,1.073193849202e+02,5.680973008759e+02,5.765278710362e+02,2.762261469595e+06,1.365592158169e+06,4.201546680311e+01,7.024754617124e+02,5.488825269343e+02,1.073235822137e+02,1.955310598300e-01,2.052880954516e-03,2.067240166372e-03,1.007009153286e+00,2.324339919673e+01
3.045075125209e-01,3.182566090376e-04,1.006500000000e-02,7.935931280079e+06,3.390585114199e-02,1.081515401331e+02,1.073851514501e+02,5.680547194942e+02,5.765156722224e+02,2.762329467042e+06,1.365527055074e+06,4.198628354463e+01,7.024936343743e+02,5.457925265978e+02,1.073895133992e+02,1.967588564626e-01,2.093197577094e-03,2.108104862550e-03,1.007136821736e+00,2.324341920028e+01
3.065108514190e-01,3.182566090376e-04,1.006500000000e-02,7.931010318929e+06,3.457487194094e-02,1.082332214866e+02,1.074523372524e+02,5.680111338087e+02,5.765032185259e+02,2.762398711714e+06,1.365460601838e+06,4.195646993110e+01,7.025121704103e+02,5.427000012081e+02,1.074568707141e+02,1.980041836648e-01,2.134318148425e-03,2.149795451826e-03,1.007267261506e+00,2.324343969452e+01
3.085141903172e-01,3.182566090376e-04,1.006500000000e-02,7.925979387738e+06,3.525746558175e-02,1.083166989965e+02,1.075209831615e+02,5.679665136457e+02,5.764905029748e+02,2.762469234965e+06,1.365392761765e+06,4.192600825456e+01,7.025310793885e+02,5.396050493235e+02,1.075256953209e+02,1.992674002138e-01,2.176263452225e-03,2.192333718723e-03,1.007400563235e+00,2.324346068444e+01
3.105175292154e-01,3.182566090376e-04,1.006500000000e-02,7.920835298791e+06,3.595399424462e-02,1.084020268395e+02,1.075911316820e+02,5.679208275486e+02,5.764775183271e+02,2.762541068941e+06,1.365323496738e+06,4.189488014008e+01,7.025503712444e+02,5.365077629037e+02,1.075960300708e+02,2.005488783395e-01,2.219055045471e-03,2.235742275366e-03,1.007536821528e+00,2.324348217435e+01
3.125208681135e-01,3.182566090376e-04,1.006500000000e-02,7.915574738131e+06,3.666483404175e-02,1.084892614905e+02,1.076628270768e+02,5.678740427087e+02,5.764642570567e+02,2.762614246599e+06,1.365252767148e+06,4.186306651280e+01,7.025700562998e+02,5.334082272328e+02,1.076679195935e+02,2.018490043770e-01,2.262715295925e-03,2.280044602506e-03,1.007676135172e+00,2.324350416778e+01
3.145242070117e-01,3.182566090376e-04,1.006500000000e-02,7.910194259056e+06,3.739037571508e-02,1.085784618467e+02,1.077361154617e+02,5.678261248909e+02,5.764507113393e+02,2.762688801738e+06,1.365180531818e+06,4.183054756296e+01,7.025901452818e+02,5.303065208401e+02,1.077414103926e+02,2.031681794557e-01,2.307267421890e-03,2.325265093036e-03,1.007818607357e+00,2.324352666747e+01
3.165275459098e-01,3.182566090376e-04,1.006500000000e-02,7.904690275164e+06,3.813102537711e-02,1.086696893619e+02,1.078110449054e+02,5.677770383539e+02,5.764368730369e+02,2.762764769016e+06,1.365106747925e+06,4.179730270848e+01,7.026106493437e+02,5.272027154175e+02,1.078165509479e+02,2.045068202323e-01,2.352735534350e-03,2.371429098184e-03,1.007964345927e+00,2.324354967533e+01
3.185308848080e-01,3.182566090376e-04,1.006500000000e-02,7.899059052928e+06,3.888720529788e-02,1.087630081884e+02,1.078876655370e+02,5.677267457648e+02,5.764227336811e+02,2.762842183979e+06,1.365031370910e+06,4.176331055504e+01,7.026315800871e+02,5.240968757323e+02,1.078933918236e+02,2.058653596683e-01,2.399144681681e-03,2.418562976588e-03,1.008113463638e+00,2.324357319240e+01
3.205342237062e-01,3.182566090376e-04,1.006500000000e-02,7.893296703734e+06,3.965935474191e-02,1.088584853303e+02,1.079660296603e+02,5.676752081075e+02,5.764082844561e+02,2.762921083087e+06,1.364954354387e+06,4.172854885343e+01,7.026529495850e+02,5.209890595351e+02,1.079719857850e+02,2.072442478569e-01,2.446520897107e-03,2.466694146463e-03,1.008266078440e+00,2.324359721883e+01
3.225375626043e-01,3.182566090376e-04,1.006500000000e-02,7.887399175357e+06,4.044793085880e-02,1.089561908069e+02,1.080461918760e+02,5.676223845843e+02,5.763935161797e+02,2.763001503739e+06,1.364875650048e+06,4.169299445375e+01,7.026747704066e+02,5.178793174610e+02,1.080523879224e+02,2.086439529042e-01,2.494891249136e-03,2.515851141118e-03,1.008422313781e+00,2.324362175391e+01
3.245409015025e-01,3.182566090376e-04,1.006500000000e-02,7.881362242807e+06,4.125340963200e-02,1.090561978275e+02,1.081282092130e+02,5.675682325091e+02,5.763784192834e+02,2.763083484302e+06,1.364795207557e+06,4.165662325651e+01,7.026970556440e+02,5.147676929227e+02,1.081346557839e+02,2.100649618665e-01,2.544283895180e-03,2.566063668071e-03,1.008582298932e+00,2.324364679599e+01
3.265442404007e-01,3.182566090376e-04,1.006500000000e-02,7.875181498498e+06,4.207628689031e-02,1.091585829802e+02,1.082121412682e+02,5.675127071939e+02,5.763629837913e+02,2.763167064138e+06,1.364712974438e+06,4.161941015995e+01,7.027198189396e+02,5.116542219944e+02,1.082188495183e+02,2.115077817525e-01,2.594728138629e-03,2.617362672068e-03,1.008746169339e+00,2.324367234260e+01
3.285475792988e-01,3.182566090376e-04,1.006500000000e-02,7.868852341665e+06,4.291707938744e-02,1.092634264341e+02,1.082980503570e+02,5.674557618245e+02,5.763471992971e+02,2.763252283632e+06,1.364628895959e+06,4.158132900358e+01,7.027430745165e+02,5.085389332848e+02,1.083050320274e+02,2.129729405924e-01,2.646254489640e-03,2.669780402309e-03,1.008914067002e+00,2.324369839036e+01
3.305509181970e-01,3.182566090376e-04,1.006500000000e-02,7.862369966981e+06,4.377632595521e-02,1.093708121560e+02,1.083860016744e+02,5.673973473280e+02,5.763310549400e+02,2.763339184223e+06,1.364542914999e+06,4.154235250738e+01,7.027668372099e+02,5.054218477973e+02,1.083932691298e+02,2.144609885825e-01,2.698894729952e-03,2.723350484246e-03,1.009086140888e+00,2.324372493511e+01
3.325542570952e-01,3.182566090376e-04,1.006500000000e-02,7.855729352273e+06,4.465458873683e-02,1.094808281455e+02,1.084760634686e+02,5.673374122282e+02,5.763145393781e+02,2.763427808433e+06,1.364454971920e+06,4.150245220639e+01,7.027911225014e+02,5.023029787755e+02,1.084836297373e+02,2.159724993106e-01,2.752681982052e-03,2.778107996324e-03,1.009262547375e+00,2.324375197195e+01
3.345575959933e-01,3.182566090376e-04,1.006500000000e-02,7.848925245269e+06,4.555245450703e-02,1.095935666872e+02,1.085683072268e+02,5.672759024895e+02,5.762976407608e+02,2.763518199898e+06,1.364365004411e+06,4.146159838011e+01,7.028159465547e+02,4.991823315321e+02,1.085761860442e+02,2.175080710708e-01,2.807650783064e-03,2.834089552108e-03,1.009443450733e+00,2.324377949527e+01
3.365609348915e-01,3.182566090376e-04,1.006500000000e-02,7.841952149277e+06,4.647053608696e-02,1.097091246230e+02,1.086628078761e+02,5.672127613478e+02,5.762803466985e+02,2.763610403395e+06,1.364272947339e+06,4.141975997637e+01,7.028413262548e+02,4.960599032593e+02,1.086710137309e+02,2.190683282743e-01,2.863837163747e-03,2.891333388245e-03,1.009629023650e+00,2.324380749890e+01
3.385642737896e-01,3.182566090376e-04,1.006500000000e-02,7.834804307696e+06,4.740947386203e-02,1.098276036468e+02,1.087596439995e+02,5.671479291267e+02,5.762626442300e+02,2.763704464878e+06,1.364178732577e+06,4.137690452907e+01,7.028672792491e+02,4.929356828170e+02,1.087681921844e+02,2.206539229678e-01,2.921278733064e-03,2.949879458793e-03,1.009819447803e+00,2.324383597619e+01
3.405676126878e-01,3.182566090376e-04,1.006500000000e-02,7.827475687240e+06,4.836993741234e-02,1.099491106229e+02,1.088588980691e+02,5.670813430382e+02,5.762445197879e+02,2.763800431505e+06,1.364082288822e+06,4.133299806920e+01,7.028938239916e+02,4.898096504978e+02,1.088678047347e+02,2.222655364672e-01,2.980014768790e-03,3.009769536483e-03,1.010014914474e+00,2.324386492016e+01
3.425709515860e-01,3.182566090376e-04,1.006500000000e-02,7.819959959760e+06,4.935262726597e-02,1.100737579317e+02,1.089606566981e+02,5.670129369657e+02,5.762259591608e+02,2.763898351669e+06,1.363983541402e+06,4.128800502855e+01,7.029209797907e+02,4.866817777650e+02,1.089699389119e+02,2.239038811200e-01,3.040086314713e-03,3.071047321550e-03,1.010215625230e+00,2.324389432366e+01
3.445742904841e-01,3.182566090376e-04,1.006500000000e-02,7.812250482510e+06,5.035827678671e-02,1.102016638430e+02,1.090650109131e+02,5.669426412271e+02,5.762069474527e+02,2.763998275029e+06,1.363882412061e+06,4.124188813528e+01,7.029487668598e+02,4.835520269606e+02,1.090746867232e+02,2.255697022073e-01,3.101536285013e-03,3.133758558838e-03,1.010421792658e+00,2.324392417953e+01
3.465776293823e-01,3.182566090376e-04,1.006500000000e-02,7.804340276713e+06,5.138765420909e-02,1.103329529235e+02,1.091720564492e+02,5.668703823178e+02,5.761874690394e+02,2.764100252537e+06,1.363778818738e+06,4.119460830072e+01,7.029772063723e+02,4.804203509804e+02,1.091821449532e+02,2.272637800009e-01,3.164409576485e-03,3.197951163958e-03,1.010633641172e+00,2.324395448082e+01
3.485809682805e-01,3.182566090376e-04,1.006500000000e-02,7.796222004252e+06,5.244156483495e-02,1.104677564779e+02,1.092818940698e+02,5.667960826290e+02,5.761675075210e+02,2.764204336466e+06,1.363672675315e+06,4.114612449637e+01,7.030063205203e+02,4.772866929119e+02,1.092924154897e+02,2.289869319903e-01,3.228753189336e-03,3.263675359365e-03,1.010851407894e+00,2.324398522099e+01
3.505843071786e-01,3.182566090376e-04,1.006500000000e-02,7.787887942291e+06,5.352085340746e-02,1.106062130303e+02,1.093946299140e+02,5.667196601402e+02,5.761470456704e+02,2.764310580437e+06,1.363563891355e+06,4.109639362016e+01,7.030361325779e+02,4.741509856319e+02,1.094056056775e+02,2.307400152965e-01,3.294616357367e-03,3.330983821321e-03,1.011075343619e+00,2.324401639420e+01
3.525876460768e-01,3.182566090376e-04,1.006500000000e-02,7.779329955620e+06,5.462640668039e-02,1.107484688491e+02,1.095103758737e+02,5.666410280830e+02,5.761260653780e+02,2.764419039436e+06,1.363452371815e+06,4.104537035099e+01,7.030666669697e+02,4.710131513594e+02,1.095218287034e+02,2.325239292944e-01,3.362050688445e-03,3.399931838832e-03,1.011305713870e+00,2.324404799552e+01
3.545909849750e-01,3.182566090376e-04,1.006500000000e-02,7.770539466467e+06,5.575915620255e-02,1.108946785190e+02,1.096292500052e+02,5.665600945722e+02,5.761045475912e+02,2.764529769841e+06,1.363338016729e+06,4.099300699020e+01,7.030979493447e+02,4.678731011583e+02,1.096412040145e+02,2.343396184629e-01,3.431110316279e-03,3.470577485749e-03,1.011542800063e+00,2.324408002127e+01
3.565943238731e-01,3.182566090376e-04,1.006500000000e-02,7.761507421532e+06,5.692008133954e-02,1.110450055675e+02,1.097513769766e+02,5.664767622017e+02,5.760824722485e+02,2.764642829430e+06,1.363220720874e+06,4.093925328857e+01,7.031300066556e+02,4.647307343863e+02,1.097638577755e+02,2.361880754895e-01,3.501852064614e-03,3.542981807389e-03,1.011786900780e+00,2.324411246932e+01
3.585976627713e-01,3.182566090376e-04,1.006500000000e-02,7.752224255922e+06,5.811021255773e-02,1.111996231500e+02,1.098768885573e+02,5.663909276000e+02,5.760598182088e+02,2.764758277390e+06,1.363100373397e+06,4.088405625754e+01,7.031628672455e+02,4.615859380831e+02,1.098899233675e+02,2.380703446554e-01,3.574335625087e-03,3.617209023178e-03,1.012038333175e+00,2.324414533943e+01
3.606010016694e-01,3.182566090376e-04,1.006500000000e-02,7.742679853652e+06,5.933063499842e-02,1.113587148018e+02,1.100059241528e+02,5.663024809423e+02,5.760365631727e+02,2.764876174326e+06,1.362976857419e+06,4.082735996261e+01,7.031965609416e+02,4.584385862937e+02,1.100195419337e+02,2.399875255336e-01,3.648623750155e-03,3.693326746995e-03,1.012297434519e+00,2.324417863360e+01
3.626043405676e-01,3.182566090376e-04,1.006500000000e-02,7.732863504340e+06,6.058249237361e-02,1.115224752632e+02,1.101386313904e+02,5.662113054118e+02,5.760126835985e+02,2.764996582251e+06,1.362850049590e+06,4.076910529720e+01,7.032311191564e+02,4.552885393189e+02,1.101528629773e+02,2.419407770336e-01,3.724782462654e-03,3.771406227130e-03,1.012564563908e+00,2.324421235649e+01
3.646076794658e-01,3.182566090376e-04,1.006500000000e-02,7.722763855630e+06,6.186699121952e-02,1.116911113877e+02,1.102751667615e+02,5.661172766044e+02,5.759881546087e+02,2.765119564558e+06,1.362719819616e+06,4.070922973525e+01,7.032665749986e+02,4.521356428844e+02,1.102900450174e+02,2.439313218348e-01,3.802881283823e-03,3.851522608062e-03,1.012840104148e+00,2.324424651580e+01
3.666110183639e-01,3.182566090376e-04,1.006500000000e-02,7.712368860881e+06,6.318540554955e-02,1.118648431422e+02,1.104156963282e+02,5.660202618670e+02,5.759629498889e+02,2.765245185964e+06,1.362586029736e+06,4.064766706052e+01,7.033029633934e+02,4.489797272154e+02,1.104312563103e+02,2.459604512552e-01,3.882993481958e-03,3.933755216661e-03,1.013124463842e+00,2.324428112271e+01
3.686143572621e-01,3.182566090376e-04,1.006500000000e-02,7.701665721576e+06,6.453908195267e-02,1.120439047130e+02,1.105603964999e+02,5.659201195613e+02,5.759370415762e+02,2.765373512404e+06,1.362448534145e+06,4.058434706997e+01,7.033403212137e+02,4.458206060097e+02,1.105766756438e+02,2.480295306076e-01,3.965196343965e-03,4.018187875603e-03,1.013418079711e+00,2.324431619231e+01
3.706176961603e-01,3.182566090376e-04,1.006500000000e-02,7.690640823702e+06,6.592944518565e-02,1.122285457273e+02,1.107094548914e+02,5.658166982609e+02,5.759104001369e+02,2.765504610986e+06,1.362307178366e+06,4.051919524336e+01,7.033786874240e+02,4.426580753077e+02,1.107264932131e+02,2.501400050956e-01,4.049571471690e-03,4.104909246441e-03,1.013721419163e+00,2.324435174409e+01
3.726210350584e-01,3.182566090376e-04,1.006500000000e-02,7.679279667494e+06,6.735800431827e-02,1.124190326068e+02,1.108630712689e+02,5.657098358604e+02,5.758829942322e+02,2.765638549927e+06,1.362161798563e+06,4.045213237845e+01,7.034181032366e+02,4.394919122470e+02,1.108809115893e+02,2.522934063164e-01,4.136205106170e-03,4.194013206121e-03,1.014034983157e+00,2.324438780249e+01
3.746243739566e-01,3.182566090376e-04,1.006500000000e-02,7.667566789690e+06,6.882635950071e-02,1.126156500701e+02,1.110214585984e+02,5.655993585789e+02,5.758547905701e+02,2.765775398430e+06,1.362012220776e+06,4.038307418979e+01,7.034586122840e+02,4.363218736805e+02,1.110401467914e+02,2.544913594516e-01,4.225188483386e-03,4.285599261316e-03,1.014359309379e+00,2.324442439736e+01
3.766277128548e-01,3.182566090376e-04,1.006500000000e-02,7.655485677275e+06,7.033620942932e-02,1.128187028028e+02,1.111848442081e+02,5.654850798464e+02,5.758257537420e+02,2.765915226521e+06,1.361858260084e+06,4.031193086495e+01,7.035002608072e+02,4.331476946445e+02,1.112044294754e+02,2.567355912322e-01,4.316618225058e-03,4.379773005016e-03,1.014694975798e+00,2.324446156460e+01
3.786310517529e-01,3.182566090376e-04,1.006500000000e-02,7.643018671637e+06,7.188935959717e-02,1.130285173215e+02,1.113534710801e+02,5.653667990590e+02,5.757958460420e+02,2.766058104834e+06,1.361699719678e+06,4.023860657234e+01,7.035430978635e+02,4.299690866636e+02,1.113740062576e+02,2.590279387801e-01,4.410596768555e-03,4.476646620534e-03,1.015042604646e+00,2.324449934680e+01
3.806343906511e-01,3.182566090376e-04,1.006500000000e-02,7.630146861754e+06,7.348773143249e-02,1.132454440583e+02,1.115275992901e+02,5.652443001871e+02,5.757650272662e+02,2.766204104372e+06,1.361536389831e+06,4.016299891305e+01,7.035871755550e+02,4.267857358681e+02,1.115491411884e+02,2.613703594415e-01,4.507232840693e-03,4.576339439058e-03,1.015402866906e+00,2.324453779399e+01
3.826377295492e-01,3.182566090376e-04,1.006500000000e-02,7.616849964673e+06,7.513337245342e-02,1.134698596988e+02,1.117075076121e+02,5.651173501957e+02,5.757332544909e+02,2.766353296217e+06,1.361368046767e+06,4.008499830616e+01,7.036325492806e+02,4.235973008822e+02,1.117301173973e+02,2.637649417611e-01,4.606641981332e-03,4.678978558132e-03,1.015776487403e+00,2.324457696393e+01
3.846410684474e-01,3.182566090376e-04,1.006500000000e-02,7.603106193351e+06,7.682846758560e-02,1.137021698116e+02,1.118934953205e+02,5.649856971873e+02,5.757004818249e+02,2.766505751202e+06,1.361194451384e+06,4.000448729979e+01,7.036792780166e+02,4.204034105172e+02,1.119172389402e+02,2.662139177284e-01,4.708947123840e-03,4.784699529818e-03,1.016164250530e+00,2.324461692288e+01
3.866444073456e-01,3.182566090376e-04,1.006500000000e-02,7.588892105515e+06,7.857535173440e-02,1.139428117721e+02,1.120858842081e+02,5.648490686092e+02,5.756666601335e+02,2.766661539265e+06,1.361015347854e+06,3.992133983155e+01,7.037274246234e+02,4.172036610566e+02,1.121108328688e+02,2.687196765840e-01,4.814279239425e-03,4.893647126062e-03,1.016567006427e+00,2.324465774715e+01
3.886477462437e-01,3.182566090376e-04,1.006500000000e-02,7.574182436458e+06,8.037652386005e-02,1.141922580848e+02,1.122850208528e+02,5.647071689395e+02,5.756317367304e+02,2.766820728839e+06,1.360830462039e+06,3.983542037283e+01,7.037770561895e+02,4.139976133820e+02,1.123112515572e+02,2.712847802182e-01,4.922778052005e-03,5.005976192563e-03,1.016985678209e+00,2.324469952345e+01
3.906510851419e-01,3.182566090376e-04,1.006500000000e-02,7.558949908290e+06,8.223466276699e-02,1.144510201473e+02,1.124912791766e+02,5.645596770816e+02,5.755956550315e+02,2.766983386095e+06,1.360639499733e+06,3.974658295868e+01,7.038282444096e+02,4.107847896618e+02,1.125188753284e+02,2.739119805799e-01,5.034592834804e-03,5.121852604390e-03,1.017421270209e+00,2.324474234926e+01
3.926544240401e-01,3.182566090376e-04,1.006500000000e-02,7.543165017578e+06,8.415264478622e-02,1.147196525412e+02,1.127050633467e+02,5.644062434599e+02,5.755583541455e+02,2.767149573943e+06,1.360442144686e+06,3.965467011881e+01,7.038810659534e+02,4.075646697766e+02,1.127341154351e+02,2.766042392657e-01,5.149883299531e-03,5.241454337964e-03,1.017874877442e+00,2.324478633459e+01
3.946577629382e-01,3.182566090376e-04,1.006500000000e-02,7.526795790423e+06,8.613356378795e-02,1.149987579091e+02,1.129268110568e+02,5.642464866824e+02,5.755197684665e+02,2.767319350963e+06,1.360238056372e+06,3.955951163964e+01,7.039356030181e+02,4.043366870686e+02,1.129574174326e+02,2.793647498363e-01,5.268820593302e-03,5.364972678510e-03,1.018347696467e+00,2.324483160414e+01
3.966611018364e-01,3.182566090376e-04,1.006500000000e-02,7.509807506585e+06,8.818075376920e-02,1.152889925048e+02,1.131569972583e+02,5.640799897398e+02,5.754798271836e+02,2.767492770051e+06,1.360026867477e+06,3.946092317601e+01,7.039919438696e+02,4.011002236482e+02,1.131892650157e+02,2.821969631085e-01,5.391588418337e-03,5.492613581930e-03,1.018841037657e+00,2.324487829750e+01
3.986644407346e-01,3.182566090376e-04,1.006500000000e-02,7.492162383574e+06,9.029781445761e-02,1.155910725804e+02,1.133961384335e+02,5.639062956098e+02,5.754384537099e+02,2.767669876681e+06,1.359808181059e+06,3.935870466843e+01,7.040501834087e+02,3.978546050517e+02,1.134301844165e+02,2.851046160487e-01,5.518384292314e-03,5.624599216233e-03,1.019356339442e+00,2.324492657063e+01
4.006677796327e-01,3.182566090376e-04,1.006500000000e-02,7.473819213823e+06,9.248864045559e-02,1.159057817401e+02,1.136447974920e+02,5.637249021770e+02,5.753955650464e+02,2.767850706828e+06,1.359581567317e+06,3.925263852810e+01,7.041104238406e+02,3.945990941145e+02,1.136807494461e+02,2.880917648865e-01,5.649420971639e-03,5.761169711894e-03,1.019895184804e+00,2.324497659819e+01
4.026711185309e-01,3.182566090376e-04,1.006500000000e-02,7.454732948231e+06,9.475745450822e-02,1.162339794317e+02,1.139035893992e+02,5.635352563555e+02,5.753510710565e+02,2.768035284411e+06,1.359346559911e+06,3.914248755885e+01,7.041727754316e+02,3.913328839874e+02,1.139415872940e+02,2.911628231520e-01,5.784928063885e-03,5.902585156169e-03,1.020459320420e+00,2.324502857567e+01
4.046744574290e-01,3.182566090376e-04,1.006500000000e-02,7.434854215108e+06,9.710884563473e-02,1.165766108016e+02,1.141731876764e+02,5.633367472430e+02,5.753048736360e+02,2.768223618163e+06,1.359102651762e+06,3.902799256336e+01,7.042373573644e+02,3.880550900984e+02,1.142133852303e+02,2.943226055901e-01,5.925153860848e-03,6.049127874132e-03,1.021050679009e+00,2.324508272165e+01
4.066777963272e-01,3.182566090376e-04,1.006500000000e-02,7.414128762068e+06,9.954781301473e-02,1.169347181708e+02,1.144543319384e+02,5.631286981163e+02,5.752568657588e+02,2.768415697775e+06,1.358849290230e+06,3.890886957235e+01,7.043042987072e+02,3.847647408511e+02,1.144968983835e+02,2.975763790889e-01,6.070367429903e-03,6.201105047266e-03,1.021671405446e+00,2.324513928018e+01
4.086811352254e-01,3.182566090376e-04,1.006500000000e-02,7.392496806707e+06,1.020798166896e-01,1.173094544485e+02,1.147478366787e+02,5.629103570437e+02,5.752069303783e+02,2.768611489226e+06,1.358585871566e+06,3.878480662679e+01,7.043737395173e+02,3.814607668652e+02,1.147929588109e+02,3.009299219793e-01,6.220861007932e-03,6.358851729860e-03,1.022323887265e+00,2.324519852453e+01
4.106844741235e-01,3.182566090376e-04,1.006500000000e-02,7.369892274290e+06,1.047108363399e-01,1.177020988870e+02,1.150546015472e+02,5.626808855387e+02,5.751549391578e+02,2.768810928966e+06,1.358311734493e+06,3.865546003974e+01,7.044458321090e+02,3.781419886495e+02,1.151024861185e+02,3.043895932574e-01,6.376952750907e-03,6.522734337390e-03,1.023010790566e+00,2.324526076305e+01
4.126878130217e-01,3.182566090376e-04,1.006500000000e-02,7.346241902558e+06,1.074474397771e-01,1.181140757746e+02,1.153756234250e+02,5.624393456220e+02,5.751007509814e+02,2.769013916435e+06,1.358026152750e+06,3.852045002594e+01,7.045207424871e+02,3.748071021050e+02,1.154264999493e+02,3.079624140019e-01,6.538989906644e-03,6.693154706368e-03,1.023735103381e+00,2.324532634391e+01
4.146911519199e-01,3.182566090376e-04,1.006500000000e-02,7.321464184969e+06,1.102968633289e-01,1.185469767142e+02,1.157120107116e+02,5.621846841056e+02,5.750442102195e+02,2.769220304632e+06,1.357728326395e+06,3.837935549569e+01,7.045986519972e+02,3.714546609870e+02,1.157661347729e+02,3.116561640801e-01,6.707352491596e-03,6.870554839955e-03,1.024500187881e+00,2.324539566013e+01
4.166944908180e-01,3.182566090376e-04,1.006500000000e-02,7.295468108897e+06,1.132671066259e-01,1.190025872935e+02,1.160650003359e+02,5.619157134567e+02,5.749851446907e+02,2.769429888118e+06,1.357417371584e+06,3.823170790129e+01,7.046797592394e+02,3.680830561828e+02,1.161226575099e+02,3.154794972475e-01,6.882457579526e-03,7.055422489868e-03,1.025309843184e+00,2.324546915873e+01
4.186978297162e-01,3.182566090376e-04,1.006500000000e-02,7.268151645476e+06,1.163670449518e-01,1.194829191890e+02,1.164359781119e+02,5.616310888630e+02,5.749233632508e+02,2.769642388285e+06,1.357092308517e+06,3.807698388092e+01,7.047642822818e+02,3.646904910118e+02,1.164974886418e+02,3.194420790041e-01,7.064764318446e-03,7.248297747429e-03,1.026168381341e+00,2.324554735190e+01
4.207011686144e-01,3.182566090376e-04,1.006500000000e-02,7.239399929286e+06,1.196065632731e-01,1.199902490983e+02,1.168265032629e+02,5.613292803222e+02,5.748586529248e+02,2.769857434784e+06,1.356752047135e+06,3.791459641284e+01,7.048524612338e+02,3.612749515092e+02,1.168922276681e+02,3.235547529100e-01,7.254779832648e-03,7.449780876019e-03,1.027080720102e+00,2.324563083128e+01
4.227045075125e-01,3.182566090376e-04,1.006500000000e-02,7.209083047979e+06,1.229967172607e-01,1.205271663315e+02,1.172383381816e+02,5.610085383599e+02,5.747907754716e+02,2.770074541616e+06,1.356395370033e+06,3.774388411379e+01,7.049445612583e+02,3.578341703363e+02,1.173086840320e+02,3.278297428157e-01,7.453066210478e-03,7.660541685264e-03,1.028052497169e+00,2.324572028668e+01
4.247078464107e-01,3.182566090376e-04,1.006500000000e-02,7.177053336047e+06,1.265499281647e-01,1.210966314799e+02,1.176734848344e+02,5.606668515723e+02,5.747194632403e+02,2.770293076225e+06,1.356020911892e+06,3.756409818164e+01,7.050408761106e+02,3.543655825755e+02,1.177489149927e+02,3.322809008055e-01,7.660248826699e-03,7.881330828585e-03,1.029090212212e+00,2.324581653202e+01
4.267111853088e-01,3.182566090376e-04,1.006500000000e-02,7.143142032950e+06,1.302802205059e-01,1.217020493891e+02,1.181342296713e+02,5.603018935765e+02,5.746444141306e+02,2.770512219254e+06,1.355627134535e+06,3.737438632593e+01,7.051417323210e+02,3.508662711268e+02,1.182152724008e+02,3.369240138732e-01,7.877026316005e-03,8.112993519229e-03,1.030201405026e+00,2.324592054397e+01
4.287145242070e-01,3.182566090376e-04,1.006500000000e-02,7.107155117114e+06,1.342035145235e-01,1.223473608109e+02,1.186231995497e+02,5.599109560684e+02,5.745652854104e+02,2.770730911680e+06,1.355212296419e+06,3.717377280415e+01,7.052474941698e+02,3.473328985686e+02,1.187104610183e+02,3.417771869799e-01,8.104182608833e-03,8.356486319751e-03,1.031394881231e+00,2.324603352068e+01
4.307178631052e-01,3.182566090376e-04,1.006500000000e-02,7.068868058109e+06,1.383379897590e-01,1.230371587512e+02,1.191434320891e+02,5.594908634132e+02,5.744816860517e+02,2.770947784588e+06,1.354774414913e+06,3.696113336371e+01,7.053585696567e+02,3.437616209397e+02,1.192376119856e+02,3.468613269267e-01,8.342601587701e-03,8.612897901380e-03,1.032681001327e+00,2.324615696568e+01
4.327212020033e-01,3.182566090376e-04,1.006500000000e-02,7.028019129099e+06,1.427045427087e-01,1.237768379530e+02,1.196984651854e+02,5.590378622972e+02,5.743931671167e+02,2.771161064514e+06,1.354311219126e+06,3.673516343756e+01,7.054754177426e+02,3.401479768067e+02,1.198003764269e+02,3.522007614204e-01,8.593285143571e-03,8.883475032683e-03,1.034072055655e+00,2.324629279173e+01
4.347245409015e-01,3.182566090376e-04,1.006500000000e-02,6.984300773375e+06,1.473273701478e-01,1.245727896367e+02,1.202924523228e+02,5.585474770907e+02,5.742992095441e+02,2.771368443539e+06,1.353820090142e+06,3.649433728056e+01,7.055985572278e+02,3.364867425073e+02,1.204030462219e+02,3.578240418173e-01,8.857375667236e-03,9.169655529949e-03,1.035582758779e+00,2.324644344462e+01
4.367278797997e-01,3.182566090376e-04,1.006500000000e-02,6.937348295323e+06,1.522347195166e-01,1.254326593050e+02,1.209303132053e+02,5.580143172774e+02,5.741992084499e+02,2.771566897915e+06,1.353297984484e+06,3.623685472138e+01,7.057285776618e+02,3.327717422329e+02,1.210507120393e+02,3.637649976740e-01,9.136184156698e-03,9.473110379814e-03,1.037230914072e+00,2.324661213535e+01
4.387312186978e-01,3.182566090376e-04,1.006500000000e-02,6.886724804345e+06,1.574598601500e-01,1.263656940257e+02,1.216179337482e+02,5.574318170517e+02,5.740924527455e+02,2.771752432753e+06,1.352741335232e+06,3.596057056892e+01,7.058661526209e+02,3.289955983013e+02,1.217494735361e+02,3.700641411763e-01,9.431225117705e-03,9.795797728505e-03,1.039038323799e+00,2.324680348944e+01
4.407345575960e-01,3.182566090376e-04,1.006500000000e-02,6.831900800157e+06,1.630423587652e-01,1.273832180759e+02,1.223624367225e+02,5.567918777085e+02,5.739780982855e+02,2.771919722587e+06,1.352145922506e+06,3.566289902956e+01,7.060120558252e+02,3.251493947610e+02,1.225067243069e+02,3.767705746367e-01,9.744260064176e-03,1.014003275065e-02,1.041032047806e+00,2.324702503997e+01
4.427378964942e-01,3.182566090376e-04,1.006500000000e-02,6.772225880987e+06,1.690298266370e-01,1.284992938684e+02,1.231725558513e+02,5.560843641684e+02,5.738551314820e+02,2.772061593244e+06,1.351506697765e+06,3.534068169809e+01,7.061671823256e+02,3.212221931314e+02,1.233315463593e+02,3.839446619706e-01,1.007735507643e-02,1.050858210853e-02,1.043246143431e+00,2.324728922928e+01
4.447412353923e-01,3.182566090376e-04,1.006500000000e-02,6.706888472230e+06,1.754804660555e-01,1.297316578292e+02,1.240591641269e+02,5.552963743663e+02,5.737223168793e+02,2.772168228831e+06,1.350817531625e+06,3.499000197841e+01,7.063325791167e+02,3.172002851997e+02,1.242352681675e+02,3.916619056293e-01,1.043296566131e-02,1.090480162843e-02,1.045724100611e+00,2.324761344279e+01
4.467445742905e-01,3.182566090376e-04,1.006500000000e-02,6.634857631681e+06,1.824668836456e-01,1.311031006084e+02,1.250360386285e+02,5.544111521137e+02,5.735781193883e+02,2.772225882079e+06,1.350070839719e+06,3.460591910940e+01,7.065094922904e+02,3.130660415315e+02,1.252322747696e+02,4.000187122084e-01,1.081406610623e-02,1.133284506384e-02,1.048522506362e+00,2.324801546142e+01
4.487479131886e-01,3.182566090376e-04,1.006500000000e-02,6.554797462138e+06,1.900814414013e-01,1.326436462696e+02,1.261209990572e+02,5.534064197687e+02,5.734205939655e+02,2.772214723845e+06,1.349257050942e+06,3.418208410613e+01,7.066994306325e+02,3.087963405141e+02,1.263412197439e+02,4.091409228928e-01,1.122431742566e-02,1.179796105269e-02,1.051717376656e+00,2.324851298117e+01
4.507512520868e-01,3.182566090376e-04,1.006500000000e-02,6.464935735979e+06,1.984428415515e-01,1.343941414119e+02,1.273376322083e+02,5.522517719398e+02,5.732472400564e+02,2.772105405274e+06,1.348363932913e+06,3.371015047676e+01,7.069042035725e+02,3.043605953695e+02,1.275868738978e+02,4.191964263406e-01,1.166819924983e-02,1.230684352506e-02,1.055415740667e+00,2.324915740181e+01
4.527545909850e-01,3.182566090376e-04,1.006500000000e-02,6.362844654206e+06,2.077042372699e-01,1.364118365206e+02,1.287179232251e+02,5.509044617131e+02,5.730548050025e+02,2.771854134194e+06,1.347375737661e+06,3.317875255375e+01,7.071258716160e+02,2.997176511418e+02,1.290029576568e+02,4.304149494211e-01,1.215099705042e-02,1.286795787892e-02,1.059773441824e+00,2.325012361947e+01
4.547579298831e-01,3.182566090376e-04,1.006500000000e-02,6.245101929363e+06,2.180685031770e-01,1.387781559936e+02,1.303065668212e+02,5.493033165187e+02,5.728389308379e+02,2.771398010626e+06,1.346271589050e+06,3.257179970768e+01,7.073667920824e+02,2.948099562490e+02,1.306367444007e+02,4.431218879541e-01,1.267884711239e-02,1.349201263153e-02,1.065012757062e+00,2.325179592925e+01
4.567612687813e-01,3.182566090376e-04,1.006500000000e-02,6.107009589495e+06,2.298273577624e-01,1.416098236807e+02,1.321692399941e+02,5.473646997938e+02,5.725933953649e+02,2.770660746880e+06,1.345021402471e+06,3.186665183203e+01,7.076308042965e+02,2.895576544925e+02,1.325577524420e+02,4.577939846704e-01,1.326007686613e-02,1.419377405652e-02,1.071427994040e+00,2.325471841377e+01
4.587646076795e-01,3.182566090376e-04,1.006500000000e-02,5.942801794093e+06,2.434477987377e-01,1.450741127135e+02,1.344068441816e+02,5.449897952970e+02,5.723087351156e+02,2.769588576924e+06,1.343577513326e+06,3.103380472528e+01,7.079271023945e+02,2.838651213373e+02,1.348726502887e+02,4.751293489434e-01,1.391009036765e-02,1.499751488724e-02,1.079365515922e+00,2.325888693764e+01
4.607679465776e-01,3.182566090376e-04,1.006500000000e-02,5.745701857393e+06,2.597059712671e-01,1.493774128704e+02,1.371588733783e+02,5.420681487580e+02,5.719706468926e+02,2.768182021266e+06,1.341865214429e+06,3.003606142673e+01,7.082742877527e+02,2.776383148965e+02,1.377291051090e+02,4.960738403860e-01,1.465904676110e-02,1.594409931111e-02,1.089083113554e+00,2.325879938910e+01
4.627712854758e-01,3.182566090376e-04,1.006500000000e-02,5.506177268556e+06,2.797203507196e-01,1.546170692116e+02,1.405275058300e+02,5.384156356118e+02,5.715611475547e+02,2.766327591637e+06,1.339791948435e+06,2.882482369025e+01,7.086933290921e+02,2.707904696215e+02,1.412375814699e+02,5.215751561248e-01,1.554980629016e-02,1.708222825238e-02,1.100261961517e+00,2.322635561187e+01
4.647746243740e-01,3.192907086258e-04,1.008133865725e-02,5.224300065482e+06,3.040834788764e-01,1.605297004948e+02,1.443819492621e+02,5.339370570416e+02,5.710754683570e+02,2.763783507335e+06,1.337329473634e+06,2.740514943825e+01,7.091962661820e+02,2.635814621978e+02,1.452706992150e+02,5.511415636128e-01,1.660464387649e-02,1.842749457904e-02,1.111840512718e+00,2.317930359744e+01
4.667779632721e-01,3.230189369109e-04,1.014002569244e-02,4.929411035550e+06,3.315891013682e-01,1.665290702702e+02,1.482744280250e+02,5.290267803784e+02,5.705427416017e+02,2.760665087761e+06,1.334608582300e+06,2.592569599940e+01,7.097830570809e+02,2.569479580285e+02,1.493797801047e+02,5.813620051736e-01,1.779764308324e-02,1.994507782994e-02,1.123113894205e+00,2.318531376581e+01
4.687813021703e-01,3.290573980562e-04,1.023436480311e-02,4.667916119943e+06,3.603480253102e-01,1.714400029907e+02,1.518017026259e+02,5.246555114904e+02,5.699972852212e+02,2.758467862670e+06,1.331768200956e+06,2.459120529457e+01,7.104814498890e+02,2.521154516665e+02,1.531153817087e+02,6.073224814131e-01,1.912576436504e-02,2.154671621271e-02,1.129368116597e+00,2.320089267849e+01
4.707846410684e-01,3.369882832706e-04,1.035696394187e-02,4.452255960383e+06,3.888544230468e-01,1.750693262892e+02,1.548040394570e+02,5.211294911909e+02,5.694575739822e+02,2.757569099960e+06,1.328901241567e+06,2.346372913299e+01,7.112751562398e+02,2.493123371993e+02,1.563021461352e+02,6.269330587130e-01,2.055798277970e-02,2.318681263384e-02,1.130909289599e+00,2.321495727506e+01
4.727879799666e-01,3.463890292404e-04,1.050043106129e-02,4.282664358059e+06,4.160780226008e-01,1.774739796860e+02,1.572463229829e+02,5.184558852609e+02,5.689349051129e+02,2.757709992148e+06,1.326075161727e+06,2.255593582864e+01,7.121357965544e+02,2.483486392993e+02,1.588951898323e+02,6.398069676590e-01,2.207116417456e-02,2.483980286247e-02,1.128636754866e+00,2.322663520938e+01
4.747913188648e-01,3.568209092296e-04,1.065737411396e-02,4.154869386689e+06,4.413380217644e-01,1.787584844388e+02,1.591584650159e+02,5.165474346812e+02,5.684369571477e+02,2.758554045038e+06,1.323341928169e+06,2.185542184326e+01,7.130332141786e+02,2.488897592502e+02,1.609129986653e+02,6.465231801824e-01,2.364181600714e-02,2.647617058301e-02,1.123147828932e+00,2.323765643298e+01
4.767946577629e-01,3.678210574608e-04,1.082040105247e-02,4.059442513053e+06,4.642110281556e-01,1.790492993663e+02,1.606022882761e+02,5.152309569956e+02,5.679671647930e+02,2.759833640094e+06,1.320734820025e+06,2.131873592276e+01,7.139358456923e+02,2.504772884574e+02,1.624041053518e+02,6.483785669828e-01,2.521917770691e-02,2.803468055585e-02,1.114861446174e+00,2.324826280418e+01
4.787979966611e-01,3.788979267769e-04,1.098211982941e-02,3.991890250064e+06,4.845028444492e-01,1.788348426516e+02,1.616698723628e+02,5.144440110577e+02,5.675273760842e+02,2.761501799016e+06,1.318270903335e+06,2.092281206910e+01,7.148281116562e+02,2.528100256651e+02,1.634857939035e+02,6.466744879815e-01,2.677333595627e-02,2.953199273803e-02,1.106172968643e+00,2.325937272448e+01
4.808013355593e-01,3.895301795844e-04,1.113513839737e-02,3.942421396576e+06,5.022501808016e-01,1.786192151307e+02,1.625215362962e+02,5.139837630533e+02,5.671128482432e+02,2.763300381452e+06,1.315935177886e+06,2.062108386591e+01,7.156983162683e+02,2.554787842853e+02,1.643503902303e+02,6.433034769992e-01,2.825168024326e-02,3.096335016870e-02,1.099049511845e+00,2.327303023850e+01
4.828046744574e-01,3.991690120774e-04,1.127206470894e-02,3.898549148508e+06,5.179238953495e-01,1.788632702461e+02,1.633302716314e+02,5.135562171681e+02,5.667136890200e+02,2.764799062826e+06,1.313685698441e+06,2.035659194514e+01,7.165412591075e+02,2.581014049547e+02,1.652097512183e+02,6.400962879194e-01,2.961808042031e-02,3.234370885740e-02,1.095101774212e+00,2.327336531914e+01
4.848080133556e-01,4.079326745263e-04,1.139513067934e-02,3.848662743554e+06,5.323449100275e-01,1.796979830263e+02,1.642012800939e+02,5.128705109106e+02,5.663182647994e+02,2.765555317849e+06,1.311469044812e+06,2.007734574760e+01,7.173582313551e+02,2.604425914957e+02,1.661857860353e+02,6.380898956691e-01,3.087572226082e-02,3.369148269728e-02,1.094376261400e+00,2.325471253441e+01
4.868113522538e-01,4.167715587929e-04,1.151792114246e-02,3.794943459580e+06,5.460252162528e-01,1.809304907604e+02,1.651100684891e+02,5.120289245042e+02,5.659221755117e+02,2.765904150617e+06,1.309256907930e+06,1.978714271498e+01,7.181648710155e+02,2.626698098103e+02,1.672463053515e+02,6.367168936251e-01,3.207606799147e-02,3.504181522038e-02,1.095817429040e+00,2.324978953938e+01
4.888146911519e-01,4.257051777724e-04,1.164071160559e-02,3.742731973402e+06,5.590849627353e-01,1.822526030115e+02,1.660063786902e+02,5.111931225937e+02,5.655251292549e+02,2.766187853974e+06,1.307041227133e+06,1.950655860814e+01,7.189739778189e+02,2.649603534721e+02,1.683141078859e+02,6.352426152830e-01,3.325835859924e-02,3.639473117164e-02,1.097865060664e+00,2.324891153268e+01
4.908180300501e-01,4.347335314648e-04,1.176350206872e-02,3.693597554194e+06,5.715791002138e-01,1.835433114379e+02,1.668732338265e+02,5.104034107523e+02,5.651269464236e+02,2.766466634603e+06,1.304819254142e+06,1.924251947703e+01,7.197893837397e+02,2.673569332748e+02,1.693597541834e+02,6.334593687506e-01,3.443833943896e-02,3.774874823009e-02,1.099896653460e+00,2.324863303301e+01
4.928213689482e-01,4.438566198700e-04,1.188629253185e-02,3.647128680783e+06,5.835549409400e-01,1.848010923829e+02,1.677128985832e+02,5.096483380587e+02,5.647271991149e+02,2.766716047516e+06,1.302589159724e+06,1.899332561780e+01,7.206110290575e+02,2.698426572119e+02,1.703851100676e+02,6.314239261799e-01,3.561829359200e-02,3.910550687025e-02,1.101889562127e+00,2.324834706997e+01
4.948247078464e-01,4.530744429880e-04,1.200908299498e-02,3.602721035190e+06,5.950513750961e-01,1.860456021218e+02,1.685305576701e+02,5.089144474964e+02,5.643254576080e+02,2.766919512897e+06,1.300349323514e+06,1.875608809953e+01,7.214384327406e+02,2.723957431731e+02,1.713976466061e+02,6.292229262087e-01,3.679723976153e-02,4.046674792408e-02,1.103928003881e+00,2.324809633447e+01
4.968280467446e-01,4.623870008190e-04,1.213187345811e-02,3.560087520161e+06,6.060978809232e-01,1.872842571886e+02,1.693287218341e+02,5.081978277586e+02,5.639214314314e+02,2.767080204656e+06,1.298098539740e+06,1.852918307532e+01,7.222715135768e+02,2.750037717258e+02,1.724009524834e+02,6.269039562678e-01,3.797489987509e-02,4.183328386109e-02,1.106039513911e+00,2.324791287795e+01
4.988313856427e-01,4.717942933628e-04,1.225466392124e-02,3.519160829356e+06,6.167174580992e-01,1.885140323876e+02,1.701076115123e+02,5.075001165766e+02,5.635149626571e+02,2.767209357152e+06,1.295836108220e+06,1.831199182104e+01,7.231103727130e+02,2.776605376926e+02,1.733950447304e+02,6.244857341677e-01,3.915190795762e-02,4.320528775985e-02,1.108204569517e+00,2.324776961432e+01
5.008347245409e-01,4.812963206195e-04,1.237745438437e-02,3.479944574962e+06,6.269294017075e-01,1.897283432571e+02,1.708664434720e+02,5.068242504862e+02,5.631059879694e+02,2.767318279933e+06,1.293561789885e+06,1.810428063711e+01,7.239550479395e+02,2.803617760567e+02,1.743783665877e+02,6.219762516857e-01,4.032919645129e-02,4.458264660163e-02,1.110389725460e+00,2.324763726006e+01
5.028380634391e-01,4.908930825890e-04,1.250024484750e-02,3.442457101883e+06,6.367506100932e-01,1.909198650763e+02,1.716039927253e+02,5.061731637641e+02,5.626945218572e+02,2.767416899186e+06,1.291275770367e+06,1.790593131391e+01,7.248054319629e+02,2.831036607942e+02,1.753486705003e+02,6.193797353535e-01,4.150769176886e-02,4.596507316076e-02,1.112560739667e+00,2.324750551149e+01
5.048414023372e-01,5.005845792715e-04,1.262303531062e-02,3.406730045936e+06,6.461960994909e-01,1.920804537427e+02,1.723186372217e+02,5.055499539053e+02,5.622806579820e+02,2.767514644019e+06,1.288978665960e+06,1.771691406432e+01,7.256612692206e+02,2.858828740980e+02,1.763030214588e+02,6.166966874637e-01,4.268833360349e-02,4.735209400281e-02,1.114681829195e+00,2.324737180738e+01
5.068447412354e-01,5.103708106667e-04,1.274582577375e-02,3.372815939710e+06,6.552793997683e-01,1.932004998266e+02,1.730083199039e+02,5.049581782465e+02,5.618645723963e+02,2.767621161459e+06,1.286671530596e+06,1.753731237585e+01,7.265221675635e+02,2.886969304705e+02,1.772376178691e+02,6.139227652342e-01,4.387219791454e-02,4.874303340007e-02,1.116712190107e+00,2.324722257319e+01
5.088480801336e-01,5.202517767749e-04,1.286861623688e-02,3.340789197137e+06,6.640126623069e-01,1.942686679445e+02,1.736705970246e+02,5.044018874471e+02,5.614465239382e+02,2.767746356323e+06,1.284355854053e+06,1.736732651760e+01,7.273876018299e+02,2.915441485806e+02,1.781477284708e+02,6.110488903245e-01,4.506053736587e-02,5.013695809109e-02,1.118604250074e+00,2.324704113485e+01
5.108514190317e-01,5.302274775959e-04,1.299140670001e-02,3.310739308732e+06,6.724057899654e-01,1.952722016752e+02,1.743026491203e+02,5.038853721728e+02,5.610268793285e+02,2.767899785458e+06,1.282033717026e+06,1.720724810592e+01,7.282568367609e+02,2.944228692725e+02,1.790276843541e+02,6.080631059554e-01,4.625455978200e-02,5.153247238668e-02,1.120305415097e+00,2.324687278082e+01
5.128547579299e-01,5.402979131298e-04,1.311419716314e-02,3.282755394761e+06,6.804653716374e-01,1.961980127757e+02,1.749010330001e+02,5.034125853176e+02,5.606062075297e+02,2.768089348775e+06,1.279708322531e+06,1.705740174044e+01,7.291286971908e+02,2.973301418001e+02,1.798708491218e+02,6.049532954608e-01,4.745503223150e-02,5.292759935831e-02,1.121765889030e+00,2.324687635080e+01
5.148580968280e-01,5.504630833766e-04,1.323698762627e-02,3.256901087951e+06,6.881976515469e-01,1.970347294287e+02,1.754617829505e+02,5.029863001042e+02,5.601853063827e+02,2.768319663327e+06,1.277384138791e+06,1.691804110647e+01,7.300014845447e+02,3.002619255604e+02,1.806702380856e+02,6.017087839173e-01,4.866253585449e-02,5.432057055837e-02,1.122949545567e+00,2.324716079369e+01
5.168614357262e-01,5.607229883362e-04,1.335977808940e-02,3.233172085270e+06,6.956189914827e-01,1.977751481449e+02,1.759834144264e+02,5.026071290078e+02,5.597646237703e+02,2.768591332203e+06,1.275063713696e+06,1.678913674559e+01,7.308741585933e+02,3.032168187679e+02,1.814217190311e+02,5.983234035907e-01,4.987908920808e-02,5.571143532380e-02,1.123828337969e+00,2.324746107790e+01
5.188647746244e-01,5.710776280087e-04,1.348256855253e-02,3.211383563337e+06,7.027648485717e-01,1.984209509258e+02,1.764738686040e+02,5.022710574436e+02,5.593428939020e+02,2.768899521566e+06,1.272740223195e+06,1.666981097948e+01,7.317490625402e+02,3.061975729380e+02,1.821306468134e+02,5.948141426004e-01,5.110869923425e-02,5.710186089898e-02,1.124364488042e+00,2.324733199068e+01
5.208681135225e-01,5.815270023941e-04,1.360535901565e-02,3.190861835688e+06,7.096764601315e-01,1.990104899002e+02,1.769495736232e+02,5.019592683500e+02,5.589178225336e+02,2.769214863471e+06,1.270401625803e+06,1.655706577151e+01,7.326297560384e+02,3.091931750935e+02,1.828179589554e+02,5.912742378614e-01,5.235094248152e-02,5.849592616724e-02,1.124673463887e+00,2.324684428630e+01
5.228714524207e-01,5.920711114923e-04,1.372814947878e-02,3.170719108757e+06,7.163802770730e-01,1.996064783904e+02,1.774230981356e+02,5.016457360098e+02,5.584883001453e+02,2.769495190362e+06,1.268042676610e+06,1.644700329060e+01,7.335167761352e+02,3.121779148787e+02,1.835086113126e+02,5.878334198752e-01,5.359928312149e-02,5.989943270592e-02,1.125030959824e+00,2.324642612882e+01
5.248747913189e-01,6.027099553034e-04,1.385093994191e-02,3.150679010979e+06,7.228905898698e-01,2.002285318503e+02,1.778988501160e+02,5.013243403324e+02,5.580538081441e+02,2.769736610220e+06,1.265660860078e+06,1.633823519558e+01,7.344105971693e+02,3.151443494318e+02,1.842113602360e+02,5.845301068166e-01,5.485138625621e-02,6.131413509416e-02,1.125518977327e+00,2.324617145050e+01
5.268781302170e-01,6.134435338274e-04,1.397373040504e-02,3.130779679745e+06,7.292159377617e-01,2.008730516319e+02,1.783771187942e+02,5.009978207641e+02,5.576141105056e+02,2.769948289325e+06,1.263254963646e+06,1.623078705979e+01,7.353116910124e+02,3.180938723339e+02,1.849259410848e+02,5.813565024939e-01,5.610783888819e-02,6.273990019599e-02,1.126114453411e+00,2.324599708217e+01
5.288814691152e-01,6.242718470642e-04,1.409652086817e-02,3.111075624122e+06,7.353632891859e-01,2.015347676454e+02,1.788576029247e+02,5.006684512123e+02,5.571690670683e+02,2.770135845388e+06,1.260824308996e+06,1.612483498986e+01,7.362203381604e+02,3.210273631683e+02,1.856510477789e+02,5.783028771959e-01,5.736946843582e-02,6.417647443338e-02,1.126788933486e+00,2.324583216827e+01
5.308848080134e-01,6.351948950139e-04,1.421931133130e-02,3.091570282823e+06,7.413393320267e-01,2.022122792380e+02,1.793403855518e+02,5.003365992328e+02,5.567185604846e+02,2.770300699944e+06,1.258368379888e+06,1.602036319677e+01,7.371366767328e+02,3.239436652361e+02,1.863866253295e+02,5.753674028279e-01,5.863653821612e-02,6.562391338425e-02,1.127533425424e+00,2.324565554970e+01
5.328881469115e-01,6.462126776765e-04,1.434210179443e-02,3.072243453225e+06,7.471505286223e-01,2.029061760082e+02,1.798257716018e+02,5.000019151120e+02,5.562624756723e+02,2.770443091447e+06,1.255886694834e+06,1.591725366377e+01,7.380607922126e+02,3.268408668118e+02,1.871333281444e+02,5.725518047049e-01,5.990898508494e-02,6.708241276634e-02,1.128348702196e+00,2.324546889907e+01
5.348914858097e-01,6.573251950520e-04,1.446489225756e-02,3.053075117630e+06,7.528030184918e-01,2.036171577877e+02,1.803140697223e+02,4.996641003471e+02,5.558006991601e+02,2.770563473157e+06,1.253378783304e+06,1.581538607767e+01,7.389927651897e+02,3.297171671884e+02,1.878918547623e+02,5.698576642656e-01,6.118670035074e-02,6.855215292469e-02,1.129236105099e+00,2.324527568980e+01
5.368948247078e-01,6.685324471403e-04,1.458768272069e-02,3.034050194076e+06,7.583026143501e-01,2.043456030388e+02,1.808055423829e+02,4.993230056690e+02,5.553331199241e+02,2.770662541616e+06,1.250844186131e+06,1.571466220292e+01,7.399326788981e+02,3.325710100337e+02,1.886627801193e+02,5.672857056909e-01,6.246961024918e-02,7.003327108048e-02,1.130195459418e+00,2.324507648407e+01
5.388981636060e-01,6.798344339415e-04,1.471047318381e-02,3.015156061887e+06,7.636548399744e-01,2.050917438180e+02,1.813004288325e+02,4.989785290523e+02,5.548596291265e+02,2.770740994390e+06,1.248282455797e+06,1.561499730572e+01,7.408806151578e+02,3.354009795656e+02,1.894466173470e+02,5.648362076710e-01,6.375765799870e-02,7.152588258611e-02,1.131225916776e+00,2.324487058368e+01
5.409015025042e-01,6.912311554555e-04,1.483326364694e-02,2.996380705840e+06,7.688649604516e-01,2.058558163056e+02,1.817989641763e+02,4.986305589510e+02,5.543801195363e+02,2.770799434605e+06,1.245693155595e+06,1.551631189422e+01,7.418366513376e+02,3.382057330320e+02,1.902438758921e+02,5.625093169965e-01,6.505078144881e-02,7.303009528568e-02,1.132326673248e+00,2.324465739776e+01
5.429048414023e-01,7.027226116824e-04,1.495605411007e-02,2.977712396470e+06,7.739379970051e-01,2.066380882628e+02,1.823013831978e+02,4.982789696259e+02,5.538944826266e+02,2.770838381414e+06,1.243075859515e+06,1.541852972896e+01,7.428008518522e+02,3.409839902266e+02,1.910550733717e+02,5.603051135766e-01,6.634890761319e-02,7.454601120630e-02,1.133497094965e+00,2.324443663315e+01
5.449081803005e-01,7.143088026222e-04,1.507884457320e-02,2.959139869985e+06,7.788787422081e-01,2.074388395327e+02,1.828079186589e+02,4.979236306506e+02,5.534026121763e+02,2.770858297073e+06,1.240430152914e+06,1.532157825135e+01,7.437732774800e+02,3.437345407658e+02,1.918807284963e+02,5.582235875069e-01,6.765195510850e-02,7.607372392303e-02,1.134736618931e+00,2.324420808393e+01
5.469115191987e-01,7.259897282749e-04,1.520163503633e-02,2.940652446451e+06,7.836917711990e-01,2.082583480798e+02,1.833187996786e+02,4.975644121128e+02,5.529044055466e+02,2.770859599985e+06,1.237755633709e+06,1.522538893733e+01,7.447539883737e+02,3.464562461322e+02,1.927213551079e+02,5.562646286780e-01,6.895983597421e-02,7.761331657431e-02,1.136044685242e+00,2.324397156617e+01
5.489148580968e-01,7.377653886404e-04,1.532442549946e-02,2.922240034474e+06,7.883814516729e-01,2.090968861232e+02,1.838342512205e+02,4.972011856515e+02,5.523997624338e+02,2.770842669066e+06,1.235051913764e+06,1.512989721069e+01,7.457430394386e+02,3.491480374552e+02,1.935774600535e+02,5.544280342071e-01,7.027245622383e-02,7.916486118505e-02,1.137420718582e+00,2.324372685807e+01
5.509181969950e-01,7.496357837188e-04,1.544721596259e-02,2.903893098704e+06,7.929519543269e-01,2.099547197474e+02,1.843544939924e+02,4.968338244647e+02,5.518885851274e+02,2.770807846687e+06,1.232318620273e+06,1.503504219006e+01,7.467404797819e+02,3.518089123246e+02,1.944495424849e+02,5.527135205305e-01,7.158971567062e-02,8.072841814789e-02,1.138864126393e+00,2.324347371943e+01
5.529215358932e-01,7.616009135101e-04,1.557000642572e-02,2.885602636336e+06,7.974072626557e-01,2.108321080246e+02,1.848797442546e+02,4.964622036215e+02,5.513707787888e+02,2.770755442127e+06,1.229555397146e+06,1.494076647814e+01,7.477463522093e+02,3.544379320884e+02,1.953380929051e+02,5.511207329139e-01,7.291150779177e-02,8.230403560147e-02,1.140374295056e+00,2.324321190633e+01
5.549248747913e-01,7.736607780142e-04,1.569279688885e-02,2.867360163674e+06,8.017511821111e-01,2.117293015384e+02,1.854102134446e+02,4.960862006483e+02,5.508462517447e+02,2.770685735275e+06,1.226761906394e+06,1.484701600265e+01,7.487606927298e+02,3.570342195845e+02,1.962435918411e+02,5.496492523029e-01,7.423771968503e-02,8.389174875230e-02,1.141950584085e+00,2.324294117430e+01
5.569282136895e-01,7.858153772312e-04,1.581558735197e-02,2.849157711172e+06,8.059873468267e-01,2.126465409856e+02,1.859461077967e+02,4.957056962199e+02,5.503149130117e+02,2.770598979997e+06,1.223937829694e+06,1.475373991004e+01,7.497835220434e+02,3.595969565903e+02,1.971665084471e+02,5.482986016251e-01,7.556823207752e-02,8.549157925995e-02,1.143592320943e+00,2.324266126781e+01
5.589315525876e-01,7.980647111611e-04,1.593837781510e-02,2.830987806441e+06,8.101192306871e-01,2.135840550234e+02,1.864876282755e+02,4.953205746262e+02,5.497766753492e+02,2.770495407500e+06,1.221082869798e+06,1.466089039989e+01,7.508148527377e+02,3.621253829234e+02,1.981072990886e+02,5.470682488186e-01,7.690291962788e-02,8.710353451469e-02,1.145298790051e+00,2.324237187803e+01
5.609348914858e-01,8.104087798038e-04,1.606116827823e-02,2.812843461630e+06,8.141501559358e-01,2.145420592753e+02,1.870349703386e+02,4.949307241829e+02,5.492314575114e+02,2.770375229040e+06,1.218196751954e+06,1.456842259502e+01,7.518546943722e+02,3.646187945216e+02,1.990664061661e+02,5.459576115029e-01,7.824165073897e-02,8.872760682745e-02,1.147069229283e+00,2.324207272013e+01
5.629382303840e-01,8.228475831594e-04,1.618395874136e-02,2.794718163767e+06,8.180832996631e-01,2.155207544585e+02,1.875883236760e+02,4.945360372205e+02,5.486791828276e+02,2.770238638348e+06,1.215279225427e+06,1.447629451041e+01,7.529030480020e+02,3.670765419942e+02,2.000442565083e+02,5.449660591809e-01,7.958428802604e-02,9.036377301977e-02,1.148902822069e+00,2.324176349626e+01
5.649415692821e-01,8.353811212279e-04,1.630674920449e-02,2.776605862793e+06,8.219217005170e-01,2.165203237587e+02,1.881478716968e+02,4.941364110563e+02,5.481197794714e+02,2.770085813930e+06,1.212330065064e+06,1.438446710058e+01,7.539599055892e+02,3.694980292748e+02,2.010412592556e+02,5.440929134322e-01,8.093068898066e-02,9.201199402720e-02,1.150798687256e+00,2.324144391523e+01
5.669449081803e-01,8.480093940092e-04,1.642953966762e-02,2.758500987933e+06,8.256682652019e-01,2.175409310772e+02,1.887137909192e+02,4.937317495328e+02,5.475531807402e+02,2.769916922650e+06,1.209349072907e+06,1.429290408893e+01,7.550252494826e+02,3.718827117929e+02,2.020578039374e+02,5.433374489588e-01,8.228070558276e-02,9.367221367103e-02,1.152755874479e+00,2.324111366735e+01
5.689482470785e-01,8.607324015034e-04,1.655233013075e-02,2.740398427437e+06,8.293257744654e-01,2.185827220216e+02,1.892862506429e+02,4.933219623326e+02,5.469793247639e+02,2.769732120390e+06,1.206336079691e+06,1.420157179920e+01,7.560990503882e+02,3.742300939715e+02,2.030942599507e+02,5.426988989456e-01,8.363418387916e-02,9.534435833488e-02,1.154773372493e+00,2.324077243816e+01
5.709515859766e-01,8.735501437105e-04,1.667512059388e-02,2.722293516519e+06,8.328968880290e-01,2.196458237302e+02,1.898654127878e+02,4.929069651114e+02,5.463981516023e+02,2.769531553347e+06,1.203290946243e+06,1.411043906194e+01,7.571812585116e+02,3.765397273203e+02,2.041509756690e+02,5.421764580376e-01,8.499096415102e-02,9.702833681690e-02,1.156850110323e+00,2.324041984700e+01
5.729549248748e-01,8.864626206304e-04,1.679791105701e-02,2.704182018000e+06,8.363841538494e-01,2.207303442788e+02,1.904514318094e+02,4.924866795918e+02,5.458096102739e+02,2.769315359773e+06,1.200213564604e+06,1.401947707766e+01,7.582718205995e+02,3.788112097502e+02,2.052282775834e+02,5.417692832234e-01,8.635088072162e-02,9.872403959233e-02,1.158984955806e+00,2.324005553776e+01
5.749582637730e-01,8.994698322632e-04,1.692070152013e-02,2.686060114902e+06,8.397900125527e-01,2.218363724089e+02,1.910444543713e+02,4.920610338002e+02,5.452136569035e+02,2.769083671285e+06,1.197103859237e+06,1.392865934989e+01,7.593706741135e+02,3.810441838616e+02,2.063264693340e+02,5.414764955680e-01,8.771376203813e-02,1.004313386387e-01,1.161176717424e+00,2.323967914608e+01
5.769616026711e-01,9.125717786089e-04,1.704349198326e-02,2.667924401450e+06,8.431168023965e-01,2.229639771878e+02,1.916446190666e+02,4.916299622678e+02,5.446102543244e+02,2.768836614141e+06,1.193961788180e+06,1.383796161158e+01,7.604777452964e+02,3.832383354581e+02,2.074458307935e+02,5.412971814148e-01,8.907943070824e-02,1.021500871849e-01,1.163424145555e+00,2.323929029041e+01
5.789649415693e-01,9.257684596675e-04,1.716628244639e-02,2.649771873168e+06,8.463667641964e-01,2.241132077687e+02,1.922520561212e+02,4.911934061874e+02,5.439993723164e+02,2.768574310397e+06,1.190787344120e+06,1.374736174971e+01,7.615929489958e+02,3.853933920648e+02,2.085866172253e+02,5.412303934631e-01,9.044770344141e-02,1.038801194274e-01,1.165725934434e+00,2.323888858430e+01
5.809682804674e-01,9.390598754389e-04,1.728907290952e-02,2.631599917505e+06,8.495420458630e-01,2.252840932839e+02,1.928668870200e+02,4.907513135595e+02,5.433809874903e+02,2.768296878959e+06,1.187580555470e+06,1.365683973520e+01,7.627161876031e+02,3.875091214407e+02,2.097490585052e+02,5.412751517317e-01,9.181839099544e-02,1.056212503728e-01,1.168080725338e+00,2.323847363865e+01
5.829716193656e-01,9.524460259232e-04,1.741186337265e-02,2.613406308202e+06,8.526447054523e-01,2.264766425286e+02,1.934892242678e+02,4.903036393896e+02,5.427550798932e+02,2.768004436509e+06,1.184341487418e+06,1.356637757480e+01,7.638473409431e+02,3.895853299128e+02,2.109333582955e+02,5.414304443719e-01,9.319129838261e-02,1.073732758538e-01,1.170487107928e+00,2.323804501063e+01
5.849749582638e-01,9.659269111203e-04,1.753465383578e-02,2.595189191278e+06,8.556767188123e-01,2.276908434296e+02,1.941191714558e+02,4.898503457789e+02,5.421216395128e+02,2.767697098707e+06,1.181070242495e+06,1.347595921648e+01,7.649862828122e+02,3.916218623801e+02,2.121396935225e+02,5.416952266995e-01,9.456622502735e-02,1.091359722735e-01,1.172943618717e+00,2.323760224744e+01
5.869782971619e-01,9.795025310304e-04,1.765744429891e-02,2.576947071425e+06,8.586399831038e-01,2.289266627628e+02,1.947568231817e+02,4.893914013740e+02,5.414806654312e+02,2.767374980551e+06,1.177766961150e+06,1.338557055849e+01,7.661328779841e+02,3.936186012123e+02,2.133682137718e+02,5.420684213466e-01,9.594296525745e-02,1.109090969213e-01,1.175448741784e+00,2.323714490631e+01
5.889816360601e-01,9.931728856533e-04,1.778023476204e-02,2.558678797263e+06,8.615363202479e-01,2.301840442637e+02,1.954022646747e+02,4.889267820214e+02,5.408321651472e+02,2.767038196973e+06,1.174431822397e+06,1.329519956440e+01,7.672869798519e+02,3.955754654410e+02,2.146190397460e+02,5.425489154306e-01,9.732130951861e-02,1.126923885953e-01,1.178000903147e+00,2.323667255555e+01
5.909849749583e-01,1.006937974989e-03,1.790302522516e-02,2.540383580428e+06,8.643674805124e-01,2.314629077290e+02,1.960555712964e+02,4.884564722169e+02,5.401761544809e+02,2.766686865424e+06,1.171065044502e+06,1.320483610636e+01,7.684484304242e+02,3.974924094945e+02,2.158922620768e+02,5.431355591201e-01,9.870104382785e-02,1.144855667221e-01,1.180598471129e+00,2.323618474514e+01
5.929883138564e-01,1.020797799038e-03,1.802581568829e-02,2.522060970474e+06,8.671351455457e-01,2.327631518568e+02,1.967168083872e+02,4.879804638872e+02,5.395126565465e+02,2.766321104903e+06,1.167666885570e+06,1.311447179571e+01,7.696170572993e+02,3.993694208574e+02,2.171879423979e+02,5.438271711731e-01,1.000819491112e-01,1.162883318400e-01,1.183239773790e+00,2.323568102918e+01
5.949916527546e-01,1.034752357799e-03,1.814860615142e-02,2.503710838830e+06,8.698409310868e-01,2.340846553127e+02,1.973860313125e+02,4.874987576551e+02,5.388416988147e+02,2.765941036095e+06,1.164237644024e+06,1.302409988753e+01,7.707926647156e+02,4.012065182977e+02,2.185061137125e+02,5.446225416267e-01,1.014638015015e-01,1.181003663708e-01,1.185923105887e+00,2.323516087826e+01
5.969949916528e-01,1.048801651274e-03,1.827139661455e-02,2.485333361362e+06,8.724863931937e-01,2.354272770462e+02,1.980632855495e+02,4.870113618676e+02,5.381633213980e+02,2.765546782070e+06,1.160777658563e+06,1.293371518608e+01,7.719750543866e+02,4.030037527309e+02,2.198467806234e+02,5.455204303525e-01,1.028463720701e-01,1.199213344373e-01,1.188646731741e+00,2.323462381271e+01
5.989983305509e-01,1.062945679461e-03,1.839418707768e-02,2.466929007484e+06,8.750730304098e-01,2.367908566910e+02,1.987486066044e+02,4.865182899795e+02,5.374775739200e+02,2.765138468468e+06,1.157287308094e+06,1.284331400196e+01,7.731640182907e+02,4.047612065004e+02,2.212099194039e+02,5.465195672197e-01,1.042294272378e-01,1.217508826146e-01,1.191408889534e+00,2.323406934886e+01
6.010016694491e-01,1.077184442361e-03,1.851697754081e-02,2.448498528271e+06,8.776022865967e-01,2.381752153579e+02,1.994420199935e+02,4.860195623250e+02,5.367845148728e+02,2.764716223709e+06,1.153767011475e+06,1.275289407499e+01,7.743593376748e+02,4.064789912906e+02,2.225954784059e+02,5.476186547775e-01,1.056127288344e-01,1.235886404611e-01,1.194207797162e+00,2.323349699744e+01
6.030050083472e-01,1.091517939974e-03,1.863976800394e-02,2.430042940969e+06,8.800755537361e-01,2.395801566319e+02,2.001435411698e+02,4.855152059033e+02,5.360842115857e+02,2.764280179047e+06,1.150217227336e+06,1.266245449280e+01,7.755607834091e+02,4.081572468854e+02,2.240033786377e+02,5.488163700314e-01,1.069960340508e-01,1.254342210907e-01,1.197041659359e+00,2.323290627452e+01
6.050083472454e-01,1.105946172300e-03,1.876255846707e-02,2.411563519565e+06,8.824941732533e-01,2.410054671343e+02,2.008531754518e+02,4.850052543312e+02,5.353767366919e+02,2.763830468824e+06,1.146638453962e+06,1.257199563868e+01,7.767681066875e+02,4.097961396100e+02,2.254335140602e+02,5.501113657995e-01,1.083790955550e-01,1.272872217727e-01,1.199908672553e+00,2.323229668644e+01
6.070116861436e-01,1.120469139338e-03,1.888534893020e-02,2.393061785281e+06,8.848594404484e-01,2.424509161976e+02,2.015709183207e+02,4.844897479365e+02,5.346621724735e+02,2.763367231331e+06,1.143031228832e+06,1.248151913098e+01,7.779810482042e+02,4.113958626181e+02,2.268857518120e+02,5.515022692939e-01,1.097616621926e-01,1.291472246239e-01,1.202807023044e+00,2.323166768963e+01
6.090150250417e-01,1.135086841090e-03,1.900813939332e-02,2.374539487897e+06,8.871726073392e-01,2.439162554083e+02,2.022967556189e+02,4.839687328587e+02,5.339406121662e+02,2.762890608690e+06,1.139396128095e+06,1.239102785803e+01,7.791993444534e+02,4.129566354094e+02,2.283599322148e+02,5.529876811119e-01,1.111434796180e-01,1.310137972237e-01,1.205734885179e+00,2.323101879989e+01
6.110183639399e-01,1.149799277554e-03,1.913092985645e-02,2.355998595169e+06,8.894348843296e-01,2.454012158576e+02,2.030306633184e+02,4.834422621166e+02,5.332121575467e+02,2.762400747272e+06,1.135733766127e+06,1.230052614632e+01,7.804227234947e+02,4.144787034000e+02,2.298558671889e+02,5.545661702359e-01,1.125242924127e-01,1.328864941258e-01,1.208690410831e+00,2.323034956701e+01
6.130217028381e-01,1.164606448732e-03,1.925372031958e-02,2.337441314327e+06,8.916474422629e-01,2.469055076175e+02,2.037726072507e+02,4.829103968304e+02,5.324769194474e+02,2.761897800021e+06,1.132044794959e+06,1.221001956871e+01,7.816509054974e+02,4.159623369477e+02,2.313733398267e+02,5.562362725542e-01,1.139038432812e-01,1.347648560650e-01,1.211671730311e+00,2.322965953112e+01
6.150250417362e-01,1.179508354622e-03,1.937651078271e-02,2.318870058654e+06,8.938114135602e-01,2.484288245973e+02,2.045225433296e+02,4.823732044542e+02,5.317350161510e+02,2.761381924171e+06,1.128329903518e+06,1.211951474923e+01,7.828835959869e+02,4.174078286562e+02,2.329121075580e+02,5.579965002280e-01,1.152818721838e-01,1.366484113761e-01,1.214676976694e+00,2.322894825306e+01
6.170283806344e-01,1.194504995225e-03,1.949930124584e-02,2.300287422583e+06,8.959278947651e-01,2.499708465493e+02,2.052804179903e+02,4.818307581882e+02,5.309865727492e+02,2.760853280708e+06,1.124589816755e+06,1.202901924127e+01,7.841204847583e+02,4.188154925265e+02,2.344719039570e+02,5.598453451246e-01,1.166581167974e-01,1.385366775444e-01,1.217704294431e+00,2.322821522564e+01
6.190317195326e-01,1.209596370541e-03,1.962209170897e-02,2.281696165593e+06,8.979979499924e-01,2.515312399980e+02,2.060461684423e+02,4.812831367672e+02,5.302317252152e+02,2.760312034623e+06,1.120825294503e+06,1.193854144131e+01,7.853612637896e+02,4.201856633312e+02,2.360524398927e+02,5.617812802591e-01,1.180323119750e-01,1.404291612236e-01,1.220751843626e+00,2.322746003615e+01
6.210350584307e-01,1.224782480570e-03,1.974488217210e-02,2.263099202495e+06,9.000226118073e-01,2.531096588583e+02,2.068197228305e+02,4.807304243528e+02,5.294706179052e+02,2.759758355024e+06,1.117037130421e+06,1.184809053774e+01,7.866056184814e+02,4.215186955428e+02,2.376534043406e+02,5.638027609536e-01,1.194041903617e-01,1.423253595132e-01,1.223817803226e+00,2.322668228614e+01
6.230383973289e-01,1.240063325311e-03,1.986767263523e-02,2.244499590260e+06,9.020028827997e-01,2.547057452694e+02,2.076010003969e+02,4.801727103018e+02,5.287034035798e+02,2.759192415062e+06,1.113226150847e+06,1.175767644375e+01,7.878532283038e+02,4.228149622376e+02,2.392744653958e+02,5.659082264487e-01,1.207734824656e-01,1.442247607233e-01,1.226900375154e+00,2.322588160937e+01
6.250417362270e-01,1.255438904766e-03,1.999046309836e-02,2.225900516313e+06,9.039397365942e-01,2.563191303807e+02,2.083899116258e+02,4.796100889487e+02,5.279302417709e+02,2.758614391796e+06,1.109393213569e+06,1.166730973832e+01,7.891037631350e+02,4.240748538121e+02,2.409152712352e+02,5.680961015951e-01,1.221399167876e-01,1.461268452102e-01,1.229997788189e+00,2.322505767593e+01
6.270450751252e-01,1.270909218933e-03,2.011325356148e-02,2.207305292107e+06,9.058341194118e-01,2.579494345054e+02,2.091863587359e+02,4.790426596173e+02,5.271512970337e+02,2.758024466558e+06,1.105539206348e+06,1.157700162885e+01,7.903568792737e+02,4.252987776011e+02,2.425754509084e+02,5.703647969003e-01,1.235032209282e-01,1.480310868438e-01,1.233108296660e+00,2.322421009814e+01
6.290484140234e-01,1.286474267813e-03,2.023604402461e-02,2.188717331468e+06,9.076869528125e-01,2.595962663071e+02,2.099902362091e+02,4.784705254842e+02,5.263667442553e+02,2.757422824544e+06,1.101665045303e+06,1.148676400577e+01,7.916122358753e+02,4.264871579225e+02,2.442546145888e+02,5.727127067052e-01,1.248631224629e-01,1.499369537080e-01,1.236230174286e+00,2.322333859618e+01
6.310517529215e-01,1.302134051407e-03,2.035883448774e-02,2.170140143286e+06,9.094991343816e-01,2.612592188821e+02,2.108014307161e+02,4.778937950134e+02,5.255767663154e+02,2.756809655386e+06,1.097771673594e+06,1.139660966135e+01,7.928694902175e+02,4.276404358016e+02,2.459523513726e+02,5.751382020542e-01,1.262193520011e-01,1.518439101780e-01,1.239361696904e+00,2.322244297241e+01
6.330550918197e-01,1.317888569713e-03,2.048162495087e-02,2.151577359637e+06,9.112715386859e-01,2.629378690080e+02,2.116198209534e+02,4.773125833193e+02,5.247815534500e+02,2.756185156001e+06,1.093860060300e+06,1.130655207074e+01,7.941282977578e+02,4.287590681611e+02,2.476682288803e+02,5.776396285739e-01,1.275716419283e-01,1.537514155542e-01,1.242501141072e+00,2.322152304833e+01
6.350584307179e-01,1.333737822731e-03,2.060441541400e-02,2.133032697855e+06,9.130050174304e-01,2.646317834127e+02,2.124452780195e+02,4.767270099864e+02,5.239813001893e+02,2.755549527526e+06,1.089931199257e+06,1.121660517065e+01,7.953883039895e+02,4.298435247612e+02,2.494017978758e+02,5.802153190846e-01,1.289197250494e-01,1.556589257243e-01,1.245646812580e+00,2.322057870340e+01
6.370617696160e-01,1.349681810463e-03,2.072720587713e-02,2.114509936094e+06,9.147004010679e-01,2.663405212647e+02,2.132776660323e+02,4.761371983494e+02,5.231762052218e+02,2.754902974389e+06,1.085986107414e+06,1.112678324184e+01,7.966491438360e+02,4.308942872369e+02,2.511525947566e+02,5.828635983251e-01,1.302633350867e-01,1.575658950162e-01,1.248797055123e+00,2.321960978172e+01
6.390651085142e-01,1.365720532908e-03,2.084999634026e-02,2.096012899288e+06,9.163585012622e-01,2.680636353662e+02,2.141168426212e+02,4.755432752108e+02,5.223664771434e+02,2.754245704268e+06,1.082025822545e+06,1.103710083516e+01,7.979104620669e+02,4.319118484640e+02,2.529201431846e+02,5.855827852003e-01,1.316022060420e-01,1.594717761594e-01,1.251950253350e+00,2.321861627005e+01
6.410684474124e-01,1.381853990065e-03,2.097278680339e-02,2.077545447060e+06,9.179801109949e-01,2.698006735307e+02,2.149626592954e+02,4.749453705195e+02,5.215523304162e+02,2.753577927705e+06,1.078051401325e+06,1.094757271130e+01,7.991719032259e+02,4.328967112659e+02,2.547039556385e+02,5.883711957378e-01,1.329360727802e-01,1.613760218417e-01,1.255104837347e+00,2.321759821394e+01
6.430717863105e-01,1.398082181936e-03,2.109557726652e-02,2.059111459319e+06,9.195660052943e-01,2.715511795091e+02,2.158149617285e+02,4.743436169847e+02,5.207339848936e+02,2.752899857710e+06,1.074063917561e+06,1.085821376801e+01,8.004331115118e+02,4.338493871844e+02,2.565035346694e+02,5.912271452867e-01,1.342646709633e-01,1.632780853271e-01,1.258259285335e+00,2.321655571766e+01
6.450751252087e-01,1.414405108519e-03,2.121836772964e-02,2.040714835249e+06,9.211169411203e-01,2.733146937204e+02,2.166735901087e+02,4.737381547924e+02,5.199116625750e+02,2.752211710280e+06,1.070064460682e+06,1.076903899046e+01,8.016937216652e+02,4.347703987725e+02,2.583183739393e+02,5.941489454402e-01,1.355877372120e-01,1.651774211952e-01,1.261412124954e+00,2.321548892874e+01
6.470784641068e-01,1.430822769815e-03,2.134115819277e-02,2.022359488401e+06,9.226336592800e-01,2.750907515379e+02,2.175383798782e+02,4.731291280672e+02,5.190855896394e+02,2.751513705059e+06,1.066054133994e+06,1.068006354849e+01,8.029533684219e+02,4.356602835360e+02,2.601479579558e+02,5.971348956676e-01,1.369050114175e-01,1.670734871138e-01,1.264561920944e+00,2.321439803674e+01
6.490818030050e-01,1.447335165824e-03,2.146394865590e-02,2.004049323137e+06,9.241168853880e-01,2.768788765559e+02,2.184091618305e+02,4.725166747265e+02,5.182559990708e+02,2.750806064492e+06,1.062034052674e+06,1.059130315792e+01,8.042116963489e+02,4.365195858797e+02,2.619917578052e+02,6.001832822167e-01,1.382162408065e-01,1.689657455233e-01,1.267707243760e+00,2.321328344481e+01
6.510851419032e-01,1.463942296546e-03,2.158673911903e-02,1.985788290381e+06,9.255673298229e-01,2.786785769241e+02,2.192857618631e+02,4.719009382866e+02,5.174231279882e+02,2.750089019036e+06,1.058005341981e+06,1.050277393052e+01,8.054683519277e+02,4.373488598889e+02,2.638492284652e+02,6.032923660352e-01,1.395211795939e-01,1.708536618627e-01,1.270846654869e+00,2.321214558204e+01
6.530884808013e-01,1.480644161980e-03,2.170952958216e-02,1.967580345225e+06,9.269856882416e-01,2.804893543485e+02,2.201680015078e+02,4.712820648840e+02,5.165872171325e+02,2.749362803034e+06,1.053969135618e+06,1.041449204361e+01,8.067229833205e+02,4.381486663194e+02,2.657198156975e+02,6.064604005978e-01,1.408195862146e-01,1.727367058557e-01,1.273978745447e+00,2.321098493906e+01
6.550918196995e-01,1.497440762128e-03,2.183232004529e-02,1.949429412639e+06,9.283726413178e-01,2.823107098530e+02,2.210556984870e+02,4.706602018817e+02,5.157485063523e+02,2.748627652286e+06,1.049926574220e+06,1.032647358274e+01,8.079752304526e+02,4.389195701078e+02,2.676029607291e+02,6.096856439172e-01,1.421112223528e-01,1.746143532796e-01,1.277102159253e+00,2.320980208217e+01
6.570951585977e-01,1.514332096988e-03,2.195511050842e-02,1.931339377063e+06,9.297288567942e-01,2.841421444758e+02,2.219486672564e+02,4.700354977055e+02,5.149072400068e+02,2.747883804387e+06,1.045878803398e+06,1.023873447908e+01,8.092247431854e+02,4.396621404587e+02,2.694981016009e+02,6.129663593952e-01,1.433958529400e-01,1.764860863053e-01,1.280215592138e+00,2.320859768705e+01
6.590984974958e-01,1.531318166562e-03,2.207790097155e-02,1.913314077388e+06,9.310549896391e-01,2.859831597470e+02,2.228467193601e+02,4.694081017477e+02,5.140636665350e+02,2.747131498791e+06,1.041826971609e+06,1.015129047800e+01,8.104711795040e+02,4.403769500143e+02,2.714046740303e+02,6.163008168831e-01,1.446732462777e-01,1.783513939735e-01,1.283317791566e+00,2.320737254733e+01
6.611018363940e-01,1.548398970848e-03,2.220069143468e-02,1.895357299382e+06,9.323516822312e-01,2.878332583366e+02,2.237496638571e+02,4.687781641119e+02,5.132180363550e+02,2.746370976474e+06,1.037772227821e+06,1.006415709835e+01,8.117142016718e+02,4.410645739707e+02,2.733221124195e+02,6.196872942185e-01,1.459431743834e-01,1.802097729582e-01,1.286407556440e+00,2.320612753107e+01
6.631051752922e-01,1.565574509847e-03,2.232348189780e-02,1.877472773963e+06,9.336195646185e-01,2.896919448593e+02,2.246573078261e+02,4.681458356210e+02,5.123706002453e+02,2.745602480201e+06,1.033715719518e+06,9.977349617172e+00,8.129534750138e+02,4.417255894924e+02,2.752498510014e+02,6.231240787242e-01,1.472054133812e-01,1.820607283926e-01,1.289483737086e+00,2.320486359572e+01
6.651085141903e-01,1.582844783559e-03,2.244627236093e-02,1.859664162425e+06,9.348592545132e-01,2.915587230582e+02,2.255694569278e+02,4.675112666041e+02,5.115216064826e+02,2.744826253870e+06,1.029658591185e+06,9.890883224509e+00,8.141886614665e+02,4.423605759218e+02,2.771873222490e+02,6.266094614589e-01,1.484597463466e-01,1.839037756882e-01,1.292545218795e+00,2.320358177758e+01
6.671118530885e-01,1.600209791983e-03,2.256906282406e-02,1.841935068415e+06,9.360713585839e-01,2.934330876066e+02,2.264859152987e+02,4.668746096849e+02,5.106713072820e+02,2.744042544733e+06,1.025601982706e+06,9.804773342083e+00,8.154194376922e+02,4.429701157207e+02,2.791339510847e+02,6.301417210290e-01,1.497059673714e-01,1.857384414548e-01,1.295590885727e+00,2.320228332290e+01
6.691151919866e-01,1.617669535121e-03,2.269185328719e-02,1.824289078896e+06,9.372564722229e-01,2.953145230256e+02,2.274064854247e+02,4.662360212097e+02,5.098199557180e+02,2.743251606986e+06,1.021547028050e+06,9.719035378694e+00,8.166454879498e+02,4.435547942777e+02,2.810891538841e+02,6.337191199609e-01,1.509438794897e-01,1.875642607870e-01,1.298619617088e+00,2.320096950986e+01
6.711185308848e-01,1.635224012972e-03,2.281464375032e-02,1.806729714703e+06,9.384151798184e-01,2.972025140827e+02,2.283309687698e+02,4.655956580872e+02,5.089678047407e+02,2.742453696405e+06,1.017494853449e+06,9.633684456450e+00,8.178665038904e+02,4.441151965864e+02,2.830523467792e+02,6.373399265660e-01,1.521732918867e-01,1.893807790983e-01,1.301630329359e+00,2.319964169934e+01
6.731218697830e-01,1.652873225535e-03,2.293743421345e-02,1.789260402522e+06,9.395480546815e-01,2.990965514986e+02,2.292591663246e+02,4.649536765370e+02,5.081151046417e+02,2.741649068018e+06,1.013446575426e+06,9.548735279468e+00,8.190821802233e+02,4.446519051456e+02,2.850229504567e+02,6.410024271985e-01,1.533940186183e-01,1.911875533822e-01,1.304621997426e+00,2.319830137062e+01
6.751252086811e-01,1.670617172811e-03,2.306022467658e-02,1.771884466484e+06,9.406556594944e-01,3.009961333789e+02,2.301908791014e+02,4.643102318250e+02,5.072621027245e+02,2.740837975923e+06,1.009403299106e+06,9.464202084140e+00,8.202922138671e+02,4.451654994386e+02,2.870003918026e+02,6.447049292106e-01,1.546058789076e-01,1.929841531618e-01,1.307593656855e+00,2.319695004642e+01
6.771285475793e-01,1.688455854800e-03,2.318301513971e-02,1.754605124616e+06,9.417385472013e-01,3.029007653998e+02,2.311259085234e+02,4.636654782037e+02,5.064090482674e+02,2.740020673499e+06,1.005366116298e+06,9.380098611495e+00,8.214963178149e+02,4.456565555984e+02,2.889841045564e+02,6.484457614865e-01,1.558086964908e-01,1.947701597135e-01,1.310544401253e+00,2.319558938316e+01
6.791318864775e-01,1.706389271502e-03,2.330580560283e-02,1.737425486896e+06,9.427972608761e-01,3.048099604562e+02,2.320640567738e+02,4.630195690776e+02,5.055561888430e+02,2.739197413443e+06,1.001336103885e+06,9.296438087972e+00,8.226942141274e+02,4.461256460943e+02,2.909735293764e+02,6.522232736983e-01,1.570023000783e-01,1.965451663438e-01,1.313473377540e+00,2.319422107597e+01
6.811352253756e-01,1.724417422917e-03,2.342859606596e-02,1.720348570327e+06,9.438323338652e-01,3.067232379321e+02,2.330051273323e+02,4.623726667825e+02,5.047037695337e+02,2.738368449524e+06,9.973143222797e+05,9.213233318927e+00,8.238856334969e+02,4.465733549146e+02,2.929681137036e+02,6.560358124358e-01,1.581865249927e-01,1.983087797284e-01,1.316379778608e+00,2.319284689599e+01
6.831385642738e-01,1.742540309045e-03,2.355138652909e-02,1.703377276739e+06,9.448442893423e-01,3.086401127808e+02,2.339489250377e+02,4.617249230617e+02,5.038520300266e+02,2.737534034900e+06,9.933018139717e+05,9.130497219967e+00,8.250703079908e+02,4.470002555101e+02,2.949673033698e+02,6.598817332514e-01,1.593612209487e-01,2.000606236121e-01,1.319262795207e+00,2.319146880336e+01
6.851419031720e-01,1.760757929885e-03,2.367417699222e-02,1.686514473126e+06,9.458336410843e-01,3.105600857565e+02,2.348952555819e+02,4.610764860351e+02,5.030012076483e+02,2.736694430626e+06,9.892996026542e+05,9.048242762895e+00,8.262479810042e+02,4.474069125878e+02,2.969705346041e+02,6.637593793230e-01,1.605262520485e-01,2.018003341993e-01,1.322121577071e+00,2.319008875147e+01
6.871452420701e-01,1.779070285439e-03,2.379696745535e-02,1.669762954952e+06,9.468008936576e-01,3.124826559086e+02,2.358439259054e+02,4.604275039107e+02,5.021515382548e+02,2.735849900558e+06,9.853086921952e+05,8.966482576656e+00,8.274184098297e+02,4.477938879846e+02,2.989772439533e+02,6.676670941154e-01,1.616814913067e-01,2.035275599211e-01,1.324955284343e+00,2.318870872514e+01
6.891485809683e-01,1.797477375705e-03,2.391975791848e-02,1.653125398181e+06,9.477465423868e-01,3.144073315107e+02,2.367947447411e+02,4.597781225369e+02,5.013032544169e+02,2.735000706350e+06,9.813300655051e+05,8.885228730716e+00,8.285813613648e+02,4.481617376387e+02,3.009868772989e+02,6.716032450354e-01,1.628268179900e-01,2.052419636314e-01,1.327763130278e+00,2.318733076365e+01
6.911519198664e-01,1.815979200684e-03,2.404254838161e-02,1.636604348428e+06,9.486710734728e-01,3.163336329149e+02,2.377475229260e+02,4.591284849340e+02,5.004565847538e+02,2.734147106819e+06,9.773646833055e+05,8.804492674438e+00,8.297366119763e+02,4.485110108882e+02,3.029988924515e+02,6.755662293584e-01,1.639621167796e-01,2.069432229336e-01,1.330544390208e+00,2.318595696291e+01
6.931552587646e-01,1.834575760376e-03,2.416533884474e-02,1.620202223557e+06,9.495749637448e-01,3.182610922845e+02,2.387020736983e+02,4.584787314074e+02,4.996117504014e+02,2.733289358266e+06,9.734134826525e+05,8.724285239648e+00,8.308839394120e+02,4.488422502588e+02,3.050127591548e+02,6.795544737131e-01,1.650872780976e-01,2.086310302706e-01,1.333298397260e+00,2.318458941576e+01
6.951585976628e-01,1.853267054781e-03,2.428812930787e-02,1.603921316492e+06,9.504586816343e-01,3.201892529833e+02,2.396582131444e+02,4.578289996992e+02,4.987689695294e+02,2.732427714948e+06,9.694773753678e+05,8.644616643529e+00,8.320231363857e+02,4.491559919045e+02,3.070279590470e+02,6.835664325552e-01,1.662021983065e-01,2.103050925635e-01,1.336024535869e+00,2.318323020451e+01
6.971619365609e-01,1.872053083899e-03,2.441091977099e-02,1.587763801938e+06,9.513226871535e-01,3.221176678405e+02,2.406157606563e+02,4.571794248757e+02,4.979284569533e+02,2.731562429930e+06,9.655572469690e+05,8.565496590748e+00,8.331540088273e+02,4.494527663335e+02,3.090439845081e+02,6.876005837705e-01,1.673067813460e-01,2.119651319686e-01,1.338722230671e+00,2.318188142974e+01
6.991652754591e-01,1.890933847730e-03,2.453371023412e-02,1.571731724627e+06,9.521674317774e-01,3.240458901618e+02,2.415745388648e+02,4.565301395242e+02,4.970904227030e+02,2.730693754300e+06,9.616539561529e+05,8.486934669565e+00,8.342763741488e+02,4.497330991681e+02,3.110603314518e+02,6.916554107919e-01,1.684009450127e-01,2.136108887978e-01,1.341390908514e+00,2.318054530510e+01
7.011686143573e-01,1.909909346273e-03,2.465650069725e-02,1.555827075635e+06,9.529933582527e-01,3.259734639253e+02,2.425343729268e+02,4.558812791023e+02,4.962550708019e+02,2.729821945258e+06,9.577683348520e+05,8.408940374820e+00,8.353900578930e+02,4.499975130900e+02,3.130764908434e+02,6.957293801329e-01,1.694846214977e-01,2.152421175960e-01,1.344029961574e+00,2.317922399396e+01
7.031719532554e-01,1.928979579530e-03,2.477929116038e-02,1.540051765449e+06,9.538009005286e-01,3.278999343374e+02,2.434950908363e+02,4.552329785910e+02,4.954225969165e+02,2.728947261370e+06,9.539011876136e+05,8.331522788811e+00,8.364948877162e+02,4.502465253823e+02,3.150919572675e+02,6.998209636375e-01,1.705577528772e-01,2.168585870041e-01,1.346638789354e+00,2.317791953722e+01
7.051752921536e-01,1.948144547499e-03,2.490208162351e-02,1.524407576862e+06,9.545904846525e-01,3.298248595478e+02,2.444565240371e+02,4.545853698897e+02,4.945931934121e+02,2.728069956988e+06,9.500532903825e+05,8.254690368423e+00,8.375907090718e+02,4.504806451846e+02,3.171062389767e+02,7.039286645640e-01,1.716202873821e-01,2.184600809122e-01,1.349216842737e+00,2.317663396776e+01
7.071786310518e-01,1.967404250181e-03,2.502487208664e-02,1.508896149234e+06,9.553625285745e-01,3.317478154161e+02,2.454185077407e+02,4.539385809978e+02,4.937670476139e+02,2.727190280675e+06,9.462253897219e+05,8.178450864812e+00,8.386773785540e+02,4.507003723172e+02,3.191188620182e+02,7.080510281753e-01,1.726721780732e-01,2.200463990720e-01,1.351763640282e+00,2.317536928510e+01
7.091819699499e-01,1.986758687576e-03,2.514766254977e-02,1.493518978644e+06,9.561174421877e-01,3.336683957187e+02,2.463808810874e+02,4.532927360232e+02,4.929443408570e+02,2.726308475382e+06,9.424182022936e+05,8.102811313823e+00,8.397547622680e+02,4.509061971435e+02,3.211293705868e+02,7.121866424130e-01,1.737133824662e-01,2.216173565795e-01,1.354278766461e+00,2.317412741428e+01
7.111853088481e-01,2.006207859684e-03,2.527045301290e-02,1.478277429099e+06,9.568556274772e-01,3.355862105110e+02,2.473434873033e+02,4.526479577432e+02,4.921252478034e+02,2.725424779693e+06,9.386324144339e+05,8.027778065229e+00,8.408227366589e+02,4.510986038467e+02,3.231373258299e+02,7.163341297764e-01,1.747438627464e-01,2.231727831023e-01,1.356761862501e+00,2.317291017040e+01
7.131886477462e-01,2.025751766505e-03,2.539324347603e-02,1.463172753293e+06,9.575774783781e-01,3.375008819910e+02,2.483061741163e+02,4.520043742535e+02,4.913099342766e+02,2.724539430136e+06,9.348686815121e+05,7.953356974757e+00,8.418811821501e+02,4.512780770048e+02,3.251423025611e+02,7.204921291970e-01,1.757635891772e-01,2.247125244705e-01,1.359212605938e+00,2.317171927698e+01
7.151919866444e-01,2.045390408038e-03,2.551603393915e-02,1.448206086826e+06,9.582833812073e-01,3.394120279684e+02,2.492687935947e+02,4.513620951580e+02,4.904985615286e+02,2.723652661099e+06,9.311276274550e+05,7.879553972671e+00,8.429299925231e+02,4.514450660976e+02,3.271438755223e+02,7.246593220083e-01,1.767725500025e-01,2.262364461011e-01,1.361630644068e+00,2.317055651590e+01
7.171953255426e-01,2.065123784285e-03,2.563882440228e-02,1.433378539241e+06,9.589737146135e-01,3.413192516415e+02,2.502312012595e+02,4.507212303036e+02,4.896912849478e+02,2.722764715053e+06,9.274098454751e+05,7.806374967207e+00,8.439690753021e+02,4.516000129694e+02,3.291416101082e+02,7.288343681481e-01,1.777707496223e-01,2.277444261333e-01,1.364015558106e+00,2.316942350917e+01
7.191986644407e-01,2.084951895244e-03,2.576161486541e-02,1.418691147654e+06,9.596488494963e-01,3.432221580391e+02,2.511932562118e+02,4.500818882030e+02,4.888882532020e+02,2.721875834854e+06,9.237158986932e+05,7.733825471800e+00,8.449983480435e+02,4.517433528240e+02,3.311350760466e+02,7.330159347705e-01,1.787582018907e-01,2.292363557332e-01,1.366366928855e+00,2.316832172495e+01
7.212020033389e-01,2.104874740916e-03,2.588440532854e-02,1.404144828592e+06,9.603091490219e-01,3.451203676286e+02,2.521548214415e+02,4.494441732468e+02,4.880896080692e+02,2.720986257498e+06,9.200463202727e+05,7.661910387281e+00,8.460177358255e+02,4.518755110874e+02,3.331238590173e+02,7.372027269539e-01,1.797349258905e-01,2.307121407342e-01,1.368684388645e+00,2.316725252972e+01
7.232053422371e-01,2.124892321301e-03,2.600719579167e-02,1.389740367271e+06,9.609549685551e-01,3.470135202905e+02,2.531157641200e+02,4.488081850921e+02,4.872954834895e+02,2.720096212935e+06,9.164016128222e+05,7.590633945000e+00,8.470271646538e+02,4.519969028330e+02,3.351075641564e+02,7.413934964068e-01,1.807009448263e-01,2.321717020399e-01,1.370967634106e+00,2.316621714672e+01
7.252086811352e-01,2.145004636399e-03,2.612998625480e-02,1.375478419465e+06,9.615866564520e-01,3.489012753439e+02,2.540759558605e+02,4.481740187427e+02,4.865060081964e+02,2.719205924368e+06,9.127822476767e+05,7.519999706724e+00,8.480265774045e+02,4.521079333597e+02,3.370858163835e+02,7.455870413036e-01,1.816562853664e-01,2.336149745406e-01,1.373216423263e+00,2.316521667569e+01
7.272120200334e-01,2.165211686210e-03,2.625277671793e-02,1.361359522612e+06,9.622045538964e-01,3.507833104568e+02,2.550352728594e+02,4.475417651011e+02,4.857213041346e+02,2.718315609443e+06,9.091886649938e+05,7.450010608740e+00,8.490159280217e+02,4.522089987702e+02,3.390582595199e+02,7.497822034545e-01,1.826009779993e-01,2.350419067586e-01,1.375430568971e+00,2.316425207493e+01
7.292153589316e-01,2.185513470734e-03,2.637556718106e-02,1.347384101830e+06,9.628089947916e-01,3.526593156843e+02,2.559935960579e+02,4.469115105329e+02,4.849414857978e+02,2.717425481119e+06,9.056212742693e+05,7.380669155451e+00,8.499951769514e+02,4.523004876378e+02,3.410245512237e+02,7.539778544231e-01,1.835350603746e-01,2.364524615789e-01,1.377609913353e+00,2.316332419410e+01
7.312186978297e-01,2.205909989970e-03,2.649835764419e-02,1.333552495011e+06,9.634003058386e-01,3.545289786533e+02,2.569508106298e+02,4.462833404021e+02,4.841666616715e+02,2.716535751096e+06,9.020804550245e+05,7.311977849966e+00,8.509642929857e+02,4.523827829807e+02,3.429843501834e+02,7.581728639705e-01,1.844585853651e-01,2.378466186414e-01,1.379754271973e+00,2.316243386908e+01
7.332220367279e-01,2.226401243920e-03,2.662114810731e-02,1.319865018874e+06,9.639788065162e-01,3.563919772150e+02,2.579068053524e+02,4.456573424238e+02,4.833969330547e+02,2.715646636951e+06,8.985665574113e+05,7.243939091181e+00,8.519232520912e+02,4.524562644851e+02,3.449373092563e+02,7.623660811700e-01,1.853716187714e-01,2.392243682097e-01,1.381863408870e+00,2.316158173247e+01
7.352253756260e-01,2.246987232582e-03,2.674393857044e-02,1.306321920291e+06,9.645448092730e-01,3.582479956779e+02,2.588614728558e+02,4.450336023982e+02,4.826323942254e+02,2.714758353734e+06,8.950799025608e+05,7.176554881705e+00,8.528720379623e+02,4.525213049444e+02,3.468830894417e+02,7.665563712726e-01,1.862742334183e-01,2.405857121255e-01,1.383937098579e+00,2.316076823597e+01
7.372287145242e-01,2.267667955957e-03,2.686672903357e-02,1.292923334252e+06,9.650986196585e-01,3.600967378841e+02,2.598147099112e+02,4.444122016805e+02,4.818731336604e+02,2.713871108103e+06,8.916207830151e+05,7.109826635473e+00,8.538106428392e+02,4.525782674489e+02,3.488213713009e+02,7.707426458348e-01,1.871665045941e-01,2.419306646758e-01,1.385975174412e+00,2.315999371748e+01
7.392320534224e-01,2.288443414045e-03,2.698951949670e-02,1.279669272576e+06,9.656405364302e-01,3.619379314399e+02,2.607664175550e+02,4.437932165294e+02,4.811192335312e+02,2.712985097023e+06,8.881894631588e+05,7.043755118383e+00,8.547390668799e+02,4.526275048148e+02,3.507518587445e+02,7.749238723086e-01,1.880485081831e-01,2.432592522639e-01,1.387977542635e+00,2.315925839317e+01
7.412353923205e-01,2.309313606846e-03,2.711230995983e-02,1.266559629465e+06,9.661708517025e-01,3.637713266477e+02,2.617165011308e+02,4.431767191303e+02,4.803707699857e+02,2.712100508541e+06,8.847861793974e+05,6.978340462507e+00,8.556573190604e+02,4.526693607155e+02,3.526742781926e+02,7.790990705339e-01,1.889203201988e-01,2.445715121168e-01,1.389944176527e+00,2.315856232713e+01
7.432387312187e-01,2.330278534360e-03,2.723510042296e-02,1.253594208637e+06,9.666898510342e-01,3.655966938259e+02,2.626648705314e+02,4.425627874670e+02,4.796278129443e+02,2.711217525248e+06,8.814111399476e+05,6.913582267305e+00,8.565654162017e+02,4.527041705605e+02,3.545883763528e+02,7.832673065808e-01,1.897820183067e-01,2.458674924321e-01,1.391875103383e+00,2.315790545251e+01
7.452420701169e-01,2.351338196587e-03,2.735789088609e-02,1.240772719547e+06,9.671978132725e-01,3.674138104917e+02,2.636114403385e+02,4.419514827119e+02,4.788904242051e+02,2.710336324110e+06,8.780645252857e+05,6.849479955218e+00,8.574633755895e+02,4.527322326715e+02,3.564939090155e+02,7.874277183931e-01,1.906336891775e-01,2.471472545106e-01,1.393770353896e+00,2.315728764548e+01
7.472454090150e-01,2.372492593526e-03,2.748068134922e-02,1.228094838109e+06,9.676950108675e-01,3.692224421453e+02,2.645561289536e+02,4.413428625632e+02,4.781586599849e+02,2.709457085076e+06,8.747464895975e+05,6.786033129140e+00,8.583512243677e+02,4.527538346658e+02,3.583906239771e+02,7.915794335383e-01,1.914754356434e-01,2.484108721844e-01,1.395629893761e+00,2.315670876369e+01
7.492487479132e-01,2.393741725178e-03,2.760347181234e-02,1.215560246191e+06,9.681817098466e-01,3.710223415374e+02,2.654988579117e+02,4.407369869542e+02,4.774325713163e+02,2.708579994578e+06,8.714571625590e+05,6.723241363705e+00,8.592289984914e+02,4.527692612555e+02,3.602782598421e+02,7.957215532766e-01,1.923073716400e-01,2.496584258115e-01,1.397453625434e+00,2.315616848533e+01
7.512520868114e-01,2.415085591544e-03,2.772626227547e-02,1.203168576024e+06,9.686581698450e-01,3.728132674357e+02,2.664395519825e+02,4.401339136594e+02,4.767122038715e+02,2.707705235812e+06,8.681966503981e+05,6.661103926349e+00,8.600967398220e+02,4.527787900704e+02,3.621565624371e+02,7.998531962613e-01,1.931296156815e-01,2.508900037763e-01,1.399241458941e+00,2.315566636775e+01
7.532554257095e-01,2.436524192622e-03,2.784905273860e-02,1.190919373640e+06,9.691246442265e-01,3.745949970748e+02,2.673781394635e+02,4.395336959931e+02,4.759975978731e+02,2.706832983338e+06,8.649650358967e+05,6.599619608773e+00,8.609544951477e+02,4.527826893108e+02,3.640252958591e+02,8.039735273739e-01,1.939422865372e-01,2.521057032460e-01,1.400993356549e+00,2.315520188954e+01
7.552587646077e-01,2.458057528413e-03,2.797184320173e-02,1.178812086988e+06,9.695813801799e-01,3.763673310367e+02,2.683145523622e+02,4.389363820620e+02,4.752887878357e+02,2.705963401499e+06,8.617623784464e+05,6.538786666975e+00,8.618023146814e+02,4.527812172128e+02,3.658842468753e+02,8.080817687792e-01,1.947455011594e-01,2.533056298567e-01,1.402709348872e+00,2.315477445521e+01
7.572621035058e-01,2.479685598917e-03,2.809463366486e-02,1.166846068639e+06,9.700286188779e-01,3.781300932253e+02,2.692487264409e+02,4.383420149074e+02,4.745858022995e+02,2.705096644874e+06,8.585887147075e+05,6.478602828036e+00,8.626402510753e+02,4.527746225564e+02,3.677332249938e+02,8.121771995913e-01,1.955393743444e-01,2.544898971047e-01,1.404389533142e+00,2.315438334488e+01
7.592654424040e-01,2.501408404133e-03,2.821742412799e-02,1.155020595221e+06,9.704665957258e-01,3.798831271375e+02,2.701806013074e+02,4.377506335752e+02,4.738886649873e+02,2.704232861208e+06,8.554440594328e+05,6.419065382306e+00,8.634683651621e+02,4.527631463769e+02,3.695720592514e+02,8.162591461093e-01,1.963240197696e-01,2.556586255088e-01,1.406034057587e+00,2.315402776840e+01
7.612687813022e-01,2.523225944063e-03,2.834021459112e-02,1.143334871112e+06,9.708955403932e-01,3.816262847262e+02,2.711101204111e+02,4.371622728422e+02,4.731973940913e+02,2.703372192409e+06,8.523284063718e+05,6.360171457030e+00,8.642867242024e+02,4.527470240787e+02,3.714005883232e+02,8.203269564919e-01,1.970995559102e-01,2.568119440414e-01,1.407643079305e+00,2.315370694314e+01
7.632721202003e-01,2.545138218705e-03,2.846300505425e-02,1.131788090766e+06,9.713156768080e-01,3.833594069935e+02,2.720372303015e+02,4.365769696965e+02,4.725120034083e+02,2.702514783675e+06,8.492417290114e+05,6.301918351917e+00,8.650954010455e+02,4.527264887413e+02,3.732186429772e+02,8.243799562400e-01,1.978661135756e-01,2.579499899567e-01,1.409216696437e+00,2.315342011964e+01
7.652754590985e-01,2.567145228061e-03,2.858579551738e-02,1.120379463770e+06,9.717272231654e-01,3.850823244200e+02,2.729618801927e+02,4.359947631298e+02,4.718325024402e+02,2.701660785037e+06,8.461839815875e+05,6.244303363844e+00,8.658944711676e+02,4.527017716851e+02,3.750260460459e+02,8.284174472079e-01,1.986238314361e-01,2.590729039026e-01,1.410754952846e+00,2.315316642677e+01
7.672787979967e-01,2.589246972129e-03,2.870858598050e-02,1.109108162602e+06,9.721303920121e-01,3.867948754784e+02,2.738840220390e+02,4.354156900777e+02,4.711588961142e+02,2.700810341659e+06,8.431551003833e+05,6.187323540074e+00,8.666840109713e+02,4.526730983829e+02,3.768226289160e+02,8.324387516336e-01,1.993728495444e-01,2.601808312545e-01,1.412257906098e+00,2.315294493222e+01
7.692821368948e-01,2.611443450910e-03,2.883137644363e-02,1.097973288493e+06,9.725253904347e-01,3.884969190716e+02,2.748036106663e+02,4.348397831993e+02,4.704911840676e+02,2.699963588537e+06,8.401550048529e+05,6.130975519496e+00,8.674640976962e+02,4.526406862491e+02,3.786082427515e+02,8.364432413024e-01,2.001133050034e-01,2.612739228939e-01,1.413725671688e+00,2.315275464794e+01
7.712854757930e-01,2.633734664404e-03,2.895416690676e-02,1.086973861514e+06,9.729124203712e-01,3.901883386190e+02,2.757206038489e+02,4.342670702646e+02,4.698293626234e+02,2.699120649257e+06,8.371835981143e+05,6.075255481493e+00,8.682348177021e+02,4.526047443148e+02,3.803827622807e+02,8.404303469167e-01,2.008453294183e-01,2.623523339746e-01,1.415158436374e+00,2.315259458007e+01
7.732888146912e-01,2.656120612611e-03,2.907695736989e-02,1.076108827480e+06,9.732916786134e-01,3.918690415294e+02,2.766349624345e+02,4.336975781311e+02,4.691734240860e+02,2.698281637145e+06,8.342407667790e+05,6.020159160449e+00,8.689962605914e+02,4.525654737984e+02,3.821460853723e+02,8.443995565216e-01,2.015690488090e-01,2.634162233223e-01,1.416556454328e+00,2.315246367609e+01
7.752921535893e-01,2.678601295530e-03,2.919974783302e-02,1.065377076966e+06,9.736633569196e-01,3.935389550316e+02,2.775466506320e+02,4.331313348787e+02,4.685233567413e+02,2.697446658401e+06,8.313263808399e+05,5.965681960155e+00,8.697485177420e+02,4.525230536530e+02,3.838981293903e+02,8.483504349474e-01,2.022845860629e-01,2.644657539869e-01,1.417920029427e+00,2.315236084988e+01
7.772954924875e-01,2.701176713163e-03,2.932253829615e-02,1.054777449112e+06,9.740276420807e-01,3.951980113768e+02,2.784556360270e+02,4.325683535545e+02,4.678791452904e+02,2.696615813611e+06,8.284402945373e+05,5.911819264951e+00,8.704916816792e+02,4.524776419132e+02,3.856388178651e+02,8.522825928691e-01,2.029920685315e-01,2.655010949649e-01,1.419249461119e+00,2.315228508318e+01
7.792988313856e-01,2.723846865508e-03,2.944532875928e-02,1.044308801694e+06,9.743847160314e-01,3.968461267883e+02,2.793618886054e+02,4.320086496860e+02,4.672407708104e+02,2.695789209002e+06,8.255823482341e+05,5.858566723243e+00,8.712258505376e+02,4.524293950688e+02,3.873680612003e+02,8.561956084693e-01,2.036916347706e-01,2.665224195756e-01,1.420544974010e+00,2.315223543663e+01
7.813021702838e-01,2.746611752566e-03,2.956811922241e-02,1.033970033252e+06,9.747347557622e-01,3.984832016374e+02,2.802653800867e+02,4.314522415768e+02,4.666082102095e+02,2.694966957630e+06,8.227523704617e+05,5.805920101982e+00,8.719511222306e+02,4.523784688667e+02,3.890857563951e+02,8.600890253902e-01,2.043834304150e-01,2.675299010647e-01,1.421806723022e+00,2.315221090665e+01
7.833055091820e-01,2.769471374337e-03,2.969090968554e-02,1.023760037697e+06,9.750779335186e-01,4.001091375548e+02,2.811660839806e+02,4.308991465951e+02,4.659814376242e+02,2.694149170179e+06,8.199501787157e+05,5.753875075300e+00,8.726675949201e+02,4.523250146227e+02,3.907918025090e+02,8.639623940208e-01,2.050676025594e-01,2.685237142173e-01,1.423034855023e+00,2.315221044638e+01
7.853088480801e-01,2.792425730821e-03,2.981370014866e-02,1.013677668631e+06,9.754144170037e-01,4.017238511332e+02,2.820639758598e+02,4.303493787165e+02,4.653604250276e+02,2.693335948894e+06,8.171755793875e+05,5.702427059970e+00,8.733753697761e+02,4.522691767507e+02,3.924861131554e+02,8.678153040966e-01,2.057442947215e-01,2.695040357732e-01,1.424229556109e+00,2.315223301645e+01
7.873121869783e-01,2.815474822018e-03,2.993649061179e-02,1.003721721082e+06,9.757443694965e-01,4.033272815414e+02,2.829590334938e+02,4.298029472939e+02,4.647451416990e+02,2.692527384807e+06,8.144283681860e+05,5.651571127270e+00,8.740745503146e+02,4.522110917351e+02,3.941686234923e+02,8.716474024994e-01,2.064136438262e-01,2.704710443304e-01,1.425391077151e+00,2.315227758724e+01
7.893155258765e-01,2.838618647928e-03,3.005928107492e-02,9.938909298848e+05,9.760679499725e-01,4.049193919108e+02,2.838512368971e+02,4.292598569711e+02,4.641355542661e+02,2.691723557829e+06,8.117083306737e+05,5.601301991085e+00,8.747652424070e+02,4.521508883795e+02,3.958392915558e+02,8.754583961440e-01,2.070757791415e-01,2.714249195889e-01,1.426519737371e+00,2.315234312687e+01
7.913188647746e-01,2.861857208551e-03,3.018207153805e-02,9.841839849824e+05,9.763853131988e-01,4.065001657489e+02,2.847405684243e+02,4.287201087040e+02,4.635316267401e+02,2.690924539764e+06,8.090152428513e+05,5.551614077914e+00,8.754475535024e+02,4.520886893287e+02,3.974980950583e+02,8.792480423443e-01,2.077308236075e-01,2.723658420139e-01,1.427615910154e+00,2.315242860580e+01
7.933222036728e-01,2.885190503886e-03,3.030486200118e-02,9.745995413798e+05,9.766966097991e-01,4.080695954373e+02,2.856270129052e+02,4.281836998570e+02,4.629333205089e+02,2.690130396861e+06,8.063488715403e+05,5.502501740384e+00,8.761215911371e+02,4.520246134349e+02,3.991450209305e+02,8.830161213954e-01,2.083788995104e-01,2.732939938721e-01,1.428679981234e+00,2.315253305932e+01
7.953255425710e-01,2.908618533935e-03,3.042765246431e-02,9.651362705723e+05,9.770019862864e-01,4.096276611267e+02,2.865105570779e+02,4.276506302349e+02,4.623405941362e+02,2.689341198963e+06,8.037089748978e+05,5.453959586322e+00,8.767874607533e+02,4.519587792915e+02,4.007800459102e+02,8.867623869116e-01,2.090201379740e-01,2.742095607397e-01,1.429712277637e+00,2.315265562220e+01
7.973288814691e-01,2.932141298696e-03,3.055044292744e-02,9.557928973382e+05,9.773015852466e-01,4.111743246063e+02,2.873911889607e+02,4.271209033273e+02,4.617534044602e+02,2.688557023956e+06,8.010953038486e+05,5.405982415476e+00,8.774452706401e+02,4.518913068532e+02,4.024031306338e+02,8.904865495996e-01,2.096546768386e-01,2.751127264323e-01,1.430713050366e+00,2.315279538779e+01
7.993322203673e-01,2.955758798170e-03,3.067323339057e-02,9.465681629498e+05,9.775955453861e-01,4.127095443659e+02,2.882688977305e+02,4.265945228816e+02,4.611717068673e+02,2.687777949262e+06,7.985076034376e+05,5.358565039461e+00,8.780951308763e+02,4.518223140665e+02,4.040142333112e+02,8.941883141515e-01,2.102826549648e-01,2.760036735748e-01,1.431682528414e+00,2.315295146053e+01
8.013355592654e-01,2.979471032357e-03,3.079602385370e-02,9.374607899261e+05,9.778840016076e-01,4.142332899193e+02,2.891436737627e+02,4.260714903514e+02,4.605954551652e+02,2.687004045240e+06,7.959456138222e+05,5.311702119877e+00,8.787371512881e+02,4.517519141755e+02,4.056133228560e+02,8.978674137913e-01,2.109042071294e-01,2.768825843461e-01,1.432620968423e+00,2.315312297378e+01
8.033388981636e-01,3.003278001257e-03,3.091881431682e-02,9.284694627239e+05,9.781670851416e-01,4.157455502362e+02,2.900155087468e+02,4.255518035345e+02,4.600246017158e+02,2.686235371930e+06,7.934090705613e+05,5.265388076321e+00,8.793714413155e+02,4.516802145034e+02,4.072003866979e+02,9.015236302649e-01,2.115194608854e-01,2.777496406298e-01,1.433528682768e+00,2.315330908474e+01
8.053422370618e-01,3.027179704869e-03,3.104160477995e-02,9.195928198139e+05,9.784449237017e-01,4.172463372793e+02,2.908843959158e+02,4.250354560208e+02,4.594590974264e+02,2.685471977880e+06,7.908977039634e+05,5.219617046581e+00,8.799981104436e+02,4.516073161709e+02,4.087754341366e+02,9.051568021586e-01,2.121285350143e-01,2.786050236086e-01,1.434406049750e+00,2.315350894512e+01
8.073455759599e-01,3.051176143195e-03,3.116439524308e-02,9.108294575875e+05,9.787176416224e-01,4.187356870171e+02,2.917503302953e+02,4.245224423344e+02,4.588988918731e+02,2.684713901263e+06,7.884112387550e+05,5.174382885344e+00,8.806172688338e+02,4.515333133517e+02,4.103384973801e+02,9.087668290389e-01,2.127315390160e-01,2.794489133681e-01,1.435253514857e+00,2.315372168977e+01
8.093489148581e-01,3.075267316233e-03,3.128718570621e-02,9.021779403580e+05,9.789853599300e-01,4.202136522480e+02,2.926133090185e+02,4.240127551315e+02,4.583439332042e+02,2.683961172771e+06,7.859493944531e+05,5.129679299021e+00,8.812290269632e+02,4.514582835324e+02,4.118896250154e+02,9.123536770498e-01,2.133285767404e-01,2.802814895028e-01,1.436071563722e+00,2.315394650253e+01
8.113522537563e-01,3.099453223984e-03,3.140997616934e-02,8.936368297726e+05,9.792481963432e-01,4.216802809483e+02,2.934733309392e+02,4.235063794950e+02,4.577941670591e+02,2.683213822412e+06,7.835118865305e+05,5.085500199947e+00,8.818334927944e+02,4.513822968174e+02,4.134288620026e+02,9.159173164689e-01,2.139197574338e-01,2.811029342137e-01,1.436860649650e+00,2.315418272049e+01
8.133555926544e-01,3.123733866449e-03,3.153276663247e-02,8.852047552675e+05,9.795062653752e-01,4.231355966552e+02,2.943303957021e+02,4.230033056613e+02,4.572495387815e+02,2.682471891674e+06,7.810984279140e+05,5.041839805099e+00,8.824307752383e+02,4.513054259272e+02,4.149562312427e+02,9.194576608297e-01,2.145051986146e-01,2.819134270233e-01,1.437621132014e+00,2.315442968047e+01
8.153589315526e-01,3.148109243626e-03,3.165555709560e-02,8.768804001583e+05,9.797596783995e-01,4.245796060975e+02,2.951845034859e+02,4.225035265441e+02,4.567099934006e+02,2.681735428166e+06,7.787087297480e+05,4.998692525804e+00,8.830209830712e+02,4.512277443007e+02,4.164717404659e+02,9.229745859516e-01,2.150850226806e-01,2.827131445978e-01,1.438353304742e+00,2.315468670252e+01
8.173622704508e-01,3.172579355516e-03,3.177834755873e-02,8.686624642559e+05,9.800085437527e-01,4.260123149467e+02,2.960356550984e+02,4.220070348002e+02,4.561754753405e+02,2.681004477416e+06,7.763425016093e+05,4.956052799909e+00,8.836042249759e+02,4.511493228183e+02,4.179753967770e+02,9.264679688887e-01,2.156593514448e-01,2.835022616804e-01,1.439057450040e+00,2.315495312175e+01
8.193656093489e-01,3.197144202118e-03,3.190113802186e-02,8.605496330228e+05,9.802529668235e-01,4.274337413569e+02,2.968838520839e+02,4.215138205094e+02,4.556459283688e+02,2.680279076992e+06,7.739994519637e+05,4.913914947187e+00,8.841806093524e+02,4.510702274690e+02,4.194672192225e+02,9.299377207318e-01,2.162283010704e-01,2.842809513762e-01,1.439733883661e+00,2.315522830623e+01
8.213689482471e-01,3.221803783434e-03,3.202392848498e-02,8.525405607098e+05,9.804930501383e-01,4.288439238297e+02,2.977290968148e+02,4.210238699391e+02,4.551212956404e+02,2.679559253690e+06,7.716792884739e+05,4.872273087284e+00,8.847502438907e+02,4.509905183031e+02,4.209472461421e+02,9.333838053314e-01,2.167919789113e-01,2.850493849838e-01,1.440382980426e+00,2.315551165402e+01
8.233722871452e-01,3.246558099462e-03,3.214671894811e-02,8.446338664942e+05,9.807288934528e-01,4.302429235173e+02,2.985713925736e+02,4.205371653066e+02,4.546015198151e+02,2.678845023378e+06,7.693817181338e+05,4.831121117865e+00,8.853132349483e+02,4.509102494973e+02,4.224155373807e+02,9.368062443728e-01,2.173504824119e-01,2.858077316391e-01,1.441005180733e+00,2.315580256663e+01
8.253756260434e-01,3.271407150204e-03,3.226950941124e-02,8.368281457965e+05,9.809605938466e-01,4.316308209108e+02,2.994107438250e+02,4.200536856037e+02,4.540865430593e+02,2.678136394031e+06,7.671064470645e+05,4.790452769571e+00,8.858696864024e+02,4.508294707761e+02,4.238721713027e+02,9.402051080933e-01,2.179039008421e-01,2.865561585638e-01,1.441600977295e+00,2.315610043599e+01
8.273789649416e-01,3.296350935658e-03,3.239229987437e-02,8.291219798367e+05,9.811882458461e-01,4.330077033335e+02,3.002471566094e+02,4.195734070274e+02,4.535763066421e+02,2.677433369078e+06,7.648531799617e+05,4.750261793076e+00,8.864197008081e+02,4.507482298001e+02,4.253172332499e+02,9.435804849161e-01,2.184523217515e-01,2.872948325607e-01,1.442170870903e+00,2.315640470158e+01
8.293823038397e-01,3.321389455825e-03,3.251509033750e-02,8.215139885142e+05,9.814119414824e-01,4.343736425906e+02,3.010806379191e+02,4.190963093726e+02,4.530707516769e+02,2.676735958635e+06,7.626216206791e+05,4.710542218831e+00,8.869633829029e+02,4.506665760956e+02,4.267507946127e+02,9.469324268730e-01,2.189958394584e-01,2.880239200440e-01,1.442715299106e+00,2.315671491723e+01
8.313856427379e-01,3.346522710705e-03,3.263788080063e-02,8.140028628302e+05,9.816317702591e-01,4.357286859001e+02,3.019111950282e+02,4.186223771609e+02,4.525698191878e+02,2.676044184370e+06,7.604114736265e+05,4.671288361554e+00,8.875008359237e+02,4.505845627710e+02,4.281729041033e+02,9.502609265398e-01,2.195345552962e-01,2.887435835654e-01,1.443234610295e+00,2.315703062453e+01
8.333889816361e-01,3.371750700298e-03,3.276067126376e-02,8.065873488050e+05,9.818478192029e-01,4.370728629932e+02,3.027388351688e+02,4.181515979123e+02,4.520734503803e+02,2.675358074711e+06,7.582224451471e+05,4.632494747018e+00,8.880321613388e+02,4.505022447208e+02,4.295835942552e+02,9.535659351073e-01,2.200685750820e-01,2.894539824211e-01,1.443729089958e+00,2.315735137624e+01
8.353923205342e-01,3.397073424604e-03,3.288346172689e-02,7.992662296318e+05,9.820601729293e-01,4.384061939335e+02,3.035635653425e+02,4.176839607731e+02,4.515815868732e+02,2.674677661074e+06,7.560542445271e+05,4.594156031362e+00,8.885574588868e+02,4.504196771408e+02,4.309828886493e+02,9.568473815024e-01,2.205980062403e-01,2.901552730616e-01,1.444198988238e+00,2.315767675202e+01
8.373956594324e-01,3.422490883622e-03,3.300625219001e-02,7.920383147880e+05,9.822689137179e-01,4.397286939898e+02,3.043853922513e+02,4.172194557305e+02,4.510941707664e+02,2.674002975858e+06,7.539065842589e+05,4.556266950963e+00,8.890768267564e+02,4.503369147712e+02,4.323708064305e+02,9.601051840269e-01,2.211229559907e-01,2.908476092807e-01,1.444644536775e+00,2.315800636506e+01
8.393989983306e-01,3.448003077354e-03,3.312904265314e-02,7.849024320164e+05,9.824741215879e-01,4.410403772323e+02,3.052043222953e+02,4.167580729997e+02,4.506111446148e+02,2.673334050738e+06,7.517791798645e+05,4.518822286562e+00,8.895903618328e+02,4.502540112909e+02,4.337473656554e+02,9.633392591257e-01,2.216435299946e-01,2.915311422922e-01,1.445065960782e+00,2.315833986702e+01
8.414023372287e-01,3.473610005798e-03,3.325183311627e-02,7.778574149492e+05,9.826758743794e-01,4.423412623234e+02,3.060203615519e+02,4.162998019424e+02,4.501324515216e+02,2.672670913345e+06,7.496717502173e+05,4.481816808743e+00,8.900981597788e+02,4.501710181262e+02,4.351125887235e+02,9.665495360731e-01,2.221598303069e-01,2.922060210009e-01,1.445463498181e+00,2.315867694422e+01
8.434056761269e-01,3.499311668955e-03,3.337462357940e-02,7.709020797525e+05,9.828742478555e-01,4.436313834850e+02,3.068335160786e+02,4.158446286360e+02,4.496580350217e+02,2.672013580413e+06,7.475840178237e+05,4.445245187191e+00,8.906003139917e+02,4.500879821113e+02,4.364665127453e+02,9.697359851687e-01,2.226719522775e-01,2.928723931933e-01,1.445837433781e+00,2.315901730450e+01
8.454090150250e-01,3.525108066825e-03,3.349741404253e-02,7.640351619605e+05,9.830693158443e-01,4.449108130053e+02,3.076437925530e+02,4.153925332671e+02,4.491878390524e+02,2.671362040227e+06,7.455157086166e+05,4.409101836963e+00,8.910969146160e+02,4.500049396454e+02,4.378092108840e+02,9.728986780210e-01,2.231799792084e-01,2.935304091574e-01,1.446188168834e+00,2.315936071169e+01
8.474123539232e-01,3.550999199408e-03,3.362020450566e-02,7.572552302369e+05,9.832611503142e-01,4.461797102526e+02,3.084511997154e+02,4.149434828372e+02,4.487218080837e+02,2.670716224450e+06,7.434665502614e+05,4.373380488799e+00,8.915880518229e+02,4.499219001436e+02,4.391408386912e+02,9.760379269181e-01,2.236839642659e-01,2.941802217774e-01,1.446516371680e+00,2.315970715509e+01
8.494156928214e-01,3.576985066704e-03,3.374299496879e-02,7.505604714748e+05,9.834498211649e-01,4.474384360674e+02,3.092557535465e+02,4.144974005039e+02,4.482598855124e+02,2.670075944403e+06,7.414362663199e+05,4.338073134030e+00,8.920738162734e+02,4.498388230042e+02,4.404617422094e+02,9.791545764499e-01,2.241838838403e-01,2.948219802074e-01,1.446823319974e+00,2.316005740833e+01
8.514190317195e-01,3.603065668713e-03,3.386578543192e-02,7.439483198498e+05,9.836353963929e-01,4.486877408459e+02,3.100574809880e+02,4.140541364179e+02,4.478020108781e+02,2.669440791512e+06,7.394245642085e+05,4.303168265038e+00,8.925543013268e+02,4.497555838664e+02,4.417726360589e+02,9.822504753831e-01,2.246795634370e-01,2.954558255417e-01,1.447111482091e+00,2.316041307413e+01
8.534223706177e-01,3.629241005434e-03,3.398857589505e-02,7.374149748941e+05,9.838179453355e-01,4.499289941610e+02,3.108564072896e+02,4.136134246555e+02,4.473481158231e+02,2.668810022769e+06,7.374311173045e+05,4.268648540893e+00,8.930296067340e+02,4.496719342491e+02,4.430748222860e+02,9.853290555612e-01,2.251706094439e-01,2.960819231306e-01,1.447385299483e+00,2.316077223040e+01
8.554257095159e-01,3.655511076869e-03,3.411136635817e-02,7.309550999860e+05,9.839975470676e-01,4.511643888512e+02,3.116525485570e+02,4.131748571501e+02,4.468981196529e+02,2.668182504385e+06,7.354555451628e+05,4.234489222429e+00,8.934998430429e+02,4.495874872968e+02,4.443703898420e+02,9.883958126011e-01,2.256564267483e-01,2.967005812580e-01,1.447651851205e+00,2.316112057641e+01
8.574290484140e-01,3.681875883016e-03,3.423415682130e-02,7.245623782142e+05,9.841742922285e-01,4.523969064541e+02,3.124460506212e+02,4.127379358441e+02,4.464519243019e+02,2.667556883029e+06,7.334973913928e+05,4.200660590160e+00,8.939651373198e+02,4.495017836506e+02,4.456621938035e+02,9.914581209980e-01,2.261363313100e-01,2.973122741705e-01,1.447920066695e+00,2.316143913445e+01
8.594323873122e-01,3.708335423876e-03,3.435694728443e-02,7.182310224978e+05,9.843482456196e-01,4.536293418912e+02,3.132374920526e+02,4.123022336000e+02,4.460094054631e+02,2.666932153358e+06,7.315560850908e+05,4.167134335277e+00,8.944256436103e+02,4.494144739671e+02,4.469529244151e+02,9.945227630736e-01,2.266093898137e-01,2.979167965922e-01,1.448196187879e+00,2.316175326482e+01
8.614357262104e-01,3.734889699449e-03,3.447973774756e-02,7.119571549906e+05,9.845193748864e-01,4.548618846498e+02,3.140272794102e+02,4.118676073975e+02,4.455704086087e+02,2.666308640376e+06,7.296309237340e+05,4.133887818675e+00,8.948815480128e+02,4.493256146297e+02,4.482427301420e+02,9.975899782865e-01,2.270737630046e-01,2.985117729501e-01,1.448478888535e+00,2.316214720562e+01
8.634390651085e-01,3.761538709735e-03,3.460252821069e-02,7.057457424243e+05,9.846875992938e-01,4.560918610353e+02,3.148124747172e+02,4.114348668558e+02,4.451348009322e+02,2.665690016147e+06,7.277213082501e+05,4.100936377219e+00,8.953330157162e+02,4.492363718354e+02,4.495288737799e+02,1.000651109222e+00,2.275286120056e-01,2.990969353335e-01,1.448773151207e+00,2.316260467378e+01
8.654424040067e-01,3.788282454734e-03,3.472531867382e-02,6.996353272752e+05,9.848530808404e-01,4.573157501640e+02,3.155867314430e+02,4.110076567163e+02,4.447026159970e+02,2.665086726973e+06,7.258273884891e+05,4.068461909426e+00,8.957800584735e+02,4.491504924044e+02,4.508079411099e+02,1.003690185658e+00,2.279831637230e-01,2.996858943208e-01,1.449096887163e+00,2.316295223943e+01
8.674457429048e-01,3.815120934445e-03,3.484810913695e-02,6.936760484366e+05,9.850161819444e-01,4.584791159079e+02,3.163644465750e+02,4.105900953327e+02,4.442740909161e+02,2.664507527003e+06,7.239502100691e+05,4.036720045546e+00,8.962224847221e+02,4.490723426152e+02,4.520290478665e+02,1.006584028832e+00,2.284526719011e-01,3.002623112917e-01,1.449211884810e+00,2.316322577185e+01
8.694490818030e-01,3.842054148870e-03,3.497089960008e-02,6.878213816936e+05,9.851767621879e-01,4.596132974080e+02,3.171411828193e+02,4.101778294646e+02,4.438493237046e+02,2.663939291106e+06,7.220901568600e+05,4.005496970064e+00,8.966601879245e+02,4.489966672784e+02,4.532215523163e+02,1.009409613358e+00,2.289262206285e-01,3.008305756203e-01,1.449238769062e+00,2.316352543630e+01
8.714524207012e-01,3.869082098007e-03,3.509369006321e-02,6.820537368546e+05,9.853348198953e-01,4.607292221318e+02,3.179154616216e+02,4.097695836002e+02,4.434283439416e+02,2.663379570103e+06,7.202473284819e+05,3.974703262603e+00,8.970931518036e+02,4.489223774486e+02,4.543957021291e+02,1.012192140458e+00,2.293996704088e-01,3.013917778822e-01,1.449219298054e+00,2.316385538274e+01
8.734557595993e-01,3.896204781857e-03,3.521648052633e-02,6.763758081136e+05,9.854903817407e-01,4.618255034080e+02,3.186867049792e+02,4.093658856221e+02,4.430111757799e+02,2.662830662518e+06,7.184218116544e+05,3.944347636145e+00,8.975213785062e+02,4.488502606406e+02,4.555501339819e+02,1.014926744905e+00,2.298734777341e-01,3.019462386701e-01,1.449152086335e+00,2.316421770559e+01
8.754590984975e-01,3.923422200420e-03,3.533927098946e-02,6.707973498573e+05,9.856434766347e-01,4.628962625201e+02,3.194545644282e+02,4.089677181078e+02,4.425978854649e+02,2.662295154930e+06,7.166138806824e+05,3.914478238740e+00,8.979448307697e+02,4.487812886995e+02,4.566792295382e+02,1.017598641115e+00,2.303499409560e-01,3.024942709427e-01,1.449020656032e+00,2.316462642018e+01
8.774624373957e-01,3.950734353696e-03,3.546206145259e-02,6.653181973153e+05,9.857941378693e-01,4.639405695292e+02,3.202188002840e+02,4.085748476046e+02,4.421885719444e+02,2.661770888786e+06,7.148239469042e+05,3.885103535423e+00,8.983634310844e+02,4.487147512108e+02,4.577820727955e+02,1.020207317812e+00,2.308296946365e-01,3.030363959699e-01,1.448823645325e+00,2.316510195877e+01
8.794657762938e-01,3.978141241685e-03,3.558485191572e-02,6.599065958823e+05,9.859424228084e-01,4.649752615259e+02,3.209794477840e+02,4.081837408919e+02,4.417832690515e+02,2.661245171714e+06,7.130521195961e+05,3.856087936955e+00,8.987771489083e+02,4.486461145285e+02,4.588746739656e+02,1.022798725111e+00,2.313070549649e-01,3.035735176488e-01,1.448613812305e+00,2.316565828348e+01
8.814691151920e-01,4.005642864387e-03,3.570764237885e-02,6.544748847818e+05,9.860884499311e-01,4.660505917490e+02,3.217371974673e+02,4.077853368615e+02,4.413817268760e+02,2.660689401979e+06,7.112972389437e+05,3.827029658787e+00,8.991862092252e+02,4.485650135443e+02,4.600049481017e+02,1.025503403547e+00,2.317644985627e-01,3.041071848840e-01,1.448544325672e+00,2.316628038864e+01
8.834724540902e-01,4.033239221801e-03,3.583043284198e-02,6.488595616410e+05,9.862324487995e-01,4.672613751481e+02,3.224939131772e+02,4.073632992676e+02,4.409830603886e+02,2.660055630276e+06,7.095553371088e+05,3.797155567267e+00,8.995914392858e+02,4.484540073206e+02,4.612634441053e+02,1.028563546262e+00,2.321677993273e-01,3.046384402284e-01,1.448899827425e+00,2.316684213959e+01
8.854757929883e-01,4.060930313929e-03,3.595322330511e-02,6.428272969590e+05,9.863747935325e-01,4.687390450507e+02,3.232530908617e+02,4.068946089177e+02,4.405853603454e+02,2.659279095932e+06,7.078179480561e+05,3.765342094827e+00,8.999946650867e+02,4.482896848926e+02,4.627758715075e+02,1.032314342942e+00,2.324666400543e-01,3.051644078252e-01,1.450068253953e+00,2.316696772766e+01
8.874791318865e-01,4.088716140769e-03,3.607601376824e-02,6.361660385535e+05,9.865159389050e-01,4.706119879832e+02,3.240199119157e+02,4.063589522835e+02,4.401855680622e+02,2.658307618360e+06,7.060716157311e+05,3.730531899377e+00,9.003988856237e+02,4.480532920032e+02,4.646653833447e+02,1.037076150623e+00,2.326128599515e-01,3.056815349419e-01,1.452416875249e+00,2.316624289115e+01
8.894824707846e-01,4.116596702322e-03,3.619880423137e-02,6.289368695438e+05,9.866561475862e-01,4.729154767694e+02,3.247999574655e+02,4.057684786418e+02,4.397800548320e+02,2.657208907566e+06,7.043005674659e+05,3.692821799705e+00,9.008078271215e+02,4.477677182412e+02,4.669667246421e+02,1.042877156210e+00,2.326094041526e-01,3.062036533971e-01,1.456020747231e+00,2.316517886868e+01
8.914858096828e-01,4.144571998588e-03,3.632159469449e-02,6.217310046871e+05,9.867950430185e-01,4.753126581335e+02,3.255930249431e+02,4.052029134317e+02,4.393663671089e+02,2.656314852634e+06,7.024944647427e+05,3.654496946184e+00,9.012243201244e+02,4.475476640332e+02,4.693584579202e+02,1.048734013469e+00,2.325575678023e-01,3.066982279723e-01,1.459836733961e+00,2.316340307281e+01
8.934891485810e-01,4.172642029567e-03,3.644438515762e-02,6.154037434230e+05,9.869313799148e-01,4.763742589785e+02,3.263781045671e+02,4.047593960221e+02,4.389474088553e+02,2.655958375453e+06,7.006664609309e+05,3.619411105388e+00,9.016458991345e+02,4.475211997452e+02,4.704691699866e+02,1.051277951200e+00,2.326292698589e-01,3.067459382578e-01,1.459577870919e+00,2.314757319503e+01
8.954924874791e-01,4.200806795259e-03,3.656717562075e-02,6.143395441827e+05,9.870632243695e-01,4.752662393670e+02,3.271248996937e+02,4.047726963952e+02,4.385399937895e+02,2.656563891375e+06,6.988922303732e+05,3.611369368795e+00,9.020582048255e+02,4.478540324020e+02,4.695124592826e+02,1.048360459689e+00,2.339872828195e-01,3.073795386682e-01,1.452858647605e+00,2.315323075005e+01
8.974958263773e-01,4.229066295663e-03,3.668996608388e-02,6.212578162312e+05,9.871876917377e-01,4.694604792274e+02,3.278105149788e+02,4.055709510434e+02,4.381752814986e+02,2.659264949168e+06,6.973088706583e+05,3.642188368682e+00,9.024314599454e+02,4.489605387152e+02,4.640579686679e+02,1.033627521020e+00,2.372068862201e-01,3.081237179365e-01,1.432109275866e+00,2.316757280698e+01
8.994991652755e-01,4.257420530781e-03,3.681275654701e-02,6.383416794514e+05,9.872998672520e-01,4.573490452314e+02,3.284724583422e+02,4.073826903569e+02,4.378966858049e+02,2.664665989565e+06,6.961063564754e+05,3.721627005794e+00,9.027233832472e+02,4.510850006476e+02,4.525470541667e+02,1.003241192939e+00,2.427072585210e-01,3.085514819552e-01,1.392351272127e+00,2.318721630446e+01
9.015025041736e-01,4.285869500611e-03,3.693554701014e-02,6.639018264273e+05,9.873967785583e-01,4.407782453070e+02,3.288215430928e+02,4.100303400263e+02,4.377511631636e+02,2.672134651735e+06,6.954877637624e+05,3.840633467303e+00,9.028859124403e+02,4.540248935995e+02,4.367151414937e+02,9.618748831841e-01,2.499574242600e-01,3.087835117298e-01,1.340478610863e+00,2.320061839530e+01
9.035058430718e-01,4.314413205154e-03,3.705833747327e-02,6.931000190782e+05,9.874837314773e-01,4.228491993789e+02,3.289731094292e+02,4.130239974905e+02,4.377425389329e+02,2.680236209100e+06,6.954667726094e+05,3.975423550699e+00,9.029125142367e+02,4.572786710897e+02,4.195311670292e+02,9.174518593431e-01,2.578135912792e-01,3.086743758875e-01,1.285360983190e+00,2.320171170437e+01
9.055091819699e-01,4.343051644411e-03,3.718112793640e-02,7.197708901439e+05,9.875646116098e-01,4.069702865974e+02,3.290339211091e+02,4.157507609863e+02,4.378051779014e+02,2.687372389916e+06,6.957543362097e+05,4.097101042072e+00,9.028656868214e+02,4.602173497661e+02,4.042794760129e+02,8.784533573503e-01,2.649108311531e-01,3.083127529031e-01,1.236864227328e+00,2.319574898180e+01
9.075125208681e-01,4.371784818380e-03,3.730391839952e-02,7.406036485791e+05,9.876419203900e-01,3.946100554123e+02,3.290670311776e+02,4.178940412792e+02,4.379110869372e+02,2.692867131787e+06,6.962268268003e+05,4.190850833347e+00,9.027716050399e+02,4.625341923628e+02,3.923905677908e+02,8.483493204824e-01,2.706049109641e-01,3.079077399845e-01,1.199178337618e+00,2.319038921070e+01
9.095158597663e-01,4.400612727061e-03,3.742670886265e-02,7.560056616668e+05,9.877169815186e-01,3.852584199429e+02,3.290891897059e+02,4.195023560301e+02,4.380445229000e+02,2.696956203317e+06,6.968160221688e+05,4.259137972806e+00,9.026463551419e+02,4.642925009376e+02,3.833867087432e+02,8.257439178298e-01,2.750628082413e-01,3.075709402334e-01,1.170680873131e+00,2.318858343706e+01
9.115191986644e-01,4.429535370456e-03,3.754949932578e-02,7.681471905208e+05,9.877903036190e-01,3.776780326889e+02,3.290989208121e+02,4.207874877442e+02,4.381943761417e+02,2.700201484994e+06,6.974748502068e+05,4.312317117595e+00,9.025024425010e+02,4.657097277907e+02,3.760819952551e+02,8.075459300351e-01,2.787931235066e-01,3.073000456258e-01,1.147612492186e+00,2.318957148370e+01
9.135225375626e-01,4.458552748564e-03,3.767228978891e-02,7.789308588375e+05,9.878621055042e-01,3.708779798041e+02,3.290926647786e+02,4.219349969809e+02,4.383534485603e+02,2.703067129895e+06,6.981730890749e+05,4.359204773966e+00,9.023482776841e+02,4.669725502590e+02,3.695232167561e+02,7.913167841477e-01,2.822151538728e-01,3.070459280096e-01,1.126971274348e+00,2.319130631709e+01
9.155258764608e-01,4.487664861384e-03,3.779508025204e-02,7.892374651337e+05,9.879326088567e-01,3.644072034335e+02,3.290705522463e+02,4.230336346427e+02,4.385166756035e+02,2.705776940394e+06,6.988892108478e+05,4.403783924863e+00,9.021895046813e+02,4.681717151410e+02,3.632760948471e+02,7.759462673598e-01,2.855179817450e-01,3.067722317754e-01,1.107383206871e+00,2.319234411192e+01
9.175292153589e-01,4.516871708917e-03,3.791787071517e-02,7.991701326879e+05,9.880020887442e-01,3.582061177062e+02,3.290358001655e+02,4.240953069688e+02,4.386797512496e+02,2.708367392915e+06,6.996045397799e+05,4.446508277912e+00,9.020305378095e+02,4.693211164516e+02,3.572839411623e+02,7.612782136539e-01,2.887265303295e-01,3.064784233801e-01,1.088653932265e+00,2.319251346790e+01
9.195325542571e-01,4.546173291164e-03,3.804066117830e-02,8.085676304986e+05,9.880708240151e-01,3.523427219933e+02,3.289921073050e+02,4.251048228840e+02,4.388389590860e+02,2.710809467548e+06,7.003028089395e+05,4.486671945436e+00,9.018750440766e+02,4.704075801347e+02,3.516133793975e+02,7.474653773581e-01,2.918124724368e-01,3.061826406013e-01,1.070976215446e+00,2.319226254455e+01
9.215358931553e-01,4.575569608123e-03,3.816345164143e-02,8.173255284433e+05,9.881390850917e-01,3.468561533058e+02,3.289423128972e+02,4.260520746170e+02,4.389912805606e+02,2.713085278813e+06,7.009708141730e+05,4.523839940612e+00,9.017260280398e+02,4.714229593299e+02,3.463031247079e+02,7.345911306486e-01,2.947604315007e-01,3.059023181687e-01,1.054458911810e+00,2.319194168541e+01
9.235392320534e-01,4.605060659795e-03,3.828624210456e-02,8.254550635700e+05,9.882072057229e-01,3.417313534814e+02,3.288884830890e+02,4.269381553146e+02,4.391320117486e+02,2.715202523510e+06,7.015880728182e+05,4.558092158693e+00,9.015882835450e+02,4.723698780266e+02,3.413393533424e+02,7.226103297873e-01,2.975796465947e-01,3.056482100169e-01,1.039049316266e+00,2.319153225909e+01
9.255425709516e-01,4.634646446179e-03,3.840903256768e-02,8.330225041900e+05,9.882756514292e-01,3.369314707766e+02,3.288325231579e+02,4.277700201608e+02,4.392490493907e+02,2.717181936615e+06,7.021019069343e+05,4.589738837886e+00,9.014741617893e+02,4.732568964109e+02,3.366870051358e+02,7.114254598068e-01,3.002906171233e-01,3.054276586083e-01,1.024629399613e+00,2.319080875040e+01
9.275459098497e-01,4.664326967277e-03,3.853182303081e-02,8.401018227225e+05,9.883447784181e-01,3.324295655486e+02,3.287764914185e+02,4.285557849883e+02,4.393264958598e+02,2.719046092465e+06,7.024431065367e+05,4.619111903192e+00,9.013998927259e+02,4.740935495294e+02,3.323205020802e+02,7.009597629204e-01,3.029120230876e-01,3.052503357735e-01,1.011111117204e+00,2.318992981104e+01
9.295492487479e-01,4.694102223088e-03,3.865461349394e-02,8.467499157702e+05,9.884139213377e-01,3.282037415728e+02,3.287217004334e+02,4.293005648871e+02,4.393774123005e+02,2.720807942790e+06,7.026685510736e+05,4.646488253499e+00,9.013522843027e+02,4.748847489311e+02,3.282190394372e+02,6.911551490671e-01,3.054480689333e-01,3.051136290451e-01,9.984243241019e-01,2.318986179853e+01
9.315525876461e-01,4.723972213611e-03,3.877740395707e-02,8.529713725792e+05,9.884808258575e-01,3.241679868522e+02,3.286663645726e+02,4.300014375585e+02,4.394615730270e+02,2.722458278997e+06,7.030385346734e+05,4.671966254156e+00,9.012706198407e+02,4.756250722350e+02,3.242994754171e+02,6.818384781382e-01,3.078757362708e-01,3.049469066885e-01,9.863132397918e-01,2.319109060880e+01
9.335559265442e-01,4.753936938847e-03,3.890019442020e-02,8.590660272064e+05,9.885456598824e-01,3.201858897605e+02,3.286073939638e+02,4.306880756379e+02,4.395784309248e+02,2.724063350702e+06,7.035508688940e+05,4.696858670482e+00,9.011556027034e+02,4.763422579780e+02,3.204295809573e+02,6.726877063510e-01,3.102570380084e-01,3.047287809057e-01,9.743721402563e-01,2.319243550016e+01
9.355592654424e-01,4.783996398796e-03,3.902298488333e-02,8.651275950219e+05,9.886086080249e-01,3.162206700429e+02,3.285430613174e+02,4.313695578405e+02,4.397250442607e+02,2.725643397560e+06,7.041928294907e+05,4.721577679195e+00,9.010102308707e+02,4.770446712051e+02,3.165737397820e+02,6.636144556068e-01,3.126126479492e-01,3.044574797049e-01,9.624938319346e-01,2.319348327645e+01
9.375626043406e-01,4.814150593458e-03,3.914577534646e-02,8.711208516698e+05,9.886698002046e-01,3.122923356506e+02,3.284722920279e+02,4.320421717054e+02,4.398986507955e+02,2.727191065581e+06,7.049524061337e+05,4.745975859485e+00,9.008372340532e+02,4.777291461780e+02,3.127514864821e+02,6.546627707021e-01,3.149368621260e-01,3.041418579496e-01,9.507417923216e-01,2.319431740151e+01
9.395659432387e-01,4.844399522833e-03,3.926856580959e-02,8.770020885634e+05,9.887293294726e-01,3.084232261948e+02,3.283939820301e+02,4.327016101229e+02,4.400966592195e+02,2.728698450196e+06,7.058183304648e+05,4.769865710632e+00,9.006391599854e+02,4.783924530117e+02,3.089846428167e+02,6.458810979803e-01,3.172216055152e-01,3.037908072994e-01,9.391865961981e-01,2.319508507577e+01
9.415692821369e-01,4.874743186921e-03,3.939135627272e-02,8.827589886154e+05,9.887872647760e-01,3.046211705157e+02,3.283068671023e+02,4.333468905044e+02,4.403166384999e+02,2.730164840134e+06,7.067800501958e+05,4.793193056750e+00,9.004184125136e+02,4.790345054341e+02,3.052809349160e+02,6.372838103580e-01,3.194645159031e-01,3.034096654155e-01,9.278550071292e-01,2.319584498582e+01
9.435726210351e-01,4.905181585722e-03,3.951414673584e-02,8.883992974542e+05,9.888436602487e-01,3.008850051439e+02,3.282096248751e+02,4.339790056251e+02,4.405563320810e+02,2.731593556672e+06,7.078277832345e+05,4.815990349378e+00,9.001772321174e+02,4.796568479551e+02,3.016393405721e+02,6.288648684118e-01,3.216669609694e-01,3.030013942997e-01,9.167464398964e-01,2.319659545851e+01
9.455759599332e-01,4.935714719235e-03,3.963693719897e-02,8.939341886403e+05,9.888985611894e-01,2.972119929043e+02,3.281009574381e+02,4.345992265270e+02,4.408136512468e+02,2.732988273226e+06,7.089524785178e+05,4.838305517332e+00,8.999176938006e+02,4.802611295171e+02,2.980572980200e+02,6.206150773011e-01,3.238309033792e-01,3.025683308657e-01,9.058553051021e-01,2.319732696276e+01
9.475792988314e-01,4.966342587461e-03,3.975972766210e-02,8.993721316094e+05,9.889520070072e-01,2.936004947766e+02,3.279796058508e+02,4.352085238788e+02,4.410866539065e+02,2.734351861432e+06,7.101457194896e+05,4.860175177678e+00,8.996417259806e+02,4.808486429642e+02,2.945333060659e+02,6.125281008391e-01,3.259577334546e-01,3.021129016997e-01,8.951791194914e-01,2.319804170360e+01
9.495826377295e-01,4.997065190401e-03,3.988251812523e-02,9.047196506251e+05,9.890040323883e-01,2.900496414151e+02,3.278443330229e+02,4.358076732826e+02,4.413735248753e+02,2.735686679742e+06,7.113996381301e+05,4.881627443090e+00,8.993511319082e+02,4.814204535247e+02,2.910666061137e+02,6.045995843815e-01,3.280484126999e-01,3.016375905714e-01,8.847175692825e-01,2.319874969689e+01
9.515859766277e-01,5.027882528053e-03,4.000530858836e-02,9.099830681220e+05,9.890546678181e-01,2.865585957910e+02,3.276939069385e+02,4.363974350225e+02,4.416725635540e+02,2.736994974932e+06,7.127068615480e+05,4.902689261154e+00,8.990476045194e+02,4.819775652686e+02,2.876564650987e+02,5.968254247236e-01,3.301038104897e-01,3.011447693444e-01,8.744703203920e-01,2.319946144699e+01
9.535893155259e-01,5.058794600418e-03,4.012809905149e-02,9.151691147236e+05,9.891039399499e-01,2.831263036994e+02,3.275270926266e+02,4.369786089498e+02,4.419821772811e+02,2.738278999299e+06,7.140604825555e+05,4.923389098319e+00,8.987327328963e+02,4.825209682610e+02,2.843019326977e+02,5.892011982865e-01,3.321248282453e-01,3.006366398363e-01,8.644362865645e-01,2.320018501143e+01
9.555926544240e-01,5.089801407495e-03,4.025088951462e-02,9.202847811287e+05,9.891518719547e-01,2.797515629584e+02,3.273426501163e+02,4.375520128981e+02,4.423008772771e+02,2.739540969896e+06,7.154540418928e+05,4.943756437825e+00,8.984080061601e+02,4.830516220402e+02,2.810019088857e+02,5.817223171695e-01,3.341123800332e-01,3.001152603590e-01,8.546138514460e-01,2.320092624923e+01
9.575959933222e-01,5.120902949286e-03,4.037367997775e-02,9.253370520196e+05,9.891984838179e-01,2.764331149776e+02,3.271393352035e+02,4.381184037366e+02,4.426272755555e+02,2.740783015201e+06,7.168815154622e+05,4.963820897183e+00,8.980748172418e+02,4.835704832351e+02,2.777552334700e+02,5.743841758327e-01,3.360673555364e-01,2.995825746611e-01,8.450011515909e-01,2.320168942370e+01
9.595993322204e-01,5.152099225790e-03,4.049647044088e-02,9.303328206185e+05,9.892437925878e-01,2.731696875411e+02,3.269159024962e+02,4.386785277205e+02,4.429600826401e+02,2.742007162761e+06,7.183373042167e+05,4.983611572866e+00,8.977344649584e+02,4.840785417066e+02,2.745607282414e+02,5.671821917026e-01,3.379905932065e-01,2.990404168150e-01,8.355962051870e-01,2.320247720234e+01
9.616026711185e-01,5.183390237006e-03,4.061926090400e-02,9.352788422754e+05,9.892878125984e-01,2.699600110130e+02,3.266711112906e+02,4.392331305296e+02,4.432981054883e+02,2.743215334337e+06,7.198162250988e+05,5.003156800372e+00,8.973881557967e+02,4.845767240063e+02,2.714172132831e+02,5.601119489171e-01,3.398828720528e-01,2.984905137233e-01,8.263969530284e-01,2.320329080368e+01
9.636060100167e-01,5.214775982935e-03,4.074205136713e-02,9.401817137523e+05,9.893305556728e-01,2.668028154630e+02,3.264037336189e+02,4.397829316819e+02,4.436402454072e+02,2.744409345865e+06,7.213135020714e+05,5.022484199424e+00,8.970370056326e+02,4.850658846093e+02,2.683235046902e+02,5.531691945441e-01,3.417449161097e-01,2.979344839921e-01,8.174012365144e-01,2.320413020124e+01
9.656093489149e-01,5.246256463577e-03,4.086484183026e-02,9.450478631613e+05,9.893720313179e-01,2.636968284278e+02,3.261125637298e+02,4.403286228849e+02,4.439854957914e+02,2.745590908767e+06,7.228247564759e+05,5.041620651632e+00,8.966820415731e+02,4.855468092863e+02,2.652784129038e+02,5.463498221597e-01,3.435773958756e-01,2.973738332962e-01,8.086067749486e-01,2.320499431868e+01
9.676126878130e-01,5.277831678933e-03,4.098763229339e-02,9.498835243239e+05,9.894122469132e-01,2.606407799975e+02,3.257964280693e+02,4.408708649516e+02,4.443329396003e+02,2.746761627904e+06,7.243459963300e+05,5.060592212185e+00,8.963242040104e+02,4.860202168027e+02,2.622807481642e+02,5.396498727762e-01,3.453809268382e-01,2.968099524065e-01,8.000111650764e-01,2.320588135361e+01
9.696160267112e-01,5.309501629000e-03,4.111042275652e-02,9.546947083297e+05,9.894512078955e-01,2.576334098095e+02,3.254541947163e+02,4.414102846856e+02,4.446817464961e+02,2.747922999270e+06,7.258736042167e+05,5.079424007062e+00,8.959643489941e+02,4.864867602497e+02,2.593293277799e+02,5.330655404616e-01,3.471560673962e-01,2.962441167817e-01,7.916118888375e-01,2.320678912080e+01
9.716193656093e-01,5.341266313781e-03,4.123321321965e-02,9.594871796834e+05,9.894889179394e-01,2.546734729615e+02,3.250847814895e+02,4.419474724257e+02,4.450311696283e+02,2.749076408814e+06,7.274043236881e+05,5.098140147068e+00,8.956032509609e+02,4.869470285914e+02,2.564229822819e+02,5.265931759018e-01,3.489033175751e-01,2.956774871819e-01,7.834063218667e-01,2.320771534212e+01
9.736227045075e-01,5.373125733275e-03,4.135600368278e-02,9.642664375160e+05,9.895253791344e-01,2.517597446006e+02,3.246871623120e+02,4.424829802333e+02,4.453805420874e+02,2.750223132335e+06,7.289352442731e+05,5.116763661472e+00,8.952416058104e+02,4.874015484268e+02,2.535605602170e+02,5.202292874027e-01,3.506231186566e-01,2.951111113884e-01,7.753917426483e-01,2.320865785628e+01
9.756260434057e-01,5.405079887481e-03,4.147879414591e-02,9.690377008361e+05,9.895605921567e-01,2.488910236759e+02,3.242603717606e+02,4.430173205944e+02,4.457292730722e+02,2.751364336160e+06,7.304637852637e+05,5.135316447183e+00,8.948800343033e+02,4.878507858942e+02,2.507409320584e+02,5.139705403955e-01,3.523158535006e-01,2.945459271777e-01,7.675653436295e-01,2.320961475133e+01
9.776293823038e-01,5.437128776401e-03,4.160158460904e-02,9.738058990129e+05,9.895945564444e-01,2.460661365686e+02,3.238035079792e+02,4.435509657532e+02,4.460768437724e+02,2.752501078889e+06,7.319876784853e+05,5.153819238039e+00,8.945190869360e+02,4.882951488525e+02,2.479629939332e+02,5.078137567329e-01,3.539818476295e-01,2.939827670298e-01,7.599242457385e-01,2.321058446110e+01
9.796327212020e-01,5.469272400033e-03,4.172437507216e-02,9.785756606623e+05,9.896272703281e-01,2.432839393144e+02,3.233157342257e+02,4.440843340740e+02,4.464228033391e+02,2.753634313040e+06,7.335049502244e+05,5.172291602834e+00,8.941592456003e+02,4.887350181616e+02,2.452256699314e+02,5.017558816511e-01,3.556213715874e-01,2.934223637439e-01,7.524655114513e-01,2.321156580177e+01
9.816360601002e-01,5.501510758378e-03,4.184716553529e-02,9.833513054937e+05,9.896587311886e-01,2.405433185181e+02,3.227962793761e+02,4.446177805226e+02,4.467667645514e+02,2.754764887152e+06,7.350139026018e+05,5.190751906918e+00,8.938009271041e+02,4.891708194316e+02,2.425279130985e+02,4.957939097437e-01,3.572346419635e-01,2.928653543770e-01,7.451861557482e-01,2.321255785934e+01
9.836393989983e-01,5.533843851436e-03,4.196995599842e-02,9.881368499154e+05,9.896889356165e-01,2.378431981493e+02,3.222444378673e+02,4.451516502162e+02,4.471083993191e+02,2.755893549704e+06,7.365130945803e+05,5.209217195710e+00,8.934444883612e+02,4.896029048374e+02,2.398687121526e+02,4.899250183826e-01,3.588218187235e-01,2.923122862788e-01,7.380831759996e-01,2.321355993992e+01
9.856427378965e-01,5.566271679207e-03,4.209274646155e-02,9.929359931325e+05,9.897178795494e-01,2.351825411888e+02,3.216595692133e+02,4.456862475767e+02,4.474474343071e+02,2.757020949649e+06,7.380013225596e+05,5.227703281289e+00,8.930902303986e+02,4.900315747840e+02,2.372470931340e+02,4.841465434927e-01,3.603830114830e-01,2.917636272072e-01,7.311535663745e-01,2.321457163685e+01
9.876460767947e-01,5.598794241691e-03,4.221553692468e-02,9.977521270418e+05,9.897455584051e-01,2.325603460877e+02,3.210410971451e+02,4.462218359220e+02,4.477836462697e+02,2.758147641576e+06,7.394776012621e+05,5.246224813564e+00,8.927384031547e+02,4.904570839802e+02,2.346621159738e+02,4.784559620782e-01,3.619182848962e-01,2.912197701958e-01,7.243943163531e-01,2.321559272257e+01
9.896494156928e-01,5.631411538887e-03,4.233832738781e-02,1.002588343935e+06,9.897719671994e-01,2.299756467483e+02,3.203885086647e+02,4.467586388589e+02,4.481168576708e+02,2.759274089997e+06,7.409411450050e+05,5.264795288922e+00,8.923892096077e+02,4.908796441343e+02,2.321128745006e+02,4.728508856992e-01,3.634276611878e-01,2.906810387362e-01,7.178024196523e-01,2.321662305989e+01
9.916527545910e-01,5.664123570797e-03,4.246111785094e-02,1.007447437223e+06,9.897971006563e-01,2.274275147276e+02,3.197013531065e+02,4.472968409712e+02,4.484469325003e+02,2.760400672240e+06,7.423913493653e+05,5.283427052746e+00,8.920428096822e+02,4.912994261288e+02,2.295984986107e+02,4.673290592253e-01,3.649111224041e-01,2.901476936078e-01,7.113748894638e-01,2.321766257556e+01
9.936560934891e-01,5.696930337419e-03,4.258390831407e-02,1.012331905380e+06,9.898209533118e-01,2.249150602011e+02,3.189792411884e+02,4.478365888242e+02,4.487737721636e+02,2.761527681976e+06,7.438277733659e+05,5.302131319219e+00,8.916993242143e+02,4.917165623151e+02,2.271181552228e+02,4.618883572956e-01,3.663686133282e-01,2.896199391865e-01,7.051087693455e-01,2.321871123232e+01
9.956594323873e-01,5.729831838754e-03,4.270669877719e-02,1.017243958815e+06,9.898435196090e-01,2.224374319350e+02,3.182218440634e+02,4.483779922593e+02,4.490973115239e+02,2.762655333182e+06,7.452501223082e+05,5.320918202824e+00,8.913588388159e+02,4.921311488644e+02,2.246710482581e+02,4.565267790435e-01,3.678000448155e-01,2.890979291557e-01,6.990011405083e-01,2.321976899682e+01
9.976627712855e-01,5.762828074802e-03,4.282948924032e-02,1.022185527713e+06,9.898647939864e-01,2.199938170343e+02,3.174288923868e+02,4.489211257719e+02,4.494175151186e+02,2.763783764109e+06,7.466582313410e+05,5.339796753683e+00,8.910214076125e+02,4.925432480359e+02,2.222564183991e+02,4.512424427407e-01,3.692052972089e-01,2.885817719639e-01,6.930491278853e-01,2.322083581459e+01
9.996661101836e-01,5.795919045563e-03,4.295227970345e-02,1.027158270358e+06,9.898847709587e-01,2.175834407821e+02,3.166001754002e+02,4.494660299401e+02,4.497343735665e+02,2.764913041221e+06,7.480520498376e+05,5.358774994477e+00,8.906870568335e+02,4.929528903612e+02,2.198735429342e+02,4.460335809637e-01,3.705842237404e-01,2.880715362298e-01,6.872499059959e-01,2.322191159816e+01
1.001669449082e+00,5.829104751037e-03,4.307507016658e-02,1.032163581102e+06,9.899034451914e-01,2.152055664350e+02,3.157355400255e+02,4.500127128631e+02,4.500479001748e+02,2.766043163066e+06,7.494316266306e+05,5.377859954891e+00,8.903557882381e+02,4.933600767440e+02,2.175217355588e+02,4.408985360031e-01,3.719366537364e-01,2.875672558255e-01,6.816007042402e-01,2.322299621932e+01
1.003672787980e+00,5.862385191223e-03,4.319786062971e-02,1.037202596099e+06,9.899208115741e-01,2.128594944372e+02,3.148348899608e+02,4.505611419628e+02,4.503581278568e+02,2.767174063790e+06,7.507970961191e+05,5.397057684063e+00,8.900275829888e+02,4.937648116865e+02,2.152003456088e+02,4.358357268792e-01,3.732623947539e-01,2.870689333672e-01,6.760988099627e-01,2.322408946617e+01
1.005676126878e+00,5.895760366123e-03,4.332065109284e-02,1.042276208330e+06,9.899368652750e-01,2.105445636254e+02,3.138981848273e+02,4.511112482796e+02,4.506651060464e+02,2.768305617997e+06,7.521486652150e+05,5.416373228869e+00,8.897024040758e+02,4.941671399118e+02,2.129087592488e+02,4.308436196038e-01,3.745612331889e-01,2.865765441613e-01,6.707415773724e-01,2.322519102985e+01
1.007679465776e+00,5.929230275735e-03,4.344344155597e-02,1.047385072070e+06,9.899516017983e-01,2.082601510936e+02,3.129254393129e+02,4.516629581207e+02,4.509688977542e+02,2.769437643224e+06,7.534866010524e+05,5.435810705844e+00,8.893801985866e+02,4.945670422461e+02,2.106463993335e+02,4.259208182916e-01,3.758329390719e-01,2.860900425102e-01,6.655264319542e-01,2.322630056152e+01
1.009682804674e+00,5.962794920061e-03,4.356623201910e-02,1.052529614865e+06,9.899650170387e-01,2.060056684314e+02,3.119167222227e+02,4.522161714915e+02,4.512695770900e+02,2.770569904043e+06,7.548112197730e+05,5.455373399865e+00,8.890609010334e+02,4.949644789495e+02,2.084127217188e+02,4.210660170223e-01,3.770772716478e-01,2.856093650696e-01,6.604508631773e-01,2.322741766563e+01
1.011686143573e+00,5.996454299099e-03,4.368902248223e-02,1.057710051197e+06,9.899771073255e-01,2.037805590535e+02,3.108721554966e+02,4.527707631787e+02,4.515672269221e+02,2.771702116325e+06,7.561228763194e+05,5.475063821366e+00,8.887444358071e+02,4.953593935987e+02,2.062072126459e+02,4.162779899011e-01,3.782939830876e-01,2.851344333871e-01,6.555124203001e-01,2.322854187300e+01
1.013689482471e+00,6.030208412850e-03,4.381181294535e-02,1.062926391757e+06,9.899878694623e-01,2.015842971466e+02,3.097919132210e+02,4.533265842354e+02,4.518619367490e+02,2.772833950589e+06,7.574219551390e+05,5.494883745077e+00,8.884307194220e+02,4.957517145111e+02,2.040293877087e+02,4.115555866709e-01,3.794828213237e-01,2.846651570954e-01,6.507087129893e-01,2.322967264577e+01
1.015692821369e+00,6.064057261314e-03,4.393460340848e-02,1.068178452517e+06,9.899973007622e-01,1.994163865832e+02,3.086762206157e+02,4.538834634706e+02,4.521538007725e+02,2.773965035312e+06,7.587088617571e+05,5.514834247109e+00,8.881196625652e+02,4.961413560951e+02,2.018787907895e+02,4.068977284587e-01,3.806435327267e-01,2.842014368324e-01,6.460374115812e-01,2.323080938357e+01
1.017696160267e+00,6.098000844490e-03,4.405739387161e-02,1.073465865202e+06,9.900053990787e-01,1.972763596468e+02,3.075253529886e+02,4.544412091007e+02,4.524429161479e+02,2.775094960420e+06,7.599840151926e+05,5.534915748886e+00,8.878111719283e+02,4.965282202312e+02,1.997549928096e+02,4.023034032519e-01,3.817758649776e-01,2.837431670419e-01,6.414962465033e-01,2.323195143606e+01
1.019699499165e+00,6.132039162380e-03,4.418018433474e-02,1.078788085219e+06,9.900121628328e-01,1.951637751896e+02,3.063396346281e+02,4.549996101021e+02,4.527293814279e+02,2.776223280270e+06,7.612478411648e+05,5.555128077005e+00,8.875051519156e+02,4.969121975658e+02,1.976575899241e+02,3.977716604510e-01,3.828795705062e-01,2.832902385862e-01,6.370830056857e-01,2.323309811787e+01
1.021702838063e+00,6.166172214982e-03,4.430297479787e-02,1.084144403767e+06,9.900175910367e-01,1.930782166207e+02,3.051194376310e+02,4.555584378441e+02,4.530132952932e+02,2.777349517267e+06,7.625007660894e+05,5.575470504258e+00,8.872015062574e+02,4.972931687302e+02,1.955862015529e+02,3.933016052730e-01,3.839544089909e-01,2.828425402521e-01,6.327955312181e-01,2.323424869755e+01
1.023706176962e+00,6.200400002298e-03,4.442576526100e-02,1.089533957364e+06,9.900216833125e-01,1.910192914696e+02,3.038651807254e+02,4.561174477418e+02,4.532947553014e+02,2.778473164911e+06,7.637432118340e+05,5.595941763775e+00,8.869001391635e+02,4.976710053253e+02,1.935404699578e+02,3.888923965567e-01,3.850001486792e-01,2.823999607596e-01,6.286317208624e-01,2.323540240822e+01
1.025709515860e+00,6.234722524326e-03,4.454855572413e-02,1.094955732414e+06,9.900244399117e-01,1.889866306018e+02,3.025773280534e+02,4.566763803615e+02,4.535738568327e+02,2.779593690055e+06,7.649755910902e+05,5.616540064239e+00,8.866009564544e+02,4.980455707106e+02,1.915200594807e+02,3.845432441201e-01,3.860165676998e-01,2.819623903642e-01,6.245895282953e-01,2.323655845057e+01
1.027712854758e+00,6.269139781067e-03,4.467134618726e-02,1.100408573783e+06,9.900258617353e-01,1.869798870246e+02,3.012563879277e+02,4.572349564620e+02,4.538506921335e+02,2.780710535897e+06,7.661983031429e+05,5.637263066500e+00,8.863038666179e+02,4.984167424791e+02,1.895246553862e+02,3.802533888479e-01,3.870034537472e-01,2.815297205714e-01,6.206669618224e-01,2.323771593627e+01
1.029716193656e+00,6.303651772521e-03,4.479413665039e-02,1.105891201336e+06,9.900259503521e-01,1.849987373703e+02,2.999029116490e+02,4.577928863828e+02,4.541253495238e+02,2.781823125980e+06,7.674117303502e+05,5.658107867011e+00,8.860087817071e+02,4.987844147824e+02,1.875539653240e+02,3.760221044713e-01,3.879606040098e-01,2.811018468593e-01,6.168620916453e-01,2.323887394306e+01
1.031719532554e+00,6.338258498688e-03,4.491692711351e-02,1.111402207088e+06,9.900247080097e-01,1.830428784602e+02,2.985174921563e+02,4.583498852360e+02,4.543979127406e+02,2.782930864670e+06,7.686162351952e+05,5.679071148248e+00,8.857156180927e+02,4.991484431967e+02,1.856077159573e+02,3.718487325506e-01,3.888878319057e-01,2.806786719561e-01,6.131730410100e-01,2.324003159706e+01
1.033722871452e+00,6.372959959567e-03,4.503971757664e-02,1.116940074662e+06,9.900221376449e-01,1.811120226497e+02,2.971007625363e+02,4.589056592404e+02,4.546684606005e+02,2.784033141722e+06,7.698121579702e+05,5.700149228948e+00,8.854242973253e+02,4.995086802881e+02,1.836856484119e+02,3.677326454186e-01,3.897849694460e-01,2.802601038592e-01,6.095979731037e-01,2.324118798567e+01
1.035726210351e+00,6.407756155160e-03,4.516250803977e-02,1.122503186445e+06,9.900182428865e-01,1.792058969442e+02,2.956533945290e+02,4.594599065847e+02,4.549370664037e+02,2.785129334489e+06,7.709998149826e+05,5.721338088750e+00,8.851347463463e+02,4.998649769404e+02,1.817875174195e+02,3.636732433871e-01,3.906518684208e-01,2.798460567732e-01,6.061350901439e-01,2.324234217444e+01
1.037729549249e+00,6.442647085465e-03,4.528529850290e-02,1.128089830366e+06,9.900130280609e-01,1.773242421467e+02,2.941760969803e+02,4.600123185884e+02,4.552037975118e+02,2.786218810148e+06,7.721794972198e+05,5.742633391426e+00,8.848468977636e+02,5.002171828984e+02,1.799130904923e+02,3.596699526590e-01,3.914884015003e-01,2.794364519758e-01,6.027826324672e-01,2.324349322037e+01
1.039732888147e+00,6.477632750484e-03,4.540808896603e-02,1.133698207886e+06,9.900064981967e-01,1.754668115691e+02,2.926696142235e+02,4.605625809768e+02,4.554687152637e+02,2.787300928141e+06,7.733514693885e+05,5.764030512150e+00,8.845606903246e+02,5.005651473532e+02,1.780621466706e+02,3.557222223962e-01,3.922944633519e-01,2.790312181741e-01,5.995388760622e-01,2.324464017821e+01
1.041736227045e+00,6.512713150215e-03,4.553087942916e-02,1.139326442152e+06,9.899986590257e-01,1.736333696794e+02,2.911347243982e+02,4.611103751584e+02,4.557318748460e+02,2.788375042582e+06,7.745159693146e+05,5.785524565018e+00,8.842760691042e+02,5.009087195008e+02,1.762344752086e+02,3.518295217226e-01,3.930699716844e-01,2.786302916706e-01,5.964021297641e-01,2.324578210305e+01
1.043739565943e+00,6.547888284659e-03,4.565366989229e-02,1.144972585837e+06,9.899895169826e-01,1.718236908357e+02,2.895722377085e+02,4.616553794574e+02,4.559933252444e+02,2.789440504562e+06,7.756732076974e+05,5.807110428893e+00,8.839929856052e+02,5.012477490507e+02,1.744298743469e+02,3.479913369731e-01,3.938148681283e-01,2.782336164362e-01,5.933707326207e-01,2.324691805330e+01
1.045742904841e+00,6.583158153816e-03,4.577646035542e-02,1.150634628688e+06,9.899790792037e-01,1.700375581031e+02,2.879829946224e+02,4.621972703022e+02,4.562531092650e+02,2.790496664345e+06,7.768233681677e+05,5.828782771743e+00,8.837113977811e+02,5.015820866902e+02,1.726481501649e+02,3.442071691678e-01,3.945291189642e-01,2.778411441006e-01,5.904430514239e-01,2.324804709377e+01
1.047746243740e+00,6.618522757686e-03,4.589925081855e-02,1.156310505240e+06,9.899673535239e-01,1.682747622750e+02,2.863678640101e+02,4.627357234062e+02,4.565112635739e+02,2.791542873539e+06,7.779666074246e+05,5.850536075321e+00,8.834312700411e+02,5.019115845337e+02,1.708891156351e+02,3.404765319251e-01,3.952127157903e-01,2.774528340962e-01,5.876174788558e-01,2.324916830434e+01
1.049749582638e+00,6.653982096268e-03,4.602204128167e-02,1.161998102345e+06,9.899543484749e-01,1.665351011107e+02,2.847277412263e+02,4.632704149412e+02,4.567678187574e+02,2.792578487219e+06,7.791030554871e+05,5.872364658729e+00,8.831525732252e+02,5.022360965586e+02,1.691525898880e+02,3.367989498306e-01,3.958656760567e-01,2.770686539212e-01,5.848924323055e-01,2.325028079426e+01
1.051752921536e+00,6.689536169564e-03,4.614483174480e-02,1.167695260065e+06,9.899400732794e-01,1.648183773787e+02,2.830635461332e+02,4.638010215148e+02,4.570227994379e+02,2.793602865024e+06,7.802328162715e+05,5.894262686544e+00,8.828752844835e+02,5.025554802609e+02,1.674383963123e+02,3.331739537003e-01,3.964880428874e-01,2.766885773490e-01,5.822663484232e-01,2.325138365138e+01
1.053756260434e+00,6.725184977572e-03,4.626762220793e-02,1.173399791616e+06,9.899245378477e-01,1.631243999530e+02,2.813762211751e+02,4.643272173130e+02,4.572762245810e+02,2.794615375251e+06,7.813559684653e+05,5.916224127065e+00,8.825993870791e+02,5.028696110553e+02,1.657463636495e+02,3.296010735301e-01,3.970798828627e-01,2.763125845172e-01,5.797376881095e-01,2.325247595620e+01
1.055759599332e+00,6.760928520293e-03,4.639041267106e-02,1.179109478689e+06,9.899077527690e-01,1.614529828352e+02,2.796667293676e+02,4.648486901431e+02,4.575281076624e+02,2.795615394544e+06,7.824725664829e+05,5.938242849036e+00,8.823248702301e+02,5.031783493389e+02,1.640763250397e+02,3.260798586729e-01,3.976412892573e-01,2.759406641585e-01,5.773049343420e-01,2.325355687215e+01
1.057762938230e+00,6.796766797727e-03,4.651320313419e-02,1.184822083194e+06,9.898897293001e-01,1.598039418115e+02,2.779360521541e+02,4.653651350160e+02,4.577784569140e+02,2.796602310537e+06,7.835826416102e+05,5.960312671828e+00,8.820517288706e+02,5.034815538094e+02,1.624281147613e+02,3.226098623322e-01,3.981723832493e-01,2.755728112097e-01,5.749665816038e-01,2.325462558175e+01
1.059766277129e+00,6.832699809874e-03,4.663599359732e-02,1.190535355389e+06,9.898704793545e-01,1.581770939441e+02,2.761851872815e+02,4.658762520257e+02,4.580272756123e+02,2.797575523752e+06,7.846862032674e+05,5.982427364199e+00,8.817799633665e+02,5.037790881680e+02,1.608015677492e+02,3.191906363838e-01,3.986733130015e-01,2.752090259840e-01,5.727211350508e-01,2.325568127491e+01
1.061769616027e+00,6.868727556734e-03,4.675878406045e-02,1.196247037862e+06,9.898500154899e-01,1.565722576629e+02,2.744151466782e+02,4.663817470210e+02,4.582745623815e+02,2.798534448828e+06,7.857832403299e+05,6.004580652913e+00,8.815095792054e+02,5.040708212674e+02,1.591965197010e+02,3.158217317573e-01,3.991442530839e-01,2.748493143797e-01,5.705671117581e-01,2.325672317251e+01
1.063772954925e+00,6.904850038307e-03,4.688157452358e-02,1.201954871498e+06,9.898283508951e-01,1.549892521664e+02,2.726269543115e+02,4.668813324548e+02,4.585203115130e+02,2.799478516101e+06,7.868737225194e+05,6.026766238597e+00,8.812405866637e+02,5.043566273694e+02,1.576128065051e+02,3.125026974013e-01,3.995854041186e-01,2.744936874333e-01,5.685030394657e-01,2.325775052931e+01
1.065776293823e+00,6.941067254593e-03,4.700436498671e-02,1.207656601657e+06,9.898054993747e-01,1.534278967448e+02,2.708216440353e+02,4.673747282207e+02,4.587645133101e+02,2.800407173156e+06,7.879576018625e+05,6.048977812411e+00,8.809730004586e+02,5.046363863970e+02,1.560502635937e+02,3.092330791044e-01,3.999969923931e-01,2.741421607374e-01,5.665274549651e-01,2.325876263281e+01
1.067779632721e+00,6.977379205591e-03,4.712715544983e-02,1.213349983910e+06,9.897814753343e-01,1.518880102378e+02,2.690002574376e+02,4.678616624194e+02,4.590071545513e+02,2.801319886236e+06,7.890348141386e+05,6.071209071075e+00,8.807068394578e+02,5.049099841516e+02,1.545087254265e+02,3.060124186020e-01,4.003792693522e-01,2.737947539165e-01,5.646389028941e-01,2.325975880352e+01
1.069782971619e+00,7.013785891302e-03,4.724994591296e-02,1.219032789529e+06,9.897562937637e-01,1.503694106141e+02,2.671638416930e+02,4.683418720689e+02,4.592482185525e+02,2.802216141538e+06,7.901052801429e+05,6.093453731067e+00,8.804421261690e+02,5.051773125026e+02,1.529880250951e+02,3.028402529345e-01,4.007325110409e-01,2.734514902167e-01,5.628359349124e-01,2.326073839495e+01
1.071786310518e+00,7.050287311726e-03,4.737273637609e-02,1.224702810661e+06,9.897299702217e-01,1.488719146070e+02,2.653134474390e+02,4.688151037627e+02,4.594876855043e+02,2.803095446419e+06,7.911689070333e+05,6.115705541576e+00,8.801788865690e+02,5.054382695613e+02,1.514879939801e+02,2.997161139215e-01,4.010570174271e-01,2.731123960597e-01,5.611171090047e-01,2.326170079504e+01
1.073789649416e+00,7.086883466864e-03,4.749552683922e-02,1.230357865245e+06,9.897025208179e-01,1.473953373725e+02,2.634501266819e+02,4.692811142806e+02,4.597255328495e+02,2.803957330511e+06,7.922255897688e+05,6.137958296525e+00,8.799171498176e+02,5.056927598377e+02,1.500084614322e+02,2.966395276854e-01,4.013531116247e-01,2.727775005374e-01,5.594809887885e-01,2.326264542776e+01
1.075792988314e+00,7.123574356713e-03,4.761831730235e-02,1.235995801790e+06,9.896739621935e-01,1.459394922211e+02,2.615749307383e+02,4.697396711563e+02,4.599617356141e+02,2.804801346756e+06,7.932752125640e+05,6.160205846166e+00,8.796569479058e+02,5.059406943873e+02,1.485492545253e+02,2.936100143224e-01,4.016211390683e-01,2.724468349618e-01,5.579261430334e-01,2.326357175581e+01
1.077796327212e+00,7.160359981276e-03,4.774110776548e-02,1.241614504043e+06,9.896443115008e-01,1.445041905008e+02,2.596889082172e+02,4.701905532086e+02,4.601962667348e+02,2.805627072381e+06,7.943176503237e+05,6.182442108432e+00,8.793983153040e+02,5.061819909515e+02,1.471101979566e+02,2.906270878585e-01,4.018614666501e-01,2.721204325856e-01,5.564511456911e-01,2.326447928786e+01
1.079799666110e+00,7.197240340552e-03,4.786389822861e-02,1.247211894145e+06,9.896135863825e-01,1.430892413003e+02,2.577931030468e+02,4.706335509304e+02,4.604290973764e+02,2.806434109612e+06,7.953527700306e+05,6.204661074320e+00,8.791412886166e+02,5.064165740364e+02,1.456911137723e+02,2.876902558916e-01,4.020744816156e-01,2.717983278860e-01,5.550545751968e-01,2.326536756944e+01
1.081803005008e+00,7.234215434540e-03,4.798668869174e-02,1.252785935268e+06,9.895818049521e-01,1.416944509258e+02,2.558885525746e+02,4.710684658064e+02,4.606601972402e+02,2.807222086290e+06,7.963804320944e+05,6.226856790930e+00,8.788859062421e+02,5.066443763161e+02,1.442918208738e+02,2.847990180469e-01,4.022605896098e-01,2.714805548064e-01,5.537350127629e-01,2.326623613869e+01
1.083806343907e+00,7.271285263242e-03,4.810947915486e-02,1.258334643002e+06,9.895489857725e-01,1.403196244677e+02,2.539762857949e+02,4.714951105665e+02,4.608895348706e+02,2.807990657651e+06,7.974004916843e+05,6.249023348557e+00,8.786322080452e+02,5.068653393816e+02,1.429121365685e+02,2.819528688683e-01,4.024202128742e-01,2.711671479891e-01,5.524910486369e-01,2.326708458405e+01
1.085809682805e+00,7.308449826656e-03,4.823226961799e-02,1.263856077784e+06,9.895151478304e-01,1.389645644441e+02,2.520573215309e+02,4.719133151995e+02,4.611170779824e+02,2.808739505071e+06,7.984127999270e+05,6.271154988980e+00,8.783802350917e+02,5.070794044994e+02,1.415518752444e+02,2.791513005426e-01,4.025537929860e-01,2.708581437938e-01,5.513212772400e-01,2.326791259507e+01
1.087813021703e+00,7.345709124783e-03,4.835506008112e-02,1.269348355939e+06,9.894803105087e-01,1.376290688904e+02,2.501326666338e+02,4.723229229948e+02,4.613427936685e+02,2.809468337805e+06,7.994172051647e+05,6.293246111464e+00,8.781300291512e+02,5.072865203564e+02,1.402108465176e+02,2.763937950079e-01,4.026617896490e-01,2.705535772132e-01,5.502242899441e-01,2.326871987172e+01
1.089816360601e+00,7.383063157623e-03,4.847785054425e-02,1.274809652285e+06,9.894444935629e-01,1.363129323431e+02,2.482033143349e+02,4.727237902489e+02,4.615666486675e+02,2.810176893167e+06,8.004135541644e+05,6.315291245271e+00,8.778816324761e+02,5.074866436176e+02,1.388888562125e+02,2.736798257831e-01,4.027446782495e-01,2.702534817567e-01,5.491986789475e-01,2.326950613064e+01
1.091819699499e+00,7.420511925176e-03,4.860064100738e-02,1.280238200241e+06,9.894077170986e-01,1.350159467546e+02,2.462702426988e+02,4.731157862422e+02,4.617886096030e+02,2.810864936368e+06,8.014016931019e+05,6.337285041363e+00,8.776350876051e+02,5.076797387676e+02,1.375857072714e+02,2.710088600451e-01,4.028029481838e-01,2.699578899308e-01,5.482430409576e-01,2.327027113030e+01
1.093823038397e+00,7.458055427442e-03,4.872343147051e-02,1.285632294227e+06,9.893700015468e-01,1.337379015421e+02,2.443344131553e+02,4.734987933608e+02,4.620086431703e+02,2.811532260699e+06,8.023814683976e+05,6.359222277493e+00,8.773904371577e+02,5.078657780796e+02,1.363011998157e+02,2.683803589426e-01,4.028371017170e-01,2.696668329489e-01,5.473559774699e-01,2.327101466958e+01
1.095826377295e+00,7.495693664420e-03,4.884622193364e-02,1.290990292119e+06,9.893313676401e-01,1.324785835394e+02,2.423967691244e+02,4.738727071893e+02,4.622267163390e+02,2.812178687660e+06,8.033527276197e+05,6.381097864054e+00,8.771477236086e+02,5.080447415738e+02,1.350351311118e+02,2.657937777162e-01,4.028476528711e-01,2.693803403119e-01,5.465360945936e-01,2.327173658309e+01
1.097829716194e+00,7.533426636112e-03,4.896901239677e-02,1.296310617107e+06,9.892918363863e-01,1.312377770683e+02,2.404582347391e+02,4.742374365247e+02,4.624427965501e+02,2.812804066924e+06,8.043153203675e+05,6.402906848117e+00,8.769069890629e+02,5.082166169391e+02,1.337872956549e+02,2.632485660557e-01,4.028351262648e-01,2.690984395116e-01,5.457820033102e-01,2.327243673982e+01
1.099833055092e+00,7.571254342516e-03,4.909180285990e-02,1.301591759157e+06,9.892514290436e-01,1.300152640652e+02,2.385197136648e+02,4.745929033354e+02,4.626568519026e+02,2.813408276198e+06,8.052690991037e+05,6.424644416449e+00,8.766682750421e+02,5.083813994333e+02,1.325574853054e+02,2.607441685576e-01,4.028000559435e-01,2.688211557946e-01,5.450923199075e-01,2.327311504267e+01
1.101836393990e+00,7.609176783633e-03,4.921459332302e-02,1.306832276246e+06,9.892101670948e-01,1.288108242172e+02,2.365820880170e+02,4.749390426778e+02,4.628688513252e+02,2.813991221001e+06,8.062139199243e+05,6.446305898060e+00,8.764316222825e+02,5.085390917668e+02,1.313454894345e+02,2.582800251956e-01,4.027429842232e-01,2.685485119469e-01,5.444656664284e-01,2.327377142751e+01
1.103839732888e+00,7.647193959463e-03,4.933738378615e-02,1.312030795355e+06,9.891680722228e-01,1.276242351094e+02,2.346462173750e+02,4.752758025718e+02,4.630787647362e+02,2.814552834357e+06,8.071496432588e+05,6.467886766331e+00,8.761970706107e+02,5.086897039725e+02,1.301510950810e+02,2.558555718046e-01,4.026644605430e-01,2.682805280920e-01,5.439006711344e-01,2.327440586269e+01
1.105843071786e+00,7.685305870006e-03,4.946017424928e-02,1.317186013218e+06,9.891251662869e-01,1.264552723858e+02,2.327129378924e+02,4.756031438359e+02,4.632865632130e+02,2.815093076415e+06,8.080761344989e+05,6.489382640676e+00,8.759646590905e+02,5.088332532595e+02,1.289740871202e+02,2.534702405827e-01,4.025650403044e-01,2.680172214923e-01,5.433959690042e-01,2.327501835044e+01
1.107846410684e+00,7.723512515262e-03,4.958296471241e-02,1.322296696840e+06,9.890814712892e-01,1.253037099226e+02,2.307830615057e+02,4.759210398828e+02,4.634922190727e+02,2.815611933980e+06,8.089932645720e+05,6.510789287794e+00,8.757344250465e+02,5.089697638485e+02,1.278142484462e+02,2.511234606152e-01,4.024452837976e-01,2.677586064280e-01,5.429502022596e-01,2.327560892379e+01
1.109849749583e+00,7.761813895231e-03,4.970575517554e-02,1.327361683774e+06,9.890370093538e-01,1.241693200098e+02,2.288573752410e+02,4.762294764803e+02,4.636957059928e+02,2.816109419983e+06,8.099009104485e+05,6.532102622435e+00,8.755064042680e+02,5.090992667986e+02,1.266713601604e+02,2.488146584005e-01,4.023057551365e-01,2.675046940861e-01,5.425620209052e-01,2.327617764462e+01
1.111853088481e+00,7.800210009912e-03,4.982854563867e-02,1.332379882182e+06,9.889918027032e-01,1.230518735414e+02,2.269366406169e+02,4.765284514788e+02,4.638969991144e+02,2.816585572882e+06,8.107989555934e+05,6.553318707780e+00,8.752806309964e+02,5.092217998200e+02,1.255452017681e+02,2.465432583847e-01,4.021470211961e-01,2.672554924493e-01,5.422300832816e-01,2.327672460366e+01
1.113856427379e+00,7.838700859307e-03,4.995133610180e-02,1.337350270683e+06,9.889458736330e-01,1.219511402095e+02,2.250215931412e+02,4.768179745085e+02,4.640960751328e+02,2.817040456000e+06,8.116872903824e+05,6.574433755430e+00,8.750571378128e+02,5.093374070740e+02,1.244355513788e+02,2.443086834986e-01,4.019696505880e-01,2.670110062129e-01,5.419530566251e-01,2.327724991975e+01
1.115859766277e+00,7.877286443414e-03,5.007412656493e-02,1.342271897990e+06,9.888992444880e-01,1.208668886991e+02,2.231129418975e+02,4.770980666466e+02,4.642929123771e+02,2.817474156808e+06,8.125658124670e+05,6.595444125029e+00,8.748359555349e+02,5.094461389614e+02,1.233421859066e+02,2.421103556856e-01,4.017742126722e-01,2.667712367169e-01,5.417296176151e-01,2.327775373856e+01
1.117863105175e+00,7.915966762234e-03,5.019691702806e-02,1.347143882411e+06,9.888519376394e-01,1.197988868959e+02,2.212113692182e+02,4.773687600586e+02,4.644874908515e+02,2.817886786145e+06,8.134344269685e+05,6.616346323833e+00,8.746171131558e+02,5.095480518995e+02,1.222648812834e+02,2.399476964491e-01,4.015612766268e-01,2.665361819390e-01,5.415584529825e-01,2.327823623108e+01
1.119866444073e+00,7.954741815767e-03,5.031970749118e-02,1.351965411159e+06,9.888039754616e-01,1.187469021067e+02,2.193175304439e+02,4.776300976167e+02,4.646797922625e+02,2.818278477403e+06,8.142930466025e+05,6.637137005901e+00,8.744006377991e+02,5.096432080893e+02,1.212034126832e+02,2.378201274134e-01,4.013314105520e-01,2.663058365184e-01,5.414382601628e-01,2.327869759262e+01
1.121869782972e+00,7.993611604013e-03,5.044249795431e-02,1.356735739426e+06,9.887553803102e-01,1.177107012558e+02,2.174320537692e+02,4.778821324989e+02,4.648698000535e+02,2.818649385663e+06,8.151415918398e+05,6.657812970670e+00,8.741865546641e+02,5.097316752771e+02,1.201575547230e+02,2.357270708313e-01,4.010851805899e-01,2.660801917401e-01,5.413677478335e-01,2.327913804136e+01
1.123873121870e+00,8.032576126972e-03,5.056528841744e-02,1.361454189353e+06,9.887061744994e-01,1.166900510605e+02,2.155555401693e+02,4.781249277743e+02,4.650574994358e+02,2.818999686816e+06,8.159799910476e+05,6.678371161387e+00,8.739748869739e+02,5.098135265104e+02,1.191270816437e+02,2.336679500426e-01,4.008231500890e-01,2.658592355015e-01,5.413456363443e-01,2.327955781604e+01
1.125876460768e+00,8.071635384644e-03,5.068807888057e-02,1.366120149227e+06,9.886563802799e-01,1.156847182885e+02,2.136885634028e+02,4.783585560291e+02,4.652428774187e+02,2.819329576702e+06,8.168081805950e+05,6.698808665671e+00,8.737656559200e+02,5.098888399047e+02,1.181117675694e+02,2.316421900732e-01,4.005458788905e-01,2.656429525007e-01,5.413706585245e-01,2.327995718074e+01
1.127879799666e+00,8.110789377028e-03,5.081086934370e-02,1.370733071343e+06,9.886060198175e-01,1.146944698540e+02,2.118316700760e+02,4.785830988509e+02,4.654259228288e+02,2.819639270071e+06,8.176261049142e+05,6.719122722186e+00,8.735588806038e+02,5.099576983761e+02,1.171113866085e+02,2.296492179282e-01,4.002539228802e-01,2.654313243626e-01,5.414415597671e-01,2.328033642620e+01
1.129883138564e+00,8.150038104125e-03,5.093365980683e-02,1.375292471491e+06,9.885551151725e-01,1.137190728621e+02,2.099853797724e+02,4.787986463914e+02,4.656066262942e+02,2.819928999769e+06,8.184337165339e+05,6.739310715502e+00,8.733545780683e+02,5.100201894201e+02,1.161257129056e+02,2.276884627600e-01,3.999478331623e-01,2.652243293518e-01,5.415570978578e-01,2.328069585744e+01
1.131886477462e+00,8.189381565936e-03,5.105645026996e-02,1.379797927135e+06,9.885036882809e-01,1.127582949522e+02,2.081501852589e+02,4.790052969429e+02,4.657849802480e+02,2.820199015728e+06,8.192309760752e+05,6.759370164067e+00,8.731527632879e+02,5.100764048218e+02,1.151545209849e+02,2.257593566305e-01,3.996281550527e-01,2.650219424142e-01,5.417160441725e-01,2.328103579171e+01
1.133889816361e+00,8.228819762459e-03,5.117924073309e-02,1.384249075710e+06,9.884517609355e-01,1.118119046540e+02,2.063265527575e+02,4.792031562712e+02,4.659609789169e+02,2.820449583994e+06,8.200178522117e+05,6.779298712480e+00,8.729534491711e+02,5.101264405775e+02,1.141975861056e+02,2.238613351943e-01,3.992954272832e-01,2.648241354046e-01,5.419171849655e-01,2.328135656241e+01
1.135893155259e+00,8.268352693695e-03,5.130203119622e-02,1.388645613024e+06,9.883993547681e-01,1.108796716079e+02,2.045149222699e+02,4.793923373773e+02,4.661346183035e+02,2.820680985774e+06,8.207943215974e+05,6.799094132829e+00,8.727566465723e+02,5.101703964107e+02,1.132546844830e+02,2.219938382937e-01,3.989501815748e-01,2.646308773779e-01,5.421593220549e-01,2.328165852458e+01
1.137896494157e+00,8.307980359644e-03,5.142482165934e-02,1.392987290966e+06,9.883464912331e-01,1.099613665301e+02,2.027157079442e+02,4.795729603387e+02,4.663058961610e+02,2.820893516386e+06,8.215603687636e+05,6.818754328546e+00,8.725623643112e+02,5.102083752377e+02,1.123255932608e+02,2.201563100732e-01,3.985929423509e-01,2.644421345377e-01,5.424412722887e-01,2.328194204790e+01
1.139899833055e+00,8.347702760305e-03,5.154761212247e-02,1.397273916434e+06,9.882931915917e-01,1.090567613426e+02,2.009292984991e+02,4.797451515445e+02,4.664748119633e+02,2.821087484415e+06,8.223159859932e+05,6.838277326779e+00,8.723706091991e+02,5.102404832985e+02,1.114100906438e+02,2.183481991149e-01,3.982242261020e-01,2.642578701557e-01,5.427618677673e-01,2.328220750827e+01
1.141903171953e+00,8.387519895680e-03,5.167040258560e-02,1.401505349046e+06,9.882394768968e-01,1.081656294441e+02,1.991560576972e+02,4.799090432135e+02,4.666413668695e+02,2.821263210686e+06,8.230611731693e+05,6.857661273658e+00,8.721813860701e+02,5.102668298750e+02,1.105079561695e+02,2.165689590220e-01,3.978445408734e-01,2.640780448196e-01,5.431199567556e-01,2.328245529315e+01
1.143906510851e+00,8.427431765767e-03,5.179319304873e-02,1.405681499224e+06,9.881853679736e-01,1.072877458545e+02,1.973963248409e+02,4.800647729565e+02,4.668055636864e+02,2.821421027337e+06,8.237959376155e+05,6.876904431026e+00,8.719946978162e+02,5.102875270311e+02,1.096189708550e+02,2.148180487436e-01,3.974543857666e-01,2.639026164720e-01,5.435144040345e-01,2.328268580615e+01
1.145909849750e+00,8.467438370568e-03,5.191598351186e-02,1.409802326339e+06,9.881308853969e-01,1.064228873341e+02,1.956504152629e+02,4.802124833486e+02,4.669674068317e+02,2.821561276901e+06,8.245202939364e+05,6.896005173485e+00,8.718105454211e+02,5.103026893560e+02,1.087429173203e+02,2.130949328476e-01,3.970542504059e-01,2.637315404032e-01,5.439440912563e-01,2.328289947375e+01
1.147913188648e+00,8.507539710081e-03,5.203877397499e-02,1.413867836813e+06,9.880760494735e-01,1.055708325070e+02,1.939186208036e+02,4.803523215041e+02,4.671269022901e+02,2.821684311395e+06,8.252342638276e+05,6.914961985443e+00,8.716289280039e+02,5.103124337122e+02,1.078795799117e+02,2.113990817880e-01,3.966446145283e-01,2.635647693803e-01,5.444079174527e-01,2.328309674275e+01
1.149916527546e+00,8.547735784307e-03,5.216156443812e-02,1.417878082194e+06,9.880208802501e-01,1.047313619918e+02,1.922012103576e+02,4.804844386554e+02,4.672840575443e+02,2.821790491413e+06,8.259378757712e+05,6.933773458070e+00,8.714498428946e+02,5.103168789981e+02,1.070287448285e+02,2.097299721668e-01,3.962259481080e-01,2.634022541712e-01,5.449047994907e-01,2.328327804684e+01
1.151919866444e+00,8.588026593246e-03,5.228435490125e-02,1.421833156954e+06,9.879653975664e-01,1.039042585270e+02,1.904984306847e+02,4.806089897307e+02,4.674388815203e+02,2.821880185238e+06,8.266311647263e+05,6.952438285085e+00,8.712732859944e+02,5.103161459358e+02,1.061902002388e+02,2.080870869646e-01,3.957987122936e-01,2.632439444632e-01,5.454336718340e-01,2.328344373635e+01
1.153923205342e+00,8.628412136898e-03,5.240714536437e-02,1.425733195989e+06,9.879096211117e-01,1.030893070783e+02,1.888105076351e+02,4.807261329304e+02,4.675913844967e+02,2.821953767947e+06,8.273141718275e+05,6.970955257119e+00,8.710992514219e+02,5.103103568617e+02,1.053637363883e+02,2.064699157513e-01,3.953633605230e-01,2.630897894631e-01,5.459934850529e-01,2.328359402896e+01
1.155926544240e+00,8.668892415262e-03,5.252993582750e-02,1.429578372117e+06,9.878535703677e-01,1.022862949193e+02,1.871376474601e+02,4.808360293104e+02,4.677415780510e+02,2.822011620548e+06,8.279869441569e+05,6.989323256159e+00,8.709277315094e+02,5.102996354630e+02,1.045491457147e+02,2.048779549290e-01,3.949203372688e-01,2.629397364126e-01,5.465832039014e-01,2.328372913874e+01
1.157929883139e+00,8.709467428340e-03,5.265272629063e-02,1.433368894688e+06,9.877972642384e-01,1.014950116853e+02,1.854800369608e+02,4.809388424178e+02,4.678894750646e+02,2.822054129161e+06,8.286495347245e+05,7.007541255050e+00,8.707587169860e+02,5.102841063787e+02,1.037462229786e+02,2.033107080580e-01,3.944700707627e-01,2.627937253459e-01,5.472018086063e-01,2.328384974330e+01
1.159933222037e+00,8.750137176130e-03,5.277551675376e-02,1.437105010659e+06,9.877407203796e-01,1.007152494229e+02,1.838378407631e+02,4.810347380545e+02,4.680350897663e+02,2.822081684406e+06,8.293020026684e+05,7.025608327760e+00,8.705921969227e+02,5.102638947144e+02,1.029547653784e+02,2.017676861813e-01,3.940129604303e-01,2.626516825975e-01,5.478483048148e-01,2.328395759228e+01
1.161936560935e+00,8.790901658633e-03,5.289830721689e-02,1.440787007560e+06,9.876839549261e-01,9.994680270842e+01,1.822111960405e+02,4.811238842142e+02,4.681784377249e+02,2.822094681121e+06,8.299444132254e+05,7.043523666303e+00,8.704281587409e+02,5.102391258711e+02,1.021745725548e+02,2.002484078037e-01,3.935493727515e-01,2.625135241620e-01,5.485217422436e-01,2.328405529143e+01
1.163939899833e+00,8.831760875850e-03,5.302109768002e-02,1.444415212582e+06,9.876269841516e-01,9.918946891649e+01,1.806002110962e+02,4.812064510618e+02,4.683195355746e+02,2.822093518432e+06,8.305768365112e+05,7.061286576045e+00,8.702665885257e+02,5.102099264473e+02,1.014054463904e+02,1.987523980501e-01,3.930796741792e-01,2.623791855960e-01,5.492212235769e-01,2.328414374088e+01
1.165943238731e+00,8.872714827779e-03,5.314388814315e-02,1.447989976797e+06,9.875698291623e-01,9.844304858462e+01,1.790049812191e+02,4.812826104563e+02,4.684584003572e+02,2.822078599513e+06,8.311993445709e+05,7.078896400699e+00,8.701074717797e+02,5.101764265255e+02,1.006471907004e+02,1.972791870958e-01,3.926043195331e-01,2.622486785961e-01,5.499458613618e-01,2.328421706331e+01
1.167946577629e+00,8.913763514420e-03,5.326667860628e-02,1.451511638730e+06,9.875125209299e-01,9.770734547080e+01,1.774256308261e+02,4.813525341965e+02,4.685950488855e+02,2.822050329170e+06,8.318120085183e+05,7.096352363503e+00,8.699507941384e+02,5.101387613807e+02,9.989961135477e+01,1.958283097022e-01,3.921239414901e-01,2.621221184445e-01,5.506946488841e-01,2.328425977377e+01
1.169949916528e+00,8.954906935775e-03,5.338946906941e-02,1.454980490261e+06,9.874550958834e-01,9.698216558281e+01,1.758623578860e+02,4.814163903913e+02,4.687294982647e+02,2.822009106235e+06,8.324149008521e+05,7.113653461066e+00,8.697965407385e+02,5.100970667975e+02,9.916251770094e+01,1.943993097696e-01,3.916392578542e-01,2.619995967487e-01,5.514663100655e-01,2.328425740466e+01
1.171953255426e+00,8.996145091843e-03,5.351225953253e-02,1.458396815267e+06,9.873975690628e-01,9.626731489736e+01,1.743153964395e+02,4.814743392538e+02,4.688617685729e+02,2.821955309904e+06,8.330081074653e+05,7.130798761870e+00,8.696446931182e+02,5.100514613900e+02,9.843572541379e+01,1.929917525293e-01,3.911505662672e-01,2.618808048560e-01,5.522593922491e-01,2.328422980184e+01
1.173956594324e+00,9.037477982623e-03,5.363504999566e-02,1.461761084885e+06,9.873398881990e-01,9.556259755279e+01,1.727847852686e+02,4.815265336272e+02,4.689918865982e+02,2.821889289141e+06,8.335917444590e+05,7.147788448697e+00,8.694952249867e+02,5.100020207606e+02,9.771905817513e+01,1.916052372291e-01,3.906569158941e-01,2.617646142650e-01,5.530729884823e-01,2.328427038375e+01
1.175959933222e+00,9.078905608117e-03,5.375784045879e-02,1.465074270401e+06,9.872819190760e-01,9.486781953634e+01,1.712699653734e+02,4.815731341713e+02,4.691198865077e+02,2.821811384283e+06,8.341659612889e+05,7.164625182095e+00,8.693481016530e+02,5.099487779589e+02,9.701234217473e+01,1.902393855379e-01,3.901559067347e-01,2.616493832404e-01,5.539080908290e-01,2.328452393205e+01
1.177963272120e+00,9.120427968323e-03,5.388063092192e-02,1.468337913078e+06,9.872235628235e-01,9.418280298029e+01,1.697696256889e+02,4.816143479132e+02,4.692458033395e+02,2.821722026626e+06,8.347309116849e+05,7.181313650662e+00,8.692032876680e+02,5.098918142637e+02,9.631538880646e+01,1.888937733694e-01,3.896459214351e-01,2.615350016585e-01,5.547682784723e-01,2.328500939248e+01
1.179966611018e+00,9.162045063242e-03,5.400342138505e-02,1.471553260469e+06,9.871650633762e-01,9.350740503759e+01,1.682826786815e+02,4.816504799217e+02,4.693696594504e+02,2.821621931201e+06,8.352866926141e+05,7.197854795406e+00,8.690607620463e+02,5.098314721104e+02,9.562797469602e+01,1.875678139291e-01,3.891316807970e-01,2.614263615498e-01,5.556567423946e-01,2.328530377238e+01
1.181969949917e+00,9.203756892874e-03,5.412621184818e-02,1.474719081719e+06,9.871073085714e-01,9.284151462058e+01,1.668110062629e+02,4.816819414042e+02,4.694914427172e+02,2.821512254062e+06,8.358332457193e+05,7.214233826443e+00,8.689205422140e+02,5.097685488032e+02,9.494985744387e+01,1.862607210013e-01,3.886293054072e-01,2.613342832333e-01,5.565670797179e-01,2.328442679084e+01
1.183973288815e+00,9.245563457219e-03,5.424900231131e-02,1.477829515566e+06,9.870515168945e-01,9.218499537192e+01,1.653625581749e+02,4.817090950283e+02,4.696110621658e+02,2.821394308737e+06,8.363701576230e+05,7.230411914889e+00,8.687827345009e+02,5.097040404009e+02,9.428088507361e+01,1.849718220783e-01,3.881599294629e-01,2.612664583720e-01,5.574719960151e-01,2.328160001752e+01
1.185976627713e+00,9.287464756276e-03,5.437179277444e-02,1.480876106961e+06,9.869976425546e-01,9.153753937390e+01,1.639494252502e+02,4.817317944965e+02,4.697282967072e+02,2.821268197168e+06,8.368964309246e+05,7.246347159910e+00,8.686475959644e+02,5.096379119255e+02,9.362113808082e+01,1.837012825971e-01,3.877207643261e-01,2.612055891353e-01,5.583279065125e-01,2.327818948472e+01
1.187979966611e+00,9.329460790047e-03,5.449458323757e-02,1.483859073500e+06,9.869419915141e-01,9.089839178683e+01,1.625731271242e+02,4.817486388097e+02,4.698429551299e+02,2.821130093927e+06,8.374112053394e+05,7.262071784071e+00,8.685153556352e+02,5.095670868116e+02,9.297071321406e+01,1.824503890072e-01,3.872443234662e-01,2.610928709559e-01,5.591231059816e-01,2.327929878632e+01
1.189983305509e+00,9.371551558530e-03,5.461737370069e-02,1.486807865142e+06,9.868770313154e-01,9.026669359158e+01,1.611971655469e+02,4.817566440417e+02,4.699557590551e+02,2.820970073577e+06,8.379177215842e+05,7.277810798687e+00,8.683851933914e+02,5.094847590199e+02,9.232924364457e+01,1.812208157555e-01,3.866006672516e-01,2.608638401179e-01,5.599769281634e-01,2.329104384015e+01
1.191986644407e+00,9.413737061727e-03,5.474016416382e-02,1.489795224178e+06,9.867978159513e-01,8.964471748610e+01,1.597323848071e+02,4.817531718296e+02,4.700699233237e+02,2.820776438774e+06,8.384304099833e+05,7.294016525194e+00,8.682533916778e+02,5.093850505057e+02,9.169722845607e+01,1.800155469130e-01,3.857182916360e-01,2.605731197618e-01,5.612181749767e-01,2.331052616060e+01
1.193989983306e+00,9.456017299636e-03,5.486295462695e-02,1.492886543182e+06,9.867148059673e-01,8.903881971264e+01,1.580910754881e+02,4.817410344696e+02,4.701904874259e+02,2.820552678747e+06,8.389718806435e+05,7.310983140271e+00,8.681140751565e+02,5.092746584723e+02,9.107595934158e+01,1.788346579325e-01,3.848021756380e-01,2.605111865629e-01,5.632121828365e-01,2.331463940555e+01
1.195993322204e+00,9.498392272258e-03,5.498574509008e-02,1.495931359747e+06,9.866582162985e-01,8.843897392367e+01,1.563615315824e+02,4.817325001876e+02,4.703142404942e+02,2.820341316956e+06,8.395276931934e+05,7.327628853875e+00,8.679708933414e+02,5.091819587329e+02,9.045230591206e+01,1.776424014259e-01,3.843598847109e-01,2.609684039094e-01,5.656057025579e-01,2.327212645755e+01
1.197996661102e+00,9.540861979593e-03,5.510853555321e-02,1.498395435254e+06,9.866476289382e-01,8.782300924826e+01,1.550552022573e+02,4.817543905041e+02,4.704078574480e+02,2.820248353890e+06,8.399482720605e+05,7.340468440644e+00,8.678626423996e+02,5.091482187530e+02,8.981667921849e+01,1.764057614470e-01,3.846134487123e-01,2.614454177025e-01,5.663983405249e-01,2.321136843952e+01
1.200000000000e+00,9.583426421640e-03,5.523132601634e-02,1.500000000000e+06,9.866474312841e-01,8.740263871966e+01,1.550461089481e+02,4.818713596153e+02,4.704081204609e+02,2.820466945490e+06,8.399501209300e+05,7.346552785666e+00,8.678635349789e+02,5.092126581369e+02,8.940798000264e+01,1.755808277229e-01,3.848057745329e-01,2.606878749813e-01,5.637202978689e-01,2.329003376872e+01
