x,A,r,p,alpha_g,u_g,u_l,T_g,T_l,h_g,h_l,rho_g,rho_l,a_mix,u_mix,Ma_mix,quality_static,quality_flow,slip,mdot
0.000000000000e+00,3.525652355491e-03,3.350000000000e-02,1.196919514116e+07,1.002499711472e-03,9.338894523858e+00,9.338894523858e+00,5.975430594836e+02,5.789329504823e+02,2.685402691150e+06,1.374074005709e+06,6.992754624359e+01,7.064002016395e+02,8.882291544964e+02,9.338894523858e+00,1.051405988712e-02,9.932857142661e-05,9.932857142661e-05,1.000000000000e+00,2.323770923363e+01
2.003338898164e-03,3.530872742832e-03,3.352479233195e-02,1.196481364147e+07,1.001788889958e-03,9.359096988249e+00,9.338892521126e+00,5.975961375572e+02,5.789308826675e+02,2.686212487224e+06,1.374067768626e+06,6.983203541541e+01,7.063948539878e+02,8.882107263469e+02,9.338897539038e+00,1.051428142221e-02,9.912327066267e-05,9.933770014795e-05,1.002163475710e+00,2.327195260982e+01
4.006677796327e-03,3.530854870169e-03,3.352470748351e-02,1.197085927603e+07,9.988690074568e-04,9.369148096134e+00,9.340320032543e+00,5.976347781268e+02,5.789337276146e+02,2.686081006418e+06,1.374076327118e+06,6.987929743012e+01,7.064022518969e+02,8.883008459882e+02,9.340327175259e+00,1.051482413581e-02,9.889994711425e-05,9.920516268625e-05,1.003086410689e+00,2.327570076777e+01
6.010016694491e-03,3.520364445529e-03,3.347486827430e-02,1.197251432865e+07,9.962673123131e-04,9.410324588011e+00,9.369855147222e+00,5.976453536883e+02,5.789345083395e+02,2.686045000394e+06,1.374078681199e+06,6.989223949978e+01,7.064042725227e+02,8.883530472722e+02,9.369865149691e+00,1.054745653033e-02,9.866010193365e-05,9.908618360379e-05,1.004319110611e+00,2.328005307247e+01
8.013355592654e-03,3.494233334499e-03,3.335039752393e-02,1.197167835908e+07,9.937732881387e-04,9.502434814644e+00,9.443495969065e+00,5.976400121002e+02,5.789341236951e+02,2.686063187727e+06,1.374077548194e+06,6.988570224620e+01,7.064032291768e+02,8.883848347910e+02,9.443510498823e+00,1.062997715517e-02,9.840383933363e-05,9.901793758969e-05,1.006241210434e+00,2.328887864652e+01
1.001669449082e-02,3.447461401399e-03,3.312644029023e-02,1.197086136370e+07,9.911703092174e-04,9.658896898685e+00,9.574192957022e+00,5.976347914675e+02,5.789337538255e+02,2.686080961004e+06,1.374076475849e+06,6.987931375413e+01,7.064021953254e+02,8.884184042304e+02,9.574213782136e+00,1.077669455804e-02,9.813703353148e-05,9.900517673799e-05,1.008847110356e+00,2.329517379497e+01
1.202003338898e-02,3.377241552941e-03,3.278733557842e-02,1.196942719904e+07,9.886330312213e-04,9.888965786564e+00,9.772067217250e+00,5.976256264203e+02,5.789330956387e+02,2.686112157450e+06,1.374074541988e+06,6.986810022737e+01,7.064004013269e+02,8.884463288743e+02,9.772095880222e+00,1.099908408942e-02,9.787013278968e-05,9.904079045441e-05,1.011962522025e+00,2.329233092889e+01
1.402337228715e-02,3.285879686062e-03,3.234080996023e-02,1.196686883727e+07,9.863061366233e-04,1.019519371393e+01,1.004217569154e+01,5.976092750302e+02,5.789319037251e+02,2.686167798329e+06,1.374070989553e+06,6.984809966871e+01,7.063972426185e+02,8.884626311291e+02,1.004221311361e+01,1.130290995002e-02,9.761206469146e-05,9.909928472949e-05,1.015237536874e+00,2.328857684490e+01
1.602671118531e-02,3.176555184425e-03,3.179825339875e-02,1.196367174893e+07,9.841723991635e-04,1.057696560305e+01,1.038644180366e+01,5.975888374447e+02,5.789303961489e+02,2.686237313542e+06,1.374066445951e+06,6.982311095196e+01,7.063933374137e+02,8.884712858625e+02,1.038648828356e+01,1.169029145773e-02,9.736640272408e-05,9.915226721886e-05,1.018343510029e+00,2.328548152572e+01
1.803005008347e-02,3.052480508508e-03,3.117105585702e-02,1.195985792162e+07,9.822137538851e-04,1.103580582970e+01,1.080727518553e+01,5.975644516924e+02,5.789285681062e+02,2.686320213849e+06,1.374060854915e+06,6.979330934342e+01,7.063887479589e+02,8.884728262722e+02,1.080733080692e+01,1.216394073892e-02,9.713161813934e-05,9.918535964301e-05,1.021146000286e+00,2.328247688262e+01
2.003338898164e-02,2.916827080567e-03,3.047055785563e-02,1.195521955026e+07,9.804011529333e-04,1.157683100914e+01,1.130926385724e+01,5.975347855238e+02,5.789263025146e+02,2.686421000678e+06,1.374053811023e+06,6.975707579526e+01,7.063832649197e+02,8.884662528788e+02,1.130932883154e+01,1.272904715840e-02,9.690263433668e-05,9.919503729795e-05,1.023659113031e+00,2.328104724821e+01
2.203672787980e-02,2.771996019494e-03,2.970443969287e-02,1.194981381059e+07,9.786627412237e-04,1.221019890057e+01,1.190091952541e+01,5.975001999748e+02,5.789236032991e+02,2.686538411192e+06,1.374045262665e+06,6.971486319581e+01,7.063770118525e+02,8.884532343448e+02,1.190099445819e+01,1.339518389729e-02,9.667298445049e-05,9.918505880173e-05,1.025987855350e+00,2.328238785436e+01
2.404006677796e-02,2.619226074902e-03,2.887430611792e-02,1.194349383097e+07,9.769592722186e-04,1.295252598842e+01,1.259625535960e+01,5.974597495648e+02,5.789203757172e+02,2.686675609870e+06,1.374034854198e+06,6.966553243119e+01,7.063698686929e+02,8.884334243104e+02,1.259634147691e+01,1.417814901177e-02,9.643726064293e-05,9.916460741671e-05,1.028283852514e+00,2.328440693682e+01
2.604340567613e-02,2.459700118043e-03,2.798118769139e-02,1.193577865645e+07,9.753132144593e-04,1.382628845952e+01,1.341487597675e+01,5.974103465083e+02,5.789163686272e+02,2.686842996021e+06,1.374021762137e+06,6.960534208231e+01,7.063613042122e+02,8.884030159756e+02,1.341497518451e+01,1.510010090384e-02,9.619262643226e-05,9.914240575100e-05,1.030668377664e+00,2.328707827169e+01
2.804674457429e-02,2.294653487946e-03,2.702611497384e-02,1.192641142205e+07,9.737540052950e-04,1.485996138400e+01,1.438218491346e+01,5.973503309312e+02,5.789114405764e+02,2.687046076468e+06,1.374005504928e+06,6.953230832734e+01,7.063510512195e+02,8.883597492462e+02,1.438229984039e+01,1.618972477377e-02,9.593934356260e-05,9.912613454947e-05,1.033220020005e+00,2.329069921603e+01
3.005008347245e-02,2.125374063513e-03,2.601014371846e-02,1.191496442303e+07,9.723629188858e-04,1.608864632107e+01,1.552957790507e+01,5.972769400040e+02,5.789053775664e+02,2.687294025287e+06,1.373985405146e+06,6.944312645666e+01,7.063386143796e+02,8.882992309581e+02,1.552971205216e+01,1.748252335579e-02,9.568098696677e-05,9.912518330785e-05,1.036000232551e+00,2.329316653183e+01
3.205342237062e-02,1.953915870006e-03,2.493894019790e-02,1.190002602312e+07,9.713511291858e-04,1.754993083185e+01,1.689149464596e+01,5.971810809760e+02,5.788975182760e+02,2.687617235241e+06,1.373959485635e+06,6.932685461263e+01,7.063222548216e+02,8.882075659922e+02,1.689165225377e+01,1.901768561823e-02,9.542352799483e-05,9.914280067974e-05,1.038980338903e+00,2.329152004496e+01
3.405676126878e-02,1.783699973401e-03,2.382791085092e-02,1.188014628822e+07,9.709375867333e-04,1.927898052200e+01,1.850188093679e+01,5.970533668031e+02,5.788872042942e+02,2.688046717195e+06,1.373925838981e+06,6.917231673447e+01,7.063001344448e+02,8.880702769840e+02,1.850206652783e+01,2.083401168505e-02,9.517324753520e-05,9.917023340355e-05,1.042001112636e+00,2.328885678324e+01
3.606010016694e-02,1.617933538046e-03,2.269370486166e-02,1.185446852065e+07,9.712771082733e-04,2.131070543550e+01,2.039503589857e+01,5.968881553157e+02,5.788740710142e+02,2.688600380650e+06,1.373883485091e+06,6.897303458538e+01,7.062711035772e+02,8.878781730562e+02,2.039525414064e+01,2.297077995559e-02,9.493619955101e-05,9.919809754443e-05,1.044896686698e+00,2.328507534572e+01
3.806343906511e-02,1.459365847397e-03,2.155297141429e-02,1.182177857363e+07,9.725821035400e-04,2.368305266637e+01,2.260721347029e+01,5.966774201327e+02,5.788575915443e+02,2.689303483973e+06,1.373830978328e+06,6.871986366959e+01,7.062335544211e+02,8.876183492481e+02,2.260746945517e+01,2.546980858870e-02,9.471999567320e-05,9.922711339219e-05,1.047588315008e+00,2.327984395361e+01
4.006677796327e-02,1.310272767298e-03,2.042235969295e-02,1.178056495843e+07,9.751413332444e-04,2.643324655249e+01,2.517333910009e+01,5.964110845938e+02,5.788370993020e+02,2.690187119906e+06,1.373766462934e+06,6.840152475117e+01,7.061855044440e+02,8.872743156733e+02,2.517363852303e+01,2.837187787176e-02,9.453599422137e-05,9.926698282055e-05,1.050049278222e+00,2.327237721641e+01
4.207011686144e-02,1.172556389087e-03,1.931932428307e-02,1.172851719649e+07,9.793984706962e-04,2.958596996306e+01,2.811736850379e+01,5.960736896051e+02,5.788115368630e+02,2.691298602679e+06,1.373686883514e+06,6.800083810104e+01,7.061240093331e+02,8.868209645381e+02,2.811771735372e+01,3.170619378441e-02,9.440114553887e-05,9.933133269395e-05,1.052231113273e+00,2.325985344660e+01
4.407345575960e-02,1.048164864804e-03,1.826584897610e-02,1.166315041864e+07,9.858878159804e-04,3.313289255979e+01,3.143557116067e+01,5.956482906268e+02,5.787797371200e+02,2.692687521424e+06,1.373588801315e+06,6.749971063100e+01,7.060459508816e+02,8.862301594656e+02,3.143597454273e+01,3.547156932877e-02,9.433738823074e-05,9.943050220868e-05,1.053993655482e+00,2.324335029873e+01
4.607679465776e-02,9.386709152981e-04,1.728549195749e-02,1.158262171818e+07,9.951159219196e-04,3.700967018647e+01,3.507713046070e+01,5.951216490979e+02,5.787408089189e+02,2.694387948565e+06,1.373469559694e+06,6.688551845435e+01,7.059490311276e+02,8.854785642951e+02,3.507759055675e+01,3.961427410123e-02,9.436779979258e-05,9.956638250626e-05,1.055094008557e+00,2.322317638529e+01
4.808013355593e-02,8.451497083616e-04,1.640181415200e-02,1.148302839926e+07,1.007773898302e-03,4.107257444403e+01,3.892557745379e+01,5.944663583718e+02,5.786929122187e+02,2.696474747095e+06,1.373323765733e+06,6.613070239274e+01,7.058283163540e+02,8.845231383894e+02,3.892609027328e+01,4.400799547670e-02,9.450700699756e-05,9.971915898629e-05,1.055156458315e+00,2.319921050287e+01
5.008347245409e-02,7.682866340021e-04,1.563819781899e-02,1.136255405001e+07,1.024116034542e-03,4.510434496773e+01,4.280253450686e+01,5.936677278492e+02,5.786352855662e+02,2.698975283466e+06,1.373149578298e+06,6.522458455365e+01,7.056811568609e+02,8.833416616344e+02,4.280308686955e+01,4.845586790320e-02,9.474489376445e-05,9.983952230953e-05,1.053777433682e+00,2.318460231954e+01
5.208681135225e-02,7.070712034659e-04,1.500225830664e-02,1.123228479243e+07,1.042581846925e-03,4.890879388120e+01,4.653393414191e+01,5.927966917148e+02,5.785732498081e+02,2.701650024663e+06,1.372963284806e+06,6.425320071166e+01,7.055208837405e+02,8.820400487224e+02,4.653450712683e+01,5.275781660281e-02,9.504008108845e-05,9.988996796146e-05,1.051035008818e+00,2.319173045777e+01
5.409015025042e-02,6.581257783619e-04,1.447369826979e-02,1.110381646214e+07,1.061270037648e-03,5.241694818273e+01,5.003142413429e+01,5.919299369836e+02,5.785121744340e+02,2.704258411096e+06,1.372780629975e+06,6.330362132146e+01,7.053620730268e+02,8.807378207285e+02,5.003200279496e+01,5.680691985450e-02,9.533713482784e-05,9.988240443824e-05,1.047680514591e+00,2.320310490588e+01
5.609348914858e-02,6.183377397810e-04,1.402936262176e-02,1.097756047019e+07,1.079555684983e-03,5.566531026381e+01,5.329390700214e+01,5.910704639417e+02,5.784520936972e+02,2.706793669569e+06,1.372601243522e+06,6.237833388368e+01,7.052056354793e+02,8.794493379718e+02,5.329448500655e+01,6.059983526676e-02,9.558519476652e-05,9.983799635311e-05,1.044496705066e+00,2.321631838689e+01
5.809682804674e-02,5.850146402997e-04,1.364609627585e-02,1.085598551577e+07,1.096714716323e-03,5.874736342338e+01,5.638065554984e+01,5.902355560617e+02,5.783940345862e+02,2.709208644438e+06,1.372427740571e+06,6.149464860452e+01,7.050550179929e+02,8.782072829907e+02,5.638123463043e+01,6.420037242054e-02,9.575092096450e-05,9.976988539542e-05,1.041977303216e+00,2.323200202628e+01
6.010016694491e-02,5.557811501613e-04,1.330077571614e-02,1.074055142031e+07,1.112477238189e-03,6.178935386184e+01,5.938950390877e+01,5.894360699558e+02,5.783385345488e+02,2.711477890213e+06,1.372261218623e+06,6.066210358518e+01,7.049124713140e+02,8.770298172272e+02,5.939009277410e+01,6.771730174678e-02,9.583302476017e-05,9.970512225498e-05,1.040408654646e+00,2.324387850821e+01
6.210350584307e-02,5.290677783802e-04,1.297719169619e-02,1.062060684847e+07,1.128549722669e-03,6.487657440438e+01,6.239946939640e+01,5.885982470579e+02,5.782805518207e+02,2.713811425548e+06,1.372086763943e+06,5.980361750896e+01,7.047646640351e+02,8.758037903503e+02,6.240007866430e+01,7.124892510381e-02,9.586339319854e-05,9.966855413994e-05,1.039697533199e+00,2.324284137930e+01
6.410684474124e-02,5.046962781968e-04,1.267477080149e-02,1.048820319023e+07,1.146610593444e-03,6.799836577313e+01,6.542275079833e+01,5.876648091233e+02,5.782165275774e+02,2.716358655005e+06,1.371894557789e+06,5.886360411148e+01,7.046010252955e+02,8.744337055013e+02,6.542338590986e+01,7.481800563984e-02,9.589062168729e-05,9.966534383009e-05,1.039368796686e+00,2.324059312711e+01
6.611018363940e-02,4.826684676353e-04,1.239508551796e-02,1.034799452313e+07,1.166817099642e-03,7.108871478472e+01,6.842117268167e+01,5.866663197147e+02,5.781488458693e+02,2.719023347156e+06,1.371692253349e+06,5.787675450290e+01,7.044268582342e+02,8.729503363574e+02,6.842183257585e+01,7.837998305993e-02,9.597020116987e-05,9.971142651938e-05,1.038987085408e+00,2.323868854896e+01
6.811352253756e-02,4.629844210682e-04,1.213970833155e-02,1.020288623203e+07,1.189540680551e-03,7.407990999134e+01,7.134344704699e+01,5.856218362772e+02,5.780788606056e+02,2.721745859851e+06,1.371483841114e+06,5.686451750026e+01,7.042457986858e+02,8.713684918203e+02,7.134412695675e+01,8.187595446297e-02,9.615492853868e-05,9.984269719442e-05,1.038356191880e+00,2.323652479049e+01
7.011686143573e-02,4.456447932272e-04,1.191021172820e-02,1.005172622782e+07,1.215111470641e-03,7.690438094446e+01,7.413818832540e+01,5.845214997681e+02,5.780059687260e+02,2.724543870047e+06,1.371267466206e+06,5.581969433123e+01,7.040564389087e+02,8.696701202638e+02,7.413887944962e+01,8.524942702082e-02,9.644556224213e-05,1.000437121036e-04,1.037311305840e+00,2.323558943931e+01
7.212020033389e-02,4.305441701435e-04,1.170668466285e-02,9.899130910122e+06,1.241388746620e-03,7.953416253086e+01,7.678773224918e+01,5.833976679332e+02,5.779322533207e+02,2.727329207822e+06,1.371048956571e+06,5.477469849619e+01,7.038648456754e+02,8.679285334162e+02,7.678842210907e+01,8.847320851041e-02,9.671547808022e-05,1.001743080443e-04,1.035766524173e+00,2.324357222166e+01
7.412353923205e-02,4.169414552044e-04,1.152026853643e-02,9.750815156781e+06,1.263838864152e-03,8.205182596250e+01,7.935442160237e+01,5.822924285265e+02,5.778601506551e+02,2.729998697721e+06,1.370834577932e+06,5.376818812192e+01,7.036789978504e+02,8.662724541376e+02,7.935510058566e+01,9.160524521660e-02,9.668291887748e-05,9.996902254316e-05,1.033991859630e+00,2.325492752251e+01
7.612687813022e-02,4.039070234669e-04,1.133876530618e-02,9.601146448346e+06,1.279131167843e-03,8.465637691147e+01,8.197815159242e+01,5.811638519590e+02,5.777867295778e+02,2.732654862826e+06,1.370615033959e+06,5.276147097595e+01,7.034923297733e+02,8.647152638221e+02,8.197882296927e+01,9.480441296586e-02,9.604765585361e-05,9.918522049262e-05,1.032669989101e+00,2.326623423577e+01
7.813021702838e-02,3.905686514890e-04,1.114997143505e-02,9.443646686632e+06,1.288501764605e-03,8.764818796154e+01,8.484893161938e+01,5.799614728094e+02,5.777088824028e+02,2.735409170880e+06,1.370381289290e+06,5.171160154505e+01,7.032965283584e+02,8.631805712409e+02,8.484962639690e+01,9.829881397229e-02,9.485348374721e-05,9.798249426807e-05,1.032991061746e+00,2.327902782537e+01
8.013355592654e-02,3.761128400834e-04,1.094168338599e-02,9.275472478168e+06,1.303812597496e-03,9.139917854011e+01,8.817464576035e+01,5.786604286592e+02,5.776253575091e+02,2.738303881606e+06,1.370130155932e+06,5.060111304197e+01,7.030875417307e+02,8.614290477057e+02,8.817544062778e+01,1.023594930571e-01,9.394888817031e-05,9.738424949450e-05,1.036569841046e+00,2.328879261820e+01
8.213689482471e-02,3.600506327704e-04,1.070549746334e-02,9.075413673639e+06,1.360917966994e-03,9.602907646109e+01,9.204839025790e+01,5.775782170078e+02,5.775261615391e+02,2.744854286072e+06,1.369833486633e+06,4.911289645322e+01,7.028373163560e+02,8.586292404983e+02,9.204938846763e+01,1.072050474477e-01,9.521881452924e-05,9.933619852913e-05,1.043245581938e+00,2.326410181594e+01
8.414023372287e-02,3.439487977255e-04,1.046337912230e-02,8.838546587836e+06,1.489848302063e-03,1.009103426882e+02,9.623449111257e+01,5.761019647687e+02,5.774095328172e+02,2.751322331416e+06,1.369488637013e+06,4.745032207121e+01,7.025373153717e+02,8.541012492420e+02,9.623573714329e+01,1.126748581959e-01,1.007663595904e-04,1.056618887428e-04,1.048588105175e+00,2.322160973893e+01
8.614357262104e-02,3.301827300608e-04,1.025184994162e-02,8.607377992976e+06,1.696185811657e-03,1.048577056123e+02,1.001242020131e+02,5.742970685857e+02,5.772969127497e+02,2.755433103250e+06,1.369160873388e+06,4.596806565730e+01,7.022397217162e+02,8.480620047720e+02,1.001255993644e+02,1.180640080572e-01,1.112072839156e-04,1.164641425108e-04,1.047276317854e+00,2.317886288344e+01
8.814691151920e-02,3.209514885759e-04,1.010752352454e-02,8.378686212393e+06,1.967581629636e-03,1.067584224669e+02,1.029155194252e+02,5.720982510965e+02,5.771879178949e+02,2.757156132893e+06,1.368852615315e+06,4.463590043132e+01,7.019374876513e+02,8.406725610612e+02,1.029168025248e+02,1.224219836494e-01,1.253486128522e-04,1.300285671798e-04,1.037340364827e+00,2.314300900341e+01
9.015025041736e-02,3.182566090376e-04,1.006500000000e-02,8.177758028686e+06,2.264995046724e-03,1.065654198532e+02,1.041699506180e+02,5.700377757322e+02,5.770950544491e+02,2.758083139954e+06,1.368600405035e+06,4.349971170478e+01,7.016631723430e+02,8.329467218712e+02,1.041708511720e+02,1.250630423732e-01,1.407176669186e-04,1.439531135665e-04,1.022995779694e+00,2.321273449814e+01
9.215358931553e-02,3.182566090376e-04,1.006500000000e-02,8.115215279057e+06,2.515712371619e-03,1.056676752607e+02,1.044382144799e+02,5.694542924655e+02,5.770671936211e+02,2.758750604962e+06,1.368528383097e+06,4.312800340321e+01,7.015748750943e+02,8.276294231581e+02,1.044387241736e+02,1.261902021017e-01,1.550147129162e-04,1.568392808657e-04,1.011772135199e+00,2.326403702015e+01
9.415692821369e-02,3.182566090376e-04,1.006500000000e-02,8.131841066328e+06,2.704531403724e-03,1.050034673709e+02,1.044294602779e+02,5.698249025656e+02,5.770748397518e+02,2.759842350961e+06,1.368548936780e+06,4.316412368453e+01,7.015977658587e+02,8.244452623868e+02,1.044297163519e+02,1.266666461877e-01,1.668132184814e-04,1.677299704199e-04,1.005496601165e+00,2.325869577097e+01
9.616026711185e-02,3.182566090376e-04,1.006500000000e-02,8.145034387797e+06,2.859367592057e-03,1.047449604343e+02,1.044266642607e+02,5.700111116656e+02,5.770793734557e+02,2.760073742366e+06,1.368556161401e+06,4.322401394554e+01,7.016197365135e+02,8.218679144565e+02,1.044268146001e+02,1.270603375107e-01,1.766282471106e-04,1.771665208867e-04,1.003048035441e+00,2.325540978539e+01
9.816360601002e-02,3.182566090376e-04,1.006500000000e-02,8.145817310985e+06,2.997606042398e-03,1.046725165256e+02,1.044368203428e+02,5.699796094483e+02,5.770778954815e+02,2.759837262039e+06,1.368546234279e+06,4.323992208930e+01,7.016253831663e+02,8.194520133922e+02,1.044369371095e+02,1.274472884351e-01,1.852582258559e-04,1.856762446068e-04,1.002256830322e+00,2.325483226079e+01
1.001669449082e-01,3.182566090376e-04,1.006500000000e-02,8.144122911495e+06,3.126781059932e-03,1.046584924790e+02,1.044499948288e+02,5.699076277111e+02,5.770752690975e+02,2.759524481838e+06,1.368533188424e+06,4.324621118408e+01,7.016276439568e+02,8.171830376940e+02,1.044501026048e+02,1.278172671077e-01,1.932924820405e-04,1.936782477167e-04,1.001996148019e+00,2.325501350713e+01
1.021702838063e-01,3.182566090376e-04,1.006500000000e-02,8.142882347391e+06,3.251208449710e-03,1.046566058278e+02,1.044621383881e+02,5.698562074050e+02,5.770728964345e+02,2.759302812792e+06,1.368520970819e+06,4.325045382249e+01,7.016304172791e+02,8.150218754239e+02,1.044622429383e+02,1.281710909710e-01,2.010268390999e-04,2.014009966838e-04,1.001861606920e+00,2.325508575341e+01
1.041736227045e-01,3.182566090376e-04,1.006500000000e-02,8.142011153788e+06,3.373364185355e-03,1.046576415472e+02,1.044735872123e+02,5.698241728127e+02,5.770707150269e+02,2.759171083076e+06,1.368509336985e+06,4.325225040893e+01,7.016336456145e+02,8.129233540276e+02,1.044736899026e+02,1.285160395318e-01,2.086115901415e-04,2.089790307987e-04,1.001761730786e+00,2.325506740293e+01
1.061769616027e-01,3.182566090376e-04,1.006500000000e-02,8.141201970140e+06,3.494561255122e-03,1.046605483365e+02,1.044849162410e+02,5.698023232628e+02,5.770685658779e+02,2.759095324138e+06,1.368497802077e+06,4.325161635700e+01,7.016369499434e+02,8.108597118049e+02,1.044850177678e+02,1.288570837182e-01,2.161269881620e-04,2.164902043990e-04,1.001680932538e+00,2.325504509753e+01
1.081803005008e-01,3.182566090376e-04,1.006500000000e-02,8.140377832603e+06,3.615494212566e-03,1.046651145953e+02,1.044962849478e+02,5.697855961508e+02,5.770664067189e+02,2.759050763627e+06,1.368486230124e+06,4.324935933961e+01,7.016402414690e+02,8.088172898759e+02,1.044963859312e+02,1.291965283621e-01,2.236190340129e-04,2.239802436640e-04,1.001615652150e+00,2.325503625398e+01
1.101836393990e-01,3.182566090376e-04,1.006500000000e-02,8.139546337754e+06,3.736584472093e-03,1.046711374813e+02,1.045077011235e+02,5.697717618285e+02,5.770642375946e+02,2.759023758079e+06,1.368474610083e+06,4.324619476446e+01,7.016435392161e+02,8.067886326807e+02,1.045078021647e+02,1.295355411956e-01,2.311168486151e-04,2.314782014337e-04,1.001563869036e+00,2.325503407478e+01
1.121869782972e-01,3.182566090376e-04,1.006500000000e-02,8.138715723744e+06,3.858141355369e-03,1.046784462164e+02,1.045191696447e+02,5.697597243058e+02,5.770620591149e+02,2.759007301844e+06,1.368462933305e+06,4.324251350891e+01,7.016468624196e+02,8.047684885595e+02,1.045192713263e+02,1.298749551109e-01,2.386413157179e-04,2.390048938652e-04,1.001523898173e+00,2.325503354069e+01
1.141903171953e-01,3.182566090376e-04,1.006500000000e-02,8.137885912706e+06,3.980422033650e-03,1.046868954029e+02,1.045307088677e+02,5.697488835628e+02,5.770598680354e+02,2.758997859834e+06,1.368451180674e+06,4.323848992632e+01,7.016502189471e+02,8.027525734262e+02,1.045308117450e+02,1.302154800936e-01,2.462091331818e-04,2.465769205034e-04,1.001494168909e+00,2.325503337005e+01
1.161936560935e-01,3.182566090376e-04,1.006500000000e-02,8.137054431776e+06,4.103651567003e-03,1.046963528091e+02,1.045423400604e+02,5.697389047321e+02,5.770576601963e+02,2.758993618381e+06,1.368439331217e+06,4.323420032638e+01,7.016536129090e+02,8.007372547788e+02,1.045424446544e+02,1.305577379227e-01,2.538345592346e-04,2.542084156089e-04,1.001473209310e+00,2.325503349203e+01
1.181969949917e-01,3.182566090376e-04,1.006500000000e-02,8.136219055833e+06,4.228030419039e-03,1.047067009271e+02,1.045540825811e+02,5.697295911003e+02,5.770554318247e+02,2.758993562613e+06,1.368427365883e+06,4.322968287584e+01,7.016570480784e+02,7.987194269983e+02,1.045541893773e+02,1.309022741193e-01,2.615301530376e-04,2.619118104955e-04,1.001459707189e+00,2.325503392993e+01
1.202003338898e-01,3.182566090376e-04,1.006500000000e-02,8.135378000917e+06,4.353738446493e-03,1.047178405102e+02,1.045659535584e+02,5.697208106405e+02,5.770531796137e+02,2.758997030318e+06,1.368415267727e+06,4.322496069530e+01,7.016605281812e+02,7.966964251200e+02,1.045660630105e+02,1.312495697401e-01,2.693071315948e-04,2.696982073334e-04,1.001452546901e+00,2.325503465553e+01
1.222036727880e-01,3.182566090376e-04,1.006500000000e-02,8.134529721121e+06,4.480937789461e-03,1.047296905116e+02,1.045779683855e+02,5.697124615791e+02,5.770509005981e+02,2.759003522137e+06,1.368403021476e+06,4.322005014063e+01,7.016640566931e+02,7.946659587383e+02,1.045780809208e+02,1.316000512805e-01,2.771755883221e-04,2.775776041295e-04,1.001450803916e+00,2.325503563055e+01
1.242070116861e-01,3.182566090376e-04,1.006500000000e-02,8.133672821572e+06,4.609775277901e-03,1.047421856116e+02,1.045901410405e+02,5.697044591657e+02,5.770485920847e+02,2.759012629240e+06,1.368390613244e+06,4.321496390652e+01,7.016676367940e+02,7.926260598460e+02,1.045902570652e+02,1.319540983620e-01,2.851446564036e-04,2.855590579544e-04,1.001453718004e+00,2.325503682428e+01
1.262103505843e-01,3.182566090376e-04,1.006500000000e-02,8.132806038722e+06,4.740384521068e-03,1.047552732637e+02,1.046024842786e+02,5.696967308182e+02,5.770462516168e+02,2.759024005998e+06,1.368378030351e+06,4.320971227076e+01,7.016712714070e+02,7.905750394915e+02,1.046026041826e+02,1.323120500363e-01,2.932226432949e-04,2.936508170088e-04,1.001460663063e+00,2.325503821218e+01
1.282136894825e-01,3.182566090376e-04,1.006500000000e-02,8.131928228115e+06,4.872887731268e-03,1.047689111174e+02,1.046150097928e+02,5.696892138595e+02,5.770438769446e+02,2.759037357446e+06,1.368365261168e+06,4.320430364840e+01,7.016749632406e+02,7.885114506661e+02,1.046151339538e+02,1.326742102038e-01,3.014171453655e-04,3.018604325684e-04,1.001471120874e+00,2.325503977326e+01
1.302170283806e-01,3.182566090376e-04,1.006500000000e-02,8.131038349221e+06,5.007397308021e-03,1.047830649664e+02,1.046277283612e+02,5.696818539939e+02,5.770414659974e+02,2.759052431293e+06,1.368352294970e+06,4.319874490481e+01,7.016787148199e+02,7.864340563667e+02,1.046278571476e+02,1.330408523138e-01,3.097351466128e-04,3.101948553581e-04,1.001484660020e+00,2.325504148925e+01
1.322203672788e-01,3.182566090376e-04,1.006500000000e-02,8.130135450555e+06,5.144017208045e-03,1.047977071517e+02,1.046406499769e+02,5.696746040721e+02,5.770390168582e+02,2.759069011617e+06,1.368339121814e+06,4.319304158745e+01,7.016825285119e+02,7.843418021812e+02,1.046407837510e+02,1.334122234210e-01,3.181831038741e-04,3.186605188652e-04,1.001500919336e+00,2.325504334440e+01
1.342237061770e-01,3.182566090376e-04,1.006500000000e-02,8.129218656884e+06,5.282844128578e-03,1.048128153184e+02,1.046537839600e+02,5.696674230424e+02,5.770365277424e+02,2.759086913521e+06,1.368325732426e+06,4.318719812128e+01,7.016864065470e+02,7.822337927782e+02,1.046539230803e+02,1.337885476777e-01,3.267670204602e-04,3.272634114606e-04,1.001519594920e+00,2.325504532530e+01
1.362270450751e-01,3.182566090376e-04,1.006500000000e-02,8.128287158421e+06,5.423968530695e-03,1.048283714454e+02,1.046671390541e+02,5.696602750581e+02,5.770339969785e+02,2.759105978564e+06,1.368312118106e+06,4.318121797617e+01,7.016903510387e+02,7.801092717179e+02,1.046672838770e+02,1.341700293428e-01,3.354925098771e-04,3.360091389225e-04,1.001540429907e+00,2.325504742056e+01
1.382303839733e-01,3.182566090376e-04,1.006500000000e-02,8.127340201573e+06,5.567475526420e-03,1.048443610821e+02,1.046807235098e+02,5.696531287171e+02,5.770314229925e+02,2.759126070891e+06,1.368298270648e+06,4.317510380886e+01,7.016943640002e+02,7.779676040724e+02,1.046808743918e+02,1.345568553803e-01,3.443648510903e-04,3.449029787485e-04,1.001563206356e+00,2.325504962053e+01
1.402337228715e-01,3.182566090376e-04,1.006500000000e-02,8.126377080938e+06,5.713445649922e-03,1.048607727438e+02,1.046945451571e+02,5.696459564185e+02,5.770288042931e+02,2.759147073948e+06,1.368284182266e+06,4.316885758189e+01,7.016984473596e+02,7.758082614256e+02,1.046947024561e+02,1.349491977099e-01,3.533890365756e-04,3.539499274465e-04,1.001587738753e+00,2.325505191704e+01
1.422370617696e-01,3.182566090376e-04,1.006500000000e-02,8.125397132356e+06,5.861955529794e-03,1.048775974282e+02,1.047086114692e+02,5.696387338164e+02,5.770261394600e+02,2.759168887722e+06,1.368269845531e+06,4.316248066301e+01,7.017026029730e+02,7.736308088952e+02,1.047087755457e+02,1.353472151597e-01,3.625698142073e-04,3.631547418145e-04,1.001613868780e+00,2.325505430324e+01
1.442404006678e-01,3.182566090376e-04,1.006500000000e-02,8.124399726847e+06,6.013078476691e-03,1.048948282271e+02,1.047229296172e+02,5.696314393569e+02,5.770234271329e+02,2.759191426394e+06,1.368255253320e+06,4.315597390826e+01,7.017068326357e+02,7.714348938789e+02,1.047231008361e+02,1.357510551662e-01,3.719117238688e-04,3.725219750604e-04,1.001641461049e+00,2.325505677338e+01
1.462437395659e-01,3.182566090376e-04,1.006500000000e-02,8.123384265315e+06,6.166884998276e-03,1.049124600106e+02,1.047375065196e+02,5.696240538830e+02,5.770206660020e+02,2.759214616363e+06,1.368240398763e+06,4.314933773145e+01,7.017111380929e+02,7.692202362751e+02,1.047376852508e+02,1.361608552552e-01,3.814191295314e-04,3.820560084836e-04,1.001670399619e+00,2.325505932268e+01
1.482470784641e-01,3.182566090376e-04,1.006500000000e-02,8.122350173914e+06,6.323443251583e-03,1.049304891697e+02,1.047523488846e+02,5.696165602986e+02,5.770178547995e+02,2.759238394554e+06,1.368225275203e+06,4.314257216258e+01,7.017155210484e+02,7.669866199693e+02,1.047525355043e+02,1.365767443354e-01,3.910962474288e-04,3.917610793278e-04,1.001700585114e+00,2.325506194718e+01
1.502504173623e-01,3.182566090376e-04,1.006500000000e-02,8.121296899973e+06,6.482819441348e-03,1.049489134045e+02,1.047674632478e+02,5.696089432798e+02,5.770149922927e+02,2.759262706988e+06,1.368209876159e+06,4.313567689684e+01,7.017199831726e+02,7.647338854097e+02,1.047676581395e+02,1.369988438310e-01,4.009471708620e-04,4.016413053246e-04,1.001731932330e+00,2.325506464367e+01
1.522537562604e-01,3.182566090376e-04,1.006500000000e-02,8.120223908415e+06,6.645078171620e-03,1.049677315496e+02,1.047828560062e+02,5.696011890275e+02,5.770120772771e+02,2.759287507552e+06,1.368194195290e+06,4.312865133603e+01,7.017245261095e+02,7.624619231210e+02,1.047830595616e+02,1.374272686729e-01,4.109758920888e-04,4.117007063711e-04,1.001764368241e+00,2.325506740957e+01
1.542570951586e-01,3.182566090376e-04,1.006500000000e-02,8.119130678589e+06,6.810282756897e-03,1.049869434285e+02,1.047985334473e+02,5.695932850550e+02,5.770091085709e+02,2.759312756953e+06,1.368178226369e+06,4.312149462332e+01,7.017291514834e+02,7.601706680305e+02,1.047987460670e+02,1.378621281699e-01,4.211863216867e-04,4.219432237226e-04,1.001797830322e+00,2.325507024285e+01
1.562604340568e-01,3.182566090376e-04,1.006500000000e-02,8.118016701475e+06,6.978495498167e-03,1.050065497325e+02,1.048145017757e+02,5.695852200045e+02,5.770060850098e+02,2.759338421813e+06,1.368161963258e+06,4.311420567267e+01,7.017338609041e+02,7.578600944954e+02,1.048147238703e+02,1.383035267744e-01,4.315823057264e-04,4.323727370275e-04,1.001832265131e+00,2.325507314200e+01
1.582637729549e-01,3.182566090376e-04,1.006500000000e-02,8.116881477197e+06,7.149777928475e-03,1.050265519193e+02,1.048307671365e+02,5.695769834885e+02,5.770030054424e+02,2.759364473902e+06,1.368145399878e+06,4.310678319375e+01,7.017386559720e+02,7.555302119392e+02,1.048309991272e+02,1.387515647563e-01,4.421676410419e-04,4.429930794904e-04,1.001867627111e+00,2.325507610589e+01
1.602671118531e-01,3.182566090376e-04,1.006500000000e-02,8.115724512818e+06,7.324191032034e-03,1.050469521273e+02,1.048473356367e+02,5.695685659529e+02,5.769998687264e+02,2.759390889469e+06,1.368128530195e+06,4.309922571291e+01,7.017435382829e+02,7.531810610163e+02,1.048475779562e+02,1.392063387981e-01,4.529460888492e-04,4.538080514051e-04,1.001903877570e+00,2.325507913381e+01
1.622704507513e-01,3.182566090376e-04,1.006500000000e-02,8.114545320366e+06,7.501795440359e-03,1.050677531036e+02,1.048642133636e+02,5.695599585577e+02,5.769966737245e+02,2.759417648669e+06,1.368111348199e+06,4.309153159093e+01,7.017485094321e+02,7.508127102352e+02,1.048644664568e+02,1.396679425205e-01,4.639213869286e-04,4.648214322733e-04,1.001940983807e+00,2.325508222537e+01
1.642737896494e-01,3.182566090376e-04,1.006500000000e-02,8.113343415070e+06,7.682651608433e-03,1.050889581438e+02,1.048814064025e+02,5.695511530741e+02,5.769934193015e+02,2.759444735070e+06,1.368093847888e+06,4.308369903788e+01,7.017535710177e+02,7.484252529811e+02,1.048816707274e+02,1.401364669480e-01,4.750972605592e-04,4.760369916935e-04,1.001978918365e+00,2.325508538050e+01
1.662771285476e-01,3.182566090376e-04,1.006500000000e-02,8.112118313774e+06,7.866819973544e-03,1.051105710398e+02,1.048989208517e+02,5.695421417947e+02,5.769901043214e+02,2.759472135226e+06,1.368076023249e+06,4.307572612571e+01,7.017587246443e+02,7.460188048849e+02,1.048991968800e+02,1.406120009217e-01,4.864774323696e-04,4.874584991815e-04,1.002017658393e+00,2.325508859936e+01
1.682804674457e-01,3.182566090376e-04,1.006500000000e-02,8.110869533506e+06,8.054361099097e-03,1.051325960371e+02,1.049167628370e+02,5.695329174552e+02,5.769867276442e+02,2.759499838310e+06,1.368057868249e+06,4.306761079874e+01,7.017639719260e+02,7.435935014962e+02,1.049170510549e+02,1.410946314671e-01,4.980656312472e-04,4.990897330633e-04,1.002057185089e+00,2.325509188238e+01
1.702838063439e-01,3.182566090376e-04,1.006500000000e-02,8.109596590180e+06,8.245335805383e-03,1.051550377976e+02,1.049349385242e+02,5.695234731659e+02,5.769832881239e+02,2.759527835799e+06,1.368039376821e+06,4.305935088236e+01,7.017693144892e+02,7.411494962187e+02,1.049352394332e+02,1.415844441216e-01,5.098656004326e-04,5.109344885660e-04,1.002097483226e+00,2.325509523019e+01
1.722871452421e-01,3.182566090376e-04,1.006500000000e-02,8.108298997419e+06,8.439805289102e-03,1.051779013686e+02,1.049534541312e+02,5.695138023523e+02,5.769797846063e+02,2.759556121190e+06,1.368020542850e+06,4.305094409034e+01,7.017747539753e+02,7.386869584758e+02,1.049537682487e+02,1.420815232277e-01,5.218811049061e-04,5.229965852124e-04,1.002138540739e+00,2.325509864364e+01
1.742904841402e-01,3.182566090376e-04,1.006500000000e-02,8.106976265471e+06,8.637831233143e-03,1.052011921572e+02,1.049723159391e+02,5.695038987029e+02,5.769762159265e+02,2.759584689775e+06,1.368001360168e+06,4.304238803074e+01,7.017802920430e+02,7.362060720775e+02,1.049726437994e+02,1.425859521956e-01,5.341159381653e-04,5.352798736163e-04,1.002180348371e+00,2.325510212372e+01
1.762938230384e-01,3.182566090376e-04,1.006500000000e-02,8.105627900220e+06,8.839475908011e-03,1.052249159077e+02,1.049915303020e+02,5.694937561225e+02,5.769725809075e+02,2.759613538422e+06,1.367981822535e+06,4.303368021077e+01,7.017859303706e+02,7.337070337617e+02,1.049918724569e+02,1.430978137399e-01,5.465739284759e-04,5.477882417615e-04,1.002222899362e+00,2.325510567161e+01
1.782971619366e-01,3.182566090376e-04,1.006500000000e-02,8.104253402260e+06,9.044802266070e-03,1.052490786840e+02,1.050111036571e+02,5.694833686929e+02,5.769688783578e+02,2.759642665409e+06,1.367961923641e+06,4.302481804066e+01,7.017916706583e+02,7.311900518893e+02,1.050114606768e+02,1.436171900937e-01,5.592589446713e-04,5.605256208379e-04,1.002266189180e+00,2.325510928863e+01
1.803005008347e-01,3.182566090376e-04,1.006500000000e-02,8.102852266045e+06,9.253874029679e-03,1.052736868544e+02,1.050310425335e+02,5.694727306359e+02,5.769651070705e+02,2.759672070262e+06,1.367941657087e+06,4.301579883667e+01,7.017975146297e+02,7.286553452722e+02,1.050314150072e+02,1.441441632024e-01,5.721749015657e-04,5.734959907007e-04,1.002310215295e+00,2.325511297624e+01
1.823038397329e-01,3.182566090376e-04,1.006500000000e-02,8.101423979084e+06,9.466755774133e-03,1.052987470791e+02,1.050513535604e+02,5.694618362829e+02,5.769612658210e+02,2.759701753624e+06,1.367921016383e+06,4.300661982343e+01,7.018034640344e+02,7.261031421195e+02,1.050517420976e+02,1.446788149008e-01,5.853257650390e-04,5.867033850088e-04,1.002354976973e+00,2.325511673604e+01
1.843071786311e-01,3.182566090376e-04,1.006500000000e-02,8.099968021184e+06,9.683513006247e-03,1.053242663007e+02,1.050720434762e+02,5.694506800458e+02,5.769573533658e+02,2.759731717139e+06,1.367899994940e+06,4.299727813558e+01,7.018095206493e+02,7.235336790849e+02,1.050724487068e+02,1.452212270750e-01,5.987155568458e-04,6.001518960951e-04,1.002400475104e+00,2.325512056974e+01
1.863105175292e-01,3.182566090376e-04,1.006500000000e-02,8.098483863731e+06,9.904212239311e-03,1.053502517364e+02,1.050931191354e+02,5.694392563925e+02,5.769533684412e+02,2.759761963353e+06,1.367878586058e+06,4.298777081889e+01,7.018156862808e+02,7.209472004045e+02,1.050935417113e+02,1.457714818122e-01,6.123483591916e-04,6.138456796126e-04,1.002446712050e+00,2.325512447917e+01
1.883138564274e-01,3.182566090376e-04,1.006500000000e-02,8.096970969003e+06,1.012892106508e-02,1.053767108721e+02,1.051145875171e+02,5.694275598246e+02,5.769493097616e+02,2.759792495628e+06,1.367856782924e+06,4.297809483083e+01,7.018219627661e+02,7.183439571130e+02,1.051150281126e+02,1.463296615385e-01,6.262283191192e-04,6.277889589975e-04,1.002493691516e+00,2.325512846627e+01
1.903171953255e-01,3.182566090376e-04,1.006500000000e-02,8.095428789506e+06,1.035770822335e-02,1.054036514587e+02,1.051364557318e+02,5.694155848567e+02,5.769451760184e+02,2.759823318065e+06,1.367834578603e+06,4.296824704080e+01,7.018283519752e+02,7.157242063287e+02,1.051369150448e+02,1.468958491485e-01,6.403596527399e-04,6.419860297851e-04,1.002541418436e+00,2.325513253309e+01
1.923205342237e-01,3.182566090376e-04,1.006500000000e-02,8.093856767335e+06,1.059064366971e-02,1.054310815088e+02,1.051587310292e+02,5.694033259986e+02,5.769409658784e+02,2.759854435441e+06,1.367811966029e+06,4.295822422985e+01,7.018348558123e+02,7.130882105989e+02,1.051592097819e+02,1.474701281256e-01,6.547466493431e-04,6.564412638110e-04,1.002589898880e+00,2.325513668179e+01
1.943238731219e-01,3.182566090376e-04,1.006500000000e-02,8.092254333546e+06,1.082779864187e-02,1.054590092963e+02,1.051814208052e+02,5.693907777385e+02,5.769366779829e+02,2.759885853151e+06,1.367788938002e+06,4.294802309013e+01,7.018414762178e+02,7.104362372986e+02,1.051819197454e+02,1.480525826573e-01,6.693936754115e-04,6.711591133263e-04,1.002639139964e+00,2.325514091461e+01
1.963272120200e-01,3.182566090376e-04,1.006500000000e-02,8.090620907539e+06,1.106924572500e-02,1.054874433557e+02,1.052045326093e+02,5.693779345280e+02,5.769323109460e+02,2.759917577164e+06,1.367765487179e+06,4.293764022403e+01,7.018482151697e+02,7.077685580759e+02,1.052050525111e+02,1.486432977428e-01,6.843051785709e-04,6.861441150539e-04,1.002689149786e+00,2.325514523392e+01
1.983305509182e-01,3.182566090376e-04,1.006500000000e-02,8.088955896453e+06,1.131505891654e-02,1.055163924837e+02,1.052280741516e+02,5.693647907679e+02,5.769278633537e+02,2.759949613978e+06,1.367741606068e+06,4.292707214298e+01,7.018550746850e+02,7.050854483383e+02,1.052286158166e+02,1.492423592978e-01,6.994856914952e-04,7.014008942089e-04,1.002739937364e+00,2.325514964215e+01
2.003338898164e-01,3.182566090376e-04,1.006500000000e-02,8.087258694561e+06,1.156531369073e-02,1.055458657409e+02,1.052520533101e+02,5.693513407958e+02,5.769233337623e+02,2.759981970585e+06,1.367717287020e+06,4.291631526600e+01,7.018620568220e+02,7.023871867756e+02,1.052526175685e+02,1.498498542544e-01,7.149398357917e-04,7.169341685058e-04,1.002791512580e+00,2.325515414187e+01
2.023372287145e-01,3.182566090376e-04,1.006500000000e-02,8.085528682667e+06,1.182008706328e-02,1.055758724554e+02,1.052764781379e+02,5.693375788732e+02,5.769187206974e+02,2.760014654441e+06,1.367692522226e+06,4.290536591804e+01,7.018691636811e+02,6.996740549146e+02,1.052770658497e+02,1.504658706582e-01,7.306723258828e-04,7.327487521719e-04,1.002843886144e+00,2.325515873572e+01
2.043405676127e-01,3.182566090376e-04,1.006500000000e-02,8.083765227501e+06,1.207945765638e-02,1.056064222264e+02,1.053013568709e+02,5.693234991749e+02,5.769140226523e+02,2.760047673440e+06,1.367667303705e+06,4.289422032807e+01,7.018763974075e+02,6.969463367024e+02,1.053019689268e+02,1.510904977635e-01,7.466879729062e-04,7.488495599855e-04,1.002897069558e+00,2.325516342643e+01
2.063439065109e-01,3.182566090376e-04,1.006500000000e-02,8.081967681110e+06,1.234350576441e-02,1.056375249289e+02,1.053266979349e+02,5.693090957778e+02,5.769092380870e+02,2.760081035891e+06,1.367641623302e+06,4.288287462696e+01,7.018837601918e+02,6.942043181148e+02,1.053273352579e+02,1.517238261264e-01,7.629916886472e-04,7.652416113561e-04,1.002951075084e+00,2.325516821687e+01
2.083472454090e-01,3.182566090376e-04,1.006500000000e-02,8.080135380239e+06,1.261231342060e-02,1.056691907198e+02,1.053525099535e+02,5.692943626508e+02,5.769043654267e+02,2.760114750500e+06,1.367615472678e+06,4.287132484513e+01,7.018912542726e+02,6.914482867870e+02,1.053531734998e+02,1.523659476971e-01,7.795884895213e-04,7.819300344637e-04,1.003005915725e+00,2.325517310996e+01
2.103505843072e-01,3.182566090376e-04,1.006500000000e-02,8.078267645705e+06,1.288596446483e-02,1.057014300437e+02,1.053788017557e+02,5.692792936449e+02,5.768994030605e+02,2.760148826353e+06,1.367588843305e+06,4.285956691006e+01,7.018988819380e+02,6.886785316643e+02,1.053794925165e+02,1.530169559110e-01,7.964835006205e-04,7.989200704704e-04,1.003061605205e+00,2.325517810875e+01
2.123539232053e-01,3.182566090376e-04,1.006500000000e-02,8.076363781762e+06,1.316454461284e-02,1.057342536400e+02,1.054055823843e+02,5.692638824835e+02,5.768943493400e+02,2.760183272905e+06,1.367561726456e+06,4.284759664356e+01,7.019066455272e+02,6.858953426711e+02,1.054063013867e+02,1.536769457804e-01,8.136819598381e-04,8.162170778207e-04,1.003118157959e+00,2.325518321639e+01
2.143572621035e-01,3.182566090376e-04,1.006500000000e-02,8.074423075444e+06,1.344814152713e-02,1.057676725511e+02,1.054328611038e+02,5.692481227530e+02,5.768892025778e+02,2.760218099965e+06,1.367534113201e+06,4.283540975890e+01,7.019145474328e+02,6.830990103948e+02,1.054336094125e+02,1.543460139864e-01,8.311892220856e-04,8.338265366430e-04,1.003175589126e+00,2.325518843613e+01
2.163606010017e-01,3.182566090376e-04,1.006500000000e-02,8.072444795899e+06,1.373684488962e-02,1.058016981302e+02,1.054606474091e+02,5.692320078939e+02,5.768839610461e+02,2.760253317692e+06,1.367505994397e+06,4.282300185771e+01,7.019225901024e+02,6.802898257860e+02,1.054614261279e+02,1.550242589708e-01,8.490107636140e-04,8.517540532676e-04,1.003233914541e+00,2.325519377134e+01
2.183639398998e-01,3.182566090376e-04,1.006500000000e-02,8.070428193707e+06,1.403074647648e-02,1.058363420508e+02,1.054889510341e+02,5.692155311912e+02,5.768786229755e+02,2.760288936582e+06,1.367477360679e+06,4.281036842675e+01,7.019307760406e+02,6.774680798698e+02,1.054897613074e+02,1.557117810299e-01,8.671521864527e-04,8.700053648714e-04,1.003293150736e+00,2.325519922547e+01
2.203672787980e-01,3.182566090376e-04,1.006500000000e-02,8.068372500169e+06,1.432994023510e-02,1.058716163162e+02,1.055177819610e+02,5.691986857657e+02,5.768731865529e+02,2.760324967470e+06,1.367448202457e+06,4.279750483445e+01,7.019391078115e+02,6.746340634707e+02,1.055186249756e+02,1.564086824089e-01,8.856192229776e-04,8.885863442650e-04,1.003353314945e+00,2.325520480212e+01
2.223706176962e-01,3.182566090376e-04,1.006500000000e-02,8.066276926585e+06,1.463452236369e-02,1.059075332701e+02,1.055471504297e+02,5.691814645648e+02,5.768676499201e+02,2.760361421518e+06,1.367418509901e+06,4.278440632734e+01,7.019475880403e+02,6.717880669471e+02,1.055480274163e+02,1.571150673991e-01,9.044177406219e-04,9.075030048333e-04,1.003414425107e+00,2.325521050499e+01
2.243739565943e-01,3.182566090376e-04,1.006500000000e-02,8.064140663503e+06,1.494459139339e-02,1.059441056076e+02,1.055770669472e+02,5.691638603530e+02,5.768620111725e+02,2.760398310217e+06,1.367388272939e+06,4.277106802622e+01,7.019562194159e+02,6.689303799368e+02,1.055779791825e+02,1.578310424359e-01,9.235537467401e-04,9.267615056428e-04,1.003476499878e+00,2.325521633788e+01
2.263772954925e-01,3.182566090376e-04,1.006500000000e-02,8.061962879948e+06,1.526024827342e-02,1.059813463868e+02,1.056075422984e+02,5.691458657031e+02,5.768562683569e+02,2.760435645383e+06,1.367357481240e+06,4.275748492222e+01,7.019650046928e+02,6.660612911110e+02,1.056084911065e+02,1.585567162000e-01,9.430333936382e-04,9.463681567283e-04,1.003539558637e+00,2.325522230475e+01
2.283806343907e-01,3.182566090376e-04,1.006500000000e-02,8.059742722616e+06,1.558159645918e-02,1.060192690416e+02,1.056385875557e+02,5.691274729866e+02,5.768504194700e+02,2.760473439158e+06,1.367326124214e+06,4.274365187258e+01,7.019739466939e+02,6.631810879374e+02,1.056395743107e+02,1.592921997206e-01,9.628629837817e-04,9.663294245722e-04,1.003603621505e+00,2.325522840965e+01
2.303839732888e-01,3.182566090376e-04,1.006500000000e-02,8.057479315049e+06,1.590874200379e-02,1.060578873943e+02,1.056702140909e+02,5.691086743641e+02,5.768444624564e+02,2.760511704009e+06,1.367294190994e+06,4.272956359637e+01,7.019830483129e+02,6.602900564508e+02,1.056712402184e+02,1.600376064822e-01,9.830489751947e-04,9.866519377886e-04,1.003668709358e+00,2.325523465678e+01
2.323873121870e-01,3.182566090376e-04,1.006500000000e-02,8.055171756773e+06,1.624179365301e-02,1.060972156699e+02,1.057024335860e+02,5.690894617752e+02,5.768383952068e+02,2.760550452729e+06,1.367261670431e+06,4.271521466987e+01,7.019923125167e+02,6.573884810317e+02,1.057035005656e+02,1.607930525337e-01,1.003597987061e-03,1.007342493027e-03,1.003734843849e+00,2.325524105046e+01
2.343906510851e-01,3.182566090376e-04,1.006500000000e-02,8.052819122410e+06,1.658086294399e-02,1.061372685106e+02,1.057352580451e+02,5.690698269289e+02,5.768322155560e+02,2.760589698438e+06,1.367228551082e+06,4.270059952182e+01,7.020017423482e+02,6.544766441916e+02,1.057363674126e+02,1.615586566014e-01,1.024516805543e-03,1.028408061107e-03,1.003802047424e+00,2.325524759517e+01
2.363939899833e-01,3.182566090376e-04,1.006500000000e-02,8.050420460750e+06,1.692606430798e-02,1.061780609909e+02,1.057686998071e+02,5.690497612931e+02,5.768259212809e+02,2.760629454586e+06,1.367194821201e+06,4.268571242851e+01,7.020113409291e+02,6.515548263653e+02,1.057698531568e+02,1.623345402057e-01,1.045812389827e-03,1.049855793402e-03,1.003870343349e+00,2.325525429549e+01
2.383973288815e-01,3.182566090376e-04,1.006500000000e-02,8.047974793791e+06,1.727751517716e-02,1.062196086341e+02,1.058027715584e+02,5.690292560838e+02,5.768195100981e+02,2.760669734959e+06,1.367160468721e+06,4.267054750852e+01,7.020211114628e+02,6.486233057095e+02,1.058039705458e+02,1.631208277816e-01,1.067491878410e-03,1.071693028483e-03,1.003939755731e+00,2.325526115618e+01
2.404006677796e-01,3.182566090376e-04,1.006500000000e-02,8.045481115738e+06,1.763533609601e-02,1.062619274289e+02,1.058374863465e+02,5.690083022539e+02,5.768129796618e+02,2.760710553675e+06,1.367125481252e+06,4.265509871735e+01,7.020310572377e+02,6.456823579073e+02,1.058387326905e+02,1.639176468032e-01,1.089562595653e-03,1.093927299040e-03,1.004010309551e+00,2.325526818212e+01
2.424040066778e-01,3.182566090376e-04,1.006500000000e-02,8.042938391967e+06,1.799965083733e-02,1.063050338474e+02,1.058728575939e+02,5.689868904823e+02,5.768063275615e+02,2.760751925198e+06,1.367089846062e+06,4.263935984175e+01,7.020411816299e+02,6.427322559794e+02,1.058741530801e+02,1.647251279131e-01,1.112032058589e-03,1.116566339092e-03,1.004082030686e+00,2.325527537836e+01
2.444073455760e-01,3.182566090376e-04,1.006500000000e-02,8.040345557943e+06,1.837058652319e-02,1.063489448639e+02,1.059088991130e+02,5.689650111619e+02,5.767995513196e+02,2.760793864334e+06,1.367053550064e+06,4.262332449385e+01,7.020514881070e+02,6.397732700997e+02,1.059102455962e+02,1.655434050561e-01,1.134907984034e-03,1.139618091513e-03,1.004154945946e+00,2.325528275008e+01
2.464106844741e-01,3.182566090376e-04,1.006500000000e-02,8.037701518093e+06,1.874827375122e-02,1.063936779745e+02,1.059456251215e+02,5.689426543868e+02,5.767926483887e+02,2.760836386242e+06,1.367016579808e+06,4.260698610500e+01,7.020619802313e+02,6.368056674178e+02,1.059470245289e+02,1.663726156184e-01,1.158198295991e-03,1.163090715879e-03,1.004229083102e+00,2.325529030265e+01
2.484140233723e-01,3.182566090376e-04,1.006500000000e-02,8.035005144634e+06,1.913284672629e-02,1.064392512173e+02,1.059830502586e+02,5.689198099404e+02,5.767856161490e+02,2.760879506437e+06,1.366978921461e+06,4.259033791933e+01,7.020726616635e+02,6.338297118863e+02,1.059845045929e+02,1.672129005714e-01,1.181911133376e-03,1.186992596662e-03,1.004304470928e+00,2.325529804156e+01
2.504173622705e-01,3.182566090376e-04,1.006500000000e-02,8.032255276350e+06,1.952444339817e-02,1.064856831947e+02,1.060211896016e+02,5.688964672817e+02,5.767784519055e+02,2.760923240796e+06,1.366940560796e+06,4.257337298710e+01,7.020835361665e+02,6.308456640929e+02,1.060227009443e+02,1.680644046223e-01,1.206054858085e-03,1.211332351786e-03,1.004381139231e+00,2.325530597249e+01
2.524207011686e-01,3.182566090376e-04,1.006500000000e-02,8.029450717320e+06,1.992320560525e-02,1.065329930958e+02,1.060600586839e+02,5.688726155314e+02,5.767711528854e+02,2.760967605568e+06,1.366901483176e+06,4.255608415768e+01,7.020946076096e+02,6.278537810988e+02,1.060616291990e+02,1.689272763691e-01,1.230638063405e-03,1.236118841571e-03,1.004459118897e+00,2.325531410127e+01
2.544240400668e-01,3.182566090376e-04,1.006500000000e-02,8.026590235588e+06,2.032927922479e-02,1.065812007201e+02,1.060996735131e+02,5.688482434577e+02,5.767637162345e+02,2.761012617374e+06,1.366861673536e+06,4.253846407228e+01,7.021058799723e+02,6.248543162808e+02,1.061013054508e+02,1.698016684631e-01,1.255669582817e-03,1.261361178078e-03,1.004538441930e+00,2.325532243389e+01
2.564273789649e-01,3.182566090376e-04,1.006500000000e-02,8.023672561775e+06,2.074281433002e-02,1.066303265029e+02,1.061400505908e+02,5.688233394613e+02,5.767561390145e+02,2.761058293223e+06,1.366821116369e+06,4.252050515632e+01,7.021173573488e+02,6.218475191795e+02,1.061417462914e+02,1.706877377777e-01,1.281158499179e-03,1.287068734883e-03,1.004619141496e+00,2.325533097651e+01
2.584307178631e-01,3.182566090376e-04,1.006500000000e-02,8.020696387630e+06,2.116396535453e-02,1.066803915413e+02,1.061812069329e+02,5.687978915596e+02,5.767484181996e+02,2.761104650513e+06,1.366779795710e+06,4.250219961144e+01,7.021290439528e+02,6.188336353517e+02,1.061829688307e+02,1.715856455836e-01,1.307114154337e-03,1.313251157306e-03,1.004701251971e+00,2.325533973548e+01
2.604340567613e-01,3.182566090376e-04,1.006500000000e-02,8.017660364516e+06,2.159289126418e-02,1.067314176216e+02,1.062231600906e+02,5.687718873709e+02,5.767405506727e+02,2.761151707045e+06,1.366737695111e+06,4.248353940713e+01,7.021409441220e+02,6.158129062282e+02,1.062249907184e+02,1.724955577320e-01,1.333546159161e-03,1.339918373105e-03,1.004784808987e+00,2.325534871727e+01
2.624373956594e-01,3.182566090376e-04,1.006500000000e-02,8.014563101837e+06,2.202975573708e-02,1.067834272488e+02,1.062659281732e+02,5.687453140956e+02,5.767325332224e+02,2.761199481033e+06,1.366694797630e+06,4.246451627199e+01,7.021530623231e+02,6.127855689771e+02,1.062678301669e+02,1.734176448448e-01,1.360464404056e-03,1.367080603675e-03,1.004869849486e+00,2.325535792854e+01
2.644407345576e-01,3.182566090376e-04,1.006500000000e-02,8.011403165366e+06,2.247472735203e-02,1.068364436766e+02,1.063095298712e+02,5.687181584974e+02,5.767243625388e+02,2.761247991112e+06,1.366651085805e+06,4.244512168481e+01,7.021654031573e+02,6.097518563718e+02,1.063115059746e+02,1.743520825130e-01,1.387879069959e-03,1.394748375785e-03,1.004956411773e+00,2.325536737613e+01
2.664440734558e-01,3.182566090376e-04,1.006500000000e-02,8.008179075532e+06,2.292797978598e-02,1.068904909395e+02,1.063539844814e+02,5.686904068902e+02,5.767160352093e+02,2.761297256341e+06,1.366606541635e+06,4.242534686507e+01,7.021779713657e+02,6.067119966607e+02,1.063560375513e+02,1.752990515050e-01,1.415800639848e-03,1.422932533876e-03,1.005044535574e+00,2.325537706701e+01
2.684474123539e-01,3.182566090376e-04,1.006500000000e-02,8.004889305600e+06,2.338969202100e-02,1.069455938869e+02,1.063993119326e+02,5.686620451146e+02,5.767075477149e+02,2.761347296218e+06,1.366561146561e+06,4.240518276307e+01,7.021907718350e+02,6.036662134440e+02,1.064014449441e+02,1.762587379822e-01,1.444239910808e-03,1.451644252944e-03,1.005134262096e+00,2.325538700834e+01
2.704507512521e-01,3.182566090376e-04,1.006500000000e-02,8.001532279773e+06,2.386004856121e-02,1.070017782183e+02,1.064455328128e+02,5.686330585171e+02,5.766988964253e+02,2.761398130685e+06,1.366514881436e+06,4.238462004953e+01,7.022038096039e+02,6.006147255544e+02,1.064477488651e+02,1.772313337253e-01,1.473208006664e-03,1.480895052061e-03,1.005225634094e+00,2.325539720739e+01
2.724540901503e-01,3.182566090376e-04,1.006500000000e-02,7.998106371205e+06,2.433923966039e-02,1.070590705203e+02,1.064926683981e+02,5.686034319290e+02,5.766900775949e+02,2.761449780141e+06,1.366467726507e+06,4.236364910458e+01,7.022170898691e+02,5.975577469427e+02,1.064949707202e+02,1.782170363701e-01,1.502716391219e-03,1.510696808545e-03,1.005318695932e+00,2.325540767162e+01
2.744574290484e-01,3.182566090376e-04,1.006500000000e-02,7.994609899911e+06,2.482746156072e-02,1.071174983064e+02,1.065407406826e+02,5.685731496428e+02,5.766810873576e+02,2.761502265455e+06,1.366419661389e+06,4.234226000637e+01,7.022306179921e+02,5.944954865665e+02,1.065431326399e+02,1.792160496545e-01,1.532776882142e-03,1.541061772836e-03,1.005413493656e+00,2.325541840861e+01
2.764607679466e-01,3.182566090376e-04,1.006500000000e-02,7.991041130576e+06,2.532491674340e-02,1.071770900578e+02,1.065897724104e+02,5.685421953892e+02,5.766719217216e+02,2.761555607979e+06,1.366370665035e+06,4.232044251905e+01,7.022443995063e+02,5.914281482843e+02,1.065922575114e+02,1.802285836760e-01,1.563401665529e-03,1.572002584113e-03,1.005510075067e+00,2.325542942607e+01
2.784641068447e-01,3.182566090376e-04,1.006500000000e-02,7.987398270254e+06,2.583181419180e-02,1.072378752674e+02,1.066397871091e+02,5.685105523116e+02,5.766625765646e+02,2.761609829555e+06,1.366320715708e+06,4.229818608010e+01,7.022584401246e+02,5.883559307531e+02,1.066423690121e+02,1.812548551616e-01,1.594603311183e-03,1.603532286693e-03,1.005608489801e+00,2.325544073185e+01
2.804674457429e-01,3.182566090376e-04,1.006500000000e-02,7.983679465948e+06,2.634836966790e-02,1.072998844852e+02,1.066908091245e+02,5.684782029394e+02,5.766530476277e+02,2.761664952536e+06,1.366269790957e+06,4.227547978717e+01,7.022727457467e+02,5.852790273301e+02,1.066934916456e+02,1.822950877504e-01,1.626394788654e-03,1.635664347264e-03,1.005708789405e+00,2.325545233389e+01
2.824707846411e-01,3.182566090376e-04,1.006500000000e-02,7.979882802064e+06,2.687480600278e-02,1.073631493670e+02,1.067428636585e+02,5.684451291601e+02,5.766433305096e+02,2.761720999790e+06,1.366217867578e+06,4.225231238414e+01,7.022873224678e+02,5.821976259784e+02,1.067456507791e+02,1.833495122892e-01,1.658789484085e-03,1.668412672993e-03,1.005811027429e+00,2.325546424025e+01
2.844741235392e-01,3.182566090376e-04,1.006500000000e-02,7.976006297727e+06,2.741135340207e-02,1.074277027254e+02,1.067959768075e+02,5.684113121901e+02,5.766334206610e+02,2.761777994721e+06,1.366164921590e+06,4.222867224645e+01,7.023021765867e+02,5.791119091765e+02,1.067988726828e+02,1.844183671420e-01,1.691801217903e-03,1.701791630570e-03,1.005915259514e+00,2.325547645906e+01
2.864774624374e-01,3.182566090376e-04,1.006500000000e-02,7.972047903964e+06,2.795824976716e-02,1.074935785835e+02,1.068501756043e+02,5.683767325431e+02,5.766233133770e+02,2.761835961279e+06,1.366110928193e+06,4.220454736571e+01,7.023173146154e+02,5.760220538309e+02,1.068531845724e+02,1.855018985155e-01,1.725444263421e-03,1.735816066243e-03,1.006021543489e+00,2.325548899855e+01
2.884808013356e-01,3.182566090376e-04,1.006500000000e-02,7.968005500714e+06,2.851574103335e-02,1.075608122322e+02,1.069054880616e+02,5.683413699973e+02,5.766130037912e+02,2.761894923978e+06,1.366055861735e+06,4.217992533348e+01,7.023327432880e+02,5.729282311920e+02,1.069086146525e+02,1.866003607993e-01,1.759733366390e-03,1.770501326902e-03,1.006129939467e+00,2.325550186698e+01
2.904841402337e-01,3.182566090376e-04,1.006500000000e-02,7.963876893690e+06,2.908408152569e-02,1.076294402899e+02,1.069619432178e+02,5.683052035607e+02,5.766024868681e+02,2.761954907907e+06,1.365999695676e+06,4.215479332407e+01,7.023484695714e+02,5.698306067739e+02,1.069651921637e+02,1.877140169240e-01,1.794683765566e-03,1.805863282280e-03,1.006240509961e+00,2.325551507267e+01
2.924874791319e-01,3.182566090376e-04,1.006500000000e-02,7.959659811047e+06,2.966353433402e-02,1.076995007668e+02,1.070195711859e+02,5.682682114339e+02,5.765917573952e+02,2.762015938751e+06,1.365942402543e+06,4.212913807648e+01,7.023645006752e+02,5.667293402760e+02,1.070229474318e+02,1.888431387366e-01,1.830311214362e-03,1.841918348343e-03,1.006353319989e+00,2.325552862394e+01
2.944908180301e-01,3.182566090376e-04,1.006500000000e-02,7.955351899873e+06,3.025437170804e-02,1.077710331315e+02,1.070784032051e+02,5.682303709711e+02,5.765808099755e+02,2.762078042804e+06,1.365883953892e+06,4.210294587527e+01,7.023808440633e+02,5.636245855074e+02,1.070819119199e+02,1.899880073959e-01,1.866632003639e-03,1.878683511940e-03,1.006468437197e+00,2.325554252914e+01
2.964941569282e-01,3.182566090376e-04,1.006500000000e-02,7.950950722454e+06,3.085687547403e-02,1.078440783829e+02,1.071384716952e+02,5.681916586386e+02,5.765696390185e+02,2.762141246986e+06,1.365824320261e+06,4.207620253033e+01,7.023975074654e+02,5.605164903132e+02,1.071421182835e+02,1.911489137878e-01,1.903662985714e-03,1.916176356803e-03,1.006585931986e+00,2.325555679659e+01
2.984974958264e-01,3.182566090376e-04,1.006500000000e-02,7.946453752338e+06,3.147133747453e-02,1.079186791258e+02,1.071998103141e+02,5.681520499705e+02,5.765582387314e+02,2.762205578864e+06,1.365763471122e+06,4.204889335540e+01,7.024144988896e+02,5.574051965034e+02,1.072036004295e+02,1.923261589630e-01,1.941421599671e-03,1.954415090973e-03,1.006705877646e+00,2.325557143457e+01
3.005008347245e-01,3.182566090376e-04,1.006500000000e-02,7.941858370137e+06,3.209806003244e-02,1.079948796508e+02,1.072624540195e+02,5.681115195217e+02,5.765466031095e+02,2.762271066668e+06,1.365701374833e+06,4.202100314542e+01,7.024318266352e+02,5.542908397813e+02,1.072663935773e+02,1.935200545975e-01,1.979925898052e-03,1.993418575765e-03,1.006828350498e+00,2.325558645133e+01
3.025041736227e-01,3.182566090376e-04,1.006500000000e-02,7.937161859080e+06,3.273735644138e-02,1.080727260198e+02,1.073264391331e+02,5.680700408182e+02,5.765347259265e+02,2.762337739310e+06,1.365637998584e+06,4.199251615236e+01,7.024494993064e+02,5.511735496743e+02,1.073305343254e+02,1.947309234792e-01,2.019194575009e-03,2.033206356354e-03,1.006953430047e+00,2.325560185503e+01
3.045075125209e-01,3.182566090376e-04,1.006500000000e-02,7.932361400286e+06,3.338955148398e-02,1.081522661565e+02,1.073918034098e+02,5.680275863034e+02,5.765226007232e+02,2.762405626406e+06,1.365573308340e+06,4.196341605962e+01,7.024675258271e+02,5.480534494638e+02,1.073960607203e+02,1.959591000209e-01,2.059246996048e-03,2.073798694116e-03,1.007081199147e+00,2.325561765372e+01
3.065108514190e-01,3.182566090376e-04,1.006500000000e-02,7.927454067723e+06,3.405498198011e-02,1.082335499422e+02,1.074585861106e+02,5.679841272816e+02,5.765102207965e+02,2.762474758296e+06,1.365507268782e+06,4.193368595479e+01,7.024859154564e+02,5.449306561151e+02,1.074630123311e+02,1.972049308020e-01,2.100103229429e-03,2.115216600828e-03,1.007211744168e+00,2.325563385537e+01
3.085141903172e-01,3.182566090376e-04,1.006500000000e-02,7.922436822844e+06,3.473399736725e-02,1.083166293190e+02,1.075268280802e+02,5.679396338571e+02,5.764975791876e+02,2.762545166065e+06,1.365439843246e+06,4.190330830063e+01,7.025046778042e+02,5.418052802054e+02,1.075314303281e+02,1.984687751424e-01,2.141784079374e-03,2.157481874872e-03,1.007345155184e+00,2.325565046782e+01
3.105175292154e-01,3.182566090376e-04,1.006500000000e-02,7.917306508861e+06,3.542696031519e-02,1.084015583980e+02,1.075965718299e+02,5.678940748693e+02,5.764846686691e+02,2.762616881566e+06,1.365370993654e+06,4.187226490419e+01,7.025238228490e+02,5.386774258507e+02,1.076013575663e+02,1.997510057088e-01,2.184311121194e-03,2.200617139571e-03,1.007481526172e+00,2.325566749876e+01
3.125208681135e-01,3.182566090376e-04,1.006500000000e-02,7.912059844638e+06,3.613424737773e-02,1.084883935766e+02,1.076678616247e+02,5.678474178232e+02,5.764714817312e+02,2.762689937444e+06,1.365300680444e+06,4.184053688375e+01,7.025433609557e+02,5.355471906289e+02,1.076728386748e+02,2.010520091578e-01,2.227706738462e-03,2.244645883833e-03,1.007620955218e+00,2.325568495573e+01
3.145242070117e-01,3.182566090376e-04,1.006500000000e-02,7.906693418148e+06,3.685624968407e-02,1.085771936618e+02,1.077407435778e+02,5.677996288146e+02,5.764580105676e+02,2.762764367158e+06,1.365228862492e+06,4.180810463370e+01,7.025633028952e+02,5.324146654999e+02,1.077459201514e+02,2.023721868185e-01,2.271994162407e-03,2.289592505256e-03,1.007763544749e+00,2.325570284614e+01
3.165275459098e-01,3.182566090376e-04,1.006500000000e-02,7.901203679489e+06,3.759337367292e-02,1.086680200035e+02,1.078152657495e+02,5.677506724508e+02,5.764442470604e+02,2.762840205012e+06,1.365155497038e+06,4.177494778681e+01,7.025836598643e+02,5.292799347199e+02,1.078206504643e+02,2.037119554161e-01,2.317197513662e-03,2.335482355890e-03,1.007909401773e+00,2.325572117721e+01
3.185308848080e-01,3.182566090376e-04,1.006500000000e-02,7.895586933392e+06,3.834604187264e-02,1.087609366363e+02,1.078914782546e+02,5.677005117641e+02,5.764301827630e+02,2.762917486172e+06,1.365080539593e+06,4.174104517394e+01,7.026044435078e+02,5.261430757504e+02,1.078970801597e+02,2.050717478431e-01,2.363341846563e-03,2.382341790853e-03,1.008058638141e+00,2.325573995603e+01
3.205342237062e-01,3.182566090376e-04,1.006500000000e-02,7.889839331188e+06,3.911469373104e-02,1.088560104308e+02,1.079694333751e+02,5.676491081198e+02,5.764158088836e+02,2.762996246701e+06,1.365003943853e+06,4.170637478090e+01,7.026256659410e+02,5.230041591594e+02,1.079752619773e+02,2.064520139778e-01,2.410453196181e-03,2.430198220026e-03,1.008211370830e+00,2.325575918954e+01
3.225375626043e-01,3.182566090376e-04,1.006500000000e-02,7.883956862192e+06,3.989978649875e-02,1.089533112572e+02,1.080491856827e+02,5.675964211170e+02,5.764011162660e+02,2.763076523585e+06,1.364925661600e+06,4.167091370215e+01,7.026473397745e+02,5.198632485148e+02,1.080552509739e+02,2.078532215590e-01,2.458558628309e-03,2.479080163067e-03,1.008367722244e+00,2.325577888455e+01
3.245409015025e-01,3.182566090376e-04,1.006500000000e-02,7.877935344445e+06,4.070179617056e-02,1.090529121590e+02,1.081307921681e+02,5.675424084815e+02,5.763860953699e+02,2.763158354760e+06,1.364845642599e+06,4.163463809111e+01,7.026694781398e+02,5.167204002666e+02,1.081371046557e+02,2.092758571170e-01,2.507686292618e-03,2.529017308018e-03,1.008527820544e+00,2.325579904775e+01
3.265442404007e-01,3.182566090376e-04,1.006500000000e-02,7.871770414750e+06,4.152121848944e-02,1.091548895412e+02,1.082143123810e+02,5.674870259502e+02,5.763707362498e+02,2.763241779144e+06,1.364763834488e+06,4.159752310681e+01,7.026920947168e+02,5.135756636187e+02,1.082208831189e+02,2.107204269695e-01,2.557865479247e-03,2.580040573779e-03,1.008691799998e+00,2.325581968580e+01
3.285475792988e-01,3.182566090376e-04,1.006500000000e-02,7.865457517964e+06,4.235857001850e-02,1.092593233710e+02,1.082998085789e+02,5.674302271468e+02,5.763550285323e+02,2.763326836667e+06,1.364680182657e+06,4.155954285650e+01,7.027152037635e+02,5.104290803864e+02,1.083066492024e+02,2.121874582860e-01,2.609126679101e-03,2.632182176792e-03,1.008859801368e+00,2.325584080528e+01
3.305509181970e-01,3.182566090376e-04,1.006500000000e-02,7.858991895440e+06,4.321438928666e-02,1.093662973954e+02,1.083873458876e+02,5.673719634474e+02,5.763389613915e+02,2.763413568301e+06,1.364594630123e+06,4.152067033392e+01,7.027388201468e+02,5.072806848401e+02,1.083944686504e+02,2.136775002277e-01,2.661501648156e-03,2.685475702269e-03,1.009031972319e+00,2.325586241281e+01
3.325542570952e-01,3.182566090376e-04,1.006500000000e-02,7.852368572586e+06,4.408923801439e-02,1.094758993738e+02,1.084769924736e+02,5.673121838342e+02,5.763225235233e+02,2.763502016097e+06,1.364507117396e+06,4.148087735277e+01,7.027629593761e+02,5.041305035305e+02,1.084844102871e+02,2.151911251696e-01,2.715023476113e-03,2.739956180359e-03,1.009208467874e+00,2.325588451510e+01
3.345575959933e-01,3.182566090376e-04,1.006500000000e-02,7.845582345418e+06,4.498370242637e-02,1.095882213309e+02,1.085688197292e+02,5.672508347385e+02,5.763057031169e+02,2.763592223214e+06,1.364417582331e+06,4.144013447500e+01,7.027876376391e+02,5.009785550966e+02,1.085765462053e+02,2.167289300125e-01,2.769726659749e-03,2.795660167684e-03,1.009389450896e+00,2.325590711900e+01
3.365609348915e-01,3.182566090376e-04,1.006500000000e-02,7.838627766047e+06,4.589839465904e-02,1.097033598274e+02,1.086629024718e+02,5.671878598699e+02,5.762884878252e+02,2.763684233954e+06,1.364325959970e+06,4.139841093346e+01,7.028128718394e+02,4.978248500508e+02,1.086709519693e+02,2.182915375924e-01,2.825647181395e-03,2.852625834699e-03,1.009575092620e+00,2.325593023162e+01
3.385642737896e-01,3.182566090376e-04,1.006500000000e-02,7.831499126977e+06,4.683395427131e-02,1.098214162549e+02,1.087593191593e+02,5.671232000302e+02,5.762708647323e+02,2.763778093796e+06,1.364232182379e+06,4.135567454833e+01,7.028386796374e+02,4.946693905422e+02,1.087677068334e+02,2.198795981982e-01,2.882822592955e-03,2.910893059423e-03,1.009765573229e+00,2.325595386040e+01
3.405676126878e-01,3.182566090376e-04,1.006500000000e-02,7.824190444117e+06,4.779104986801e-02,1.099424971532e+02,1.088581521215e+02,5.670567929130e+02,5.762528203183e+02,2.763873849430e+06,1.364136178461e+06,4.131189163683e+01,7.028650794944e+02,4.915121700924e+02,1.088668939778e+02,2.214937912063e-01,2.941292105980e-03,2.970503528081e-03,1.009961082478e+00,2.325597801325e+01
3.425709515860e-01,3.182566090376e-04,1.006500000000e-02,7.816695438375e+06,4.877038084641e-02,1.100667145549e+02,1.089594878111e+02,5.669885728843e+02,5.762343404223e+02,2.763971548791e+06,1.364037873768e+06,4.126702691552e+01,7.028920907186e+02,4.883531733038e+02,1.089686007639e+02,2.231348268440e-01,3.001096688323e-03,3.031500843324e-03,1.010161820379e+00,2.325600269866e+01
3.445742904841e-01,3.182566090376e-04,1.006500000000e-02,7.809007515705e+06,4.977267927751e-02,1.101941863592e+02,1.090634170751e+02,5.669184707442e+02,5.762154102014e+02,2.764071241092e+06,1.363937190283e+06,4.122104339451e+01,7.029197335161e+02,4.851923755359e+02,1.090729190101e+02,2.248034480954e-01,3.062279167970e-03,3.093930640705e-03,1.010367997944e+00,2.325602792584e+01
3.465776293823e-01,3.182566090376e-04,1.006500000000e-02,7.801119745446e+06,5.079871193480e-02,1.103250367373e+02,1.091700354479e+02,5.668464134679e+02,5.761960140873e+02,2.764172976858e+06,1.363834046201e+06,4.117390226281e+01,7.029480290445e+02,4.820297425470e+02,1.091799452908e+02,2.265004327616e-01,3.124884344724e-03,3.157840714212e-03,1.010579837999e+00,2.325605370490e+01
3.485809682805e-01,3.182566090376e-04,1.006500000000e-02,7.793024836788e+06,5.184928248489e-02,1.104593965739e+02,1.092794434700e+02,5.667723239223e+02,5.761761357386e+02,2.764276807955e+06,1.363728355680e+06,4.112556276401e+01,7.029769994715e+02,4.788652300983e+02,1.092897812609e+02,2.282265956926e-01,3.188959110457e-03,3.223281151710e-03,1.010797576072e+00,2.325608004703e+01
3.505843071786e-01,3.182566090376e-04,1.006500000000e-02,7.784715113187e+06,5.292523385592e-02,1.105974039470e+02,1.093917470337e+02,5.666961205567e+02,5.761557579898e+02,2.764382787622e+06,1.363620028574e+06,4.107598206119e+01,7.030066680369e+02,4.756987835164e+02,1.094025340077e+02,2.299827912087e-01,3.254552578752e-03,3.290304481274e-03,1.011021461362e+00,2.325610696466e+01
3.525876460768e-01,3.182566090376e-04,1.006500000000e-02,7.776182484498e+06,5.402745080145e-02,1.107392046517e+02,1.095070577593e+02,5.666177170651e+02,5.761348627958e+02,2.764490970495e+06,1.363508970152e+06,4.102511509017e+01,7.030370591212e+02,4.725303372100e+02,1.095183164342e+02,2.317699157282e-01,3.321716224834e-03,3.358965829469e-03,1.011251757810e+00,2.325613447173e+01
3.545909849750e-01,3.182566090376e-04,1.006500000000e-02,7.767418416610e+06,5.515686267959e-02,1.108849527717e+02,1.096254934042e+02,5.665370220161e+02,5.761134311713e+02,2.764601412628e+06,1.363395080779e+06,4.097291439978e+01,7.030681983180e+02,4.693598141374e+02,1.096372476763e+02,2.335889106267e-01,3.390504036802e-03,3.429323092798e-03,1.011488745258e+00,2.325616258384e+01
3.565943238731e-01,3.182566090376e-04,1.006500000000e-02,7.758413898302e+06,5.631444646966e-02,1.110348113038e+02,1.097471783091e+02,5.664539384478e+02,5.760914431255e+02,2.764714171519e+06,1.363278255583e+06,4.091932997777e+01,7.031001125134e+02,4.661871252201e+02,1.097594535580e+02,2.354407653497e-01,3.460972679258e-03,3.501437123630e-03,1.011732720736e+00,2.325619131861e+01
3.585976627713e-01,3.182566090376e-04,1.006500000000e-02,7.749159405042e+06,5.750123005084e-02,1.111889528421e+02,1.098722438858e+02,5.663683634225e+02,5.760688775910e+02,2.764829306118e+06,1.363158384085e+06,4.086430906098e+01,7.031328299717e+02,4.630121686971e+02,1.098850670882e+02,2.373265208069e-01,3.533181670590e-03,3.575371932122e-03,1.011983999868e+00,2.325622069586e+01
3.606010016694e-01,3.182566090376e-04,1.006500000000e-02,7.739644859366e+06,5.871829577101e-02,1.113475603274e+02,1.100008291495e+02,5.662801875376e+02,5.760457123456e+02,2.764946876835e+06,1.363035349801e+06,4.080779592801e+01,7.031663804285e+02,4.598348294146e+02,1.100142290045e+02,2.392472730796e-01,3.607193575304e-03,3.651194905811e-03,1.012242918424e+00,2.325625073799e+01
3.626043405676e-01,3.182566090376e-04,1.006500000000e-02,7.729859587485e+06,5.996678433750e-02,1.115108278710e+02,1.101330813031e+02,5.661892943867e+02,5.760219239281e+02,2.765066945533e+06,1.362909029799e+06,4.074973167275e+01,7.032007951916e+02,4.566549780434e+02,1.101470883691e+02,2.412041774757e-01,3.683074213025e-03,3.728977048832e-03,1.012509834025e+00,2.325628147029e+01
3.646076794658e-01,3.182566090376e-04,1.006500000000e-02,7.719792271657e+06,6.124789906581e-02,1.116789616597e+02,1.102691563772e+02,5.660955599620e+02,5.759974875454e+02,2.765189575495e+06,1.362779294228e+06,4.069005395692e+01,7.032361072510e+02,4.534724702141e+02,1.102838032224e+02,2.431984529740e-01,3.760892885993e-03,3.808793242967e-03,1.012785128035e+00,2.325631292127e+01
3.666110183639e-01,3.182566090376e-04,1.006500000000e-02,7.709430897879e+06,6.256291052733e-02,1.118521809547e+02,1.104092199336e+02,5.659988519926e+02,5.759723769711e+02,2.765314831363e+06,1.362646005795e+06,4.062869673938e+01,7.032723513989e+02,4.502871455623e+02,1.104245413015e+02,2.452313871043e-01,3.840722627116e-03,3.890722533027e-03,1.013069207643e+00,2.325634512305e+01
3.686143572621e-01,3.182566090376e-04,1.006500000000e-02,7.698762698314e+06,6.391316164043e-02,1.120307191923e+02,1.105534478410e+02,5.658990292141e+02,5.759465644346e+02,2.765442779064e+06,1.362509019189e+06,4.056558997852e+01,7.033095643608e+02,4.470988266777e+02,1.105694808323e+02,2.473043413107e-01,3.922640470686e-03,3.974848439163e-03,1.013362508182e+00,2.325637811176e+01
3.706176961603e-01,3.182566090376e-04,1.006500000000e-02,7.687774087744e+06,6.530007325433e-02,1.122148252033e+02,1.107020271283e+02,5.657959405673e+02,5.759200204988e+02,2.765573485769e+06,1.362368180458e+06,4.050065930169e+01,7.033477849377e+02,4.439073179519e+02,1.107188114025e+02,2.494187568551e-01,4.006727747851e-03,4.061259298765e-03,1.013665495694e+00,2.325641192804e+01
3.726210350584e-01,3.182566090376e-04,1.006500000000e-02,7.676450593452e+06,6.672515028528e-02,1.124047645605e+02,1.108551569292e+02,5.656894243071e+02,5.758927139265e+02,2.765707019817e+06,1.362223326319e+06,4.043382564199e+01,7.033870541630e+02,4.407124043120e+02,1.108727349262e+02,2.515761613274e-01,4.093070410085e-03,4.150048641850e-03,1.013978669772e+00,2.325644661755e+01
3.746243739566e-01,3.182566090376e-04,1.006500000000e-02,7.664776777655e+06,6.818998847198e-02,1.126008210759e+02,1.110130495264e+02,5.655793070079e+02,5.758646115323e+02,2.765843450592e+06,1.362074283399e+06,4.036500483808e+01,7.034274154736e+02,4.375138498232e+02,1.110314667128e+02,2.537781758399e-01,4.181759383919e-03,4.241315603955e-03,1.014302566737e+00,2.325648223154e+01
3.766277128548e-01,3.182566090376e-04,1.006500000000e-02,7.652736151506e+06,6.969628182664e-02,1.128032984668e+02,1.111759315102e+02,5.654654024536e+02,5.758356780198e+02,2.765982848360e+06,1.361920867397e+06,4.029410719149e+01,7.034689148980e+02,4.343113961474e+02,1.111952366525e+02,2.560265229945e-01,4.272890960506e-03,4.335165381101e-03,1.014637763179e+00,2.325651882756e+01
3.786310517529e-01,3.182566090376e-04,1.006500000000e-02,7.640311079506e+06,7.124583087135e-02,1.130125222149e+02,1.113440450667e+02,5.653475103996e+02,5.758058758014e+02,2.766125284078e+06,1.361762882163e+06,4.022103697524e+01,7.035116012640e+02,4.311047608349e+02,1.113642905344e+02,2.583230357250e-01,4.366567224266e-03,4.431709732123e-03,1.014984879948e+00,2.325655647017e+01
3.806343906511e-01,3.182566090376e-04,1.006500000000e-02,7.627482672754e+06,7.284055176574e-02,1.132288416434e+02,1.115176494108e+02,5.652254151819e+02,5.757751647984e+02,2.766270829148e+06,1.361600118669e+06,4.014569188578e+01,7.035555264255e+02,4.278936354137e+02,1.115388915148e+02,2.606696671404e-01,4.462896525560e-03,4.531067534530e-03,1.015344586634e+00,2.325659523148e+01
3.826377295492e-01,3.182566090376e-04,1.006500000000e-02,7.614230670715e+06,7.448248644991e-02,1.134526322453e+02,1.116970223888e+02,5.650988840995e+02,5.757435022195e+02,2.766419555150e+06,1.361432353878e+06,4.006796242934e+01,7.036007455156e+02,4.246776833015e+02,1.117193217590e+02,2.630685014820e-01,4.561994003134e-03,4.633365401088e-03,1.015717606601e+00,2.325663519172e+01
3.846410684474e-01,3.182566090376e-04,1.006500000000e-02,7.600533308620e+06,7.617381391568e-02,1.136842982912e+02,1.118824622740e+02,5.649676656703e+02,5.757108423143e+02,2.766571533416e+06,1.361259349481e+06,3.998773124784e+01,7.036473172248e+02,4.214565374573e+02,1.119058842813e+02,2.655217663877e-01,4.663982162729e-03,4.738738364833e-03,1.016104722586e+00,2.325667644087e+01
3.866444073456e-01,3.182566090376e-04,1.006500000000e-02,7.586367166942e+06,7.791686274955e-02,1.139242757507e+02,1.120742897762e+02,5.648314877829e+02,5.756771360978e+02,2.766726834418e+06,1.361080850488e+06,3.990487237463e+01,7.036953041075e+02,4.182297976945e+02,1.120989050065e+02,2.680318466654e-01,4.768991518511e-03,4.847330641051e-03,1.016506782940e+00,2.325671907996e+01
3.886477462437e-01,3.182566090376e-04,1.006500000000e-02,7.571707005259e+06,7.971412517804e-02,1.141730356052e+02,1.122728503012e+02,5.646900553598e+02,5.756423310436e+02,2.766885527187e+06,1.360896583662e+06,3.981925037869e+01,7.037447729248e+02,4.149970278298e+02,1.122987350877e+02,2.706012996647e-01,4.877161305455e-03,4.959296477782e-03,1.016924708858e+00,2.325676322175e+01
3.906510851419e-01,3.182566090376e-04,1.006500000000e-02,7.556525572089e+06,8.156827281099e-02,1.144310875991e+02,1.124785165014e+02,5.645430477889e+02,5.756063707393e+02,2.767047678554e+06,1.360706255757e+06,3.973071940155e+01,7.037957950238e+02,4.117577523692e+02,1.125057535250e+02,2.732328726725e-01,4.988640273161e-03,5.074801107498e-03,1.017359502582e+00,2.325680899187e+01
3.926544240401e-01,3.182566090376e-04,1.006500000000e-02,7.540793392133e+06,8.348217429682e-02,1.146989845026e+02,1.126916911635e+02,5.643901160209e+02,5.755691944875e+02,2.767213352171e+06,1.360509551550e+06,3.963912208492e+01,7.038484467289e+02,4.085114528825e+02,1.127203701309e+02,2.759295225032e-01,5.103587572075e-03,5.194021814482e-03,1.017812256773e+00,2.325685653043e+01
3.946577629382e-01,3.182566090376e-04,1.006500000000e-02,7.524478524874e+06,8.545891522842e-02,1.149773269844e+02,1.129128104867e+02,5.642308792579e+02,5.755307368704e+02,2.767382607358e+06,1.360306131623e+06,3.954428835533e+01,7.039028098148e+02,4.052575638922e+02,1.129430289004e+02,2.786944377192e-01,5.222173746159e-03,5.317149136630e-03,1.018284165356e+00,2.325690599544e+01
3.966611018364e-01,3.182566090376e-04,1.006500000000e-02,7.507546285320e+06,8.750182072069e-02,1.152667691442e+02,1.131423478016e+02,5.640649211249e+02,5.754909272888e+02,2.767555497804e+06,1.360095629850e+06,3.944603401544e+01,7.039589721199e+02,4.019954680084e+02,1.131742118340e+02,2.815310640061e-01,5.344581848221e-03,5.444388221332e-03,1.018776535788e+00,2.325695756475e+01
3.986644407346e-01,3.182566090376e-04,1.006500000000e-02,7.489958932155e+06,8.961448090053e-02,1.155680248576e+02,1.133808178213e+02,5.638917853225e+02,5.754496893860e+02,2.767732069841e+06,1.359877650570e+06,3.934415918276e+01,7.040170280907e+02,3.987244907163e+02,1.134144433127e+02,2.844431329236e-01,5.471008694935e-03,5.575960358937e-03,1.019290803139e+00,2.325701143732e+01
4.006677796327e-01,3.182566090376e-04,1.006500000000e-02,7.471675305248e+06,9.180077996094e-02,1.158818751111e+02,1.136287815236e+02,5.637109705469e+02,5.754069404120e+02,2.767912360319e+06,1.359651765367e+06,3.923844647805e+01,7.040770794476e+02,3.954438942322e+02,1.136642951236e+02,2.874346949883e-01,5.601666283982e-03,5.712104724789e-03,1.019828546582e+00,2.325706783721e+01
4.026711185309e-01,3.182566090376e-04,1.006500000000e-02,7.452650409597e+06,9.406492932890e-02,1.162091764695e+02,1.138868517627e+02,5.635219246151e+02,5.753625905009e+02,2.768096394046e+06,1.359417509400e+06,3.912865895023e+01,7.041392359366e+02,3.921528704942e+02,1.139243922417e+02,2.905101576795e-01,5.736783399575e-03,5.853080363977e-03,1.020391508508e+00,2.325712701745e+01
4.046744574290e-01,3.182566090376e-04,1.006500000000e-02,7.432834935066e+06,9.641150567712e-02,1.165508708901e+02,1.141556997482e+02,5.633240376304e+02,5.753165418426e+02,2.768284180646e+06,1.359174377218e+06,3.901453768687e+01,7.042036161810e+02,3.888505331055e+02,1.141954195090e+02,2.936743293032e-01,5.876607437410e-03,5.999168460627e-03,1.020981616749e+00,2.325718926427e+01
4.066777963272e-01,3.182566090376e-04,1.006500000000e-02,7.412174699268e+06,9.884549465985e-02,1.169079971496e+02,1.144360625600e+02,5.631166339935e+02,5.752686877323e+02,2.768475710718e+06,1.358921817953e+06,3.889579904840e+01,7.042703486457e+02,3.855359080236e+02,1.144781293866e+02,2.969324698534e-01,6.021406485885e-03,6.150674941796e-03,1.021601010505e+00,2.325725490224e+01
4.086811352254e-01,3.182566090376e-04,1.006500000000e-02,7.390609999522e+06,1.013723414301e-01,1.172817042146e+02,1.147287519077e+02,5.628989630236e+02,5.752189114749e+02,2.768670951151e+06,1.358659229789e+06,3.877213145802e+01,7.043395727358e+02,3.822079227987e+02,1.147733509977e+02,3.002903502296e-01,6.171471707997e-03,6.307933477155e-03,1.022252070771e+00,2.325732430189e+01
4.106844741235e-01,3.182566090376e-04,1.006500000000e-02,7.368074849905e+06,1.039980092294e-01,1.176732669727e+02,1.150346643790e+02,5.626701875797e+02,5.751670851181e+02,2.768869839181e+06,1.358385953560e+06,3.864319167018e+01,7.044114400576e+02,3.788653941738e+02,1.150820007149e+02,3.037543214149e-01,6.327120078425e-03,6.471308950701e-03,1.022937456357e+00,2.325739788947e+01
4.126878130217e-01,3.182566090376e-04,1.006500000000e-02,7.344496086115e+06,1.067290477033e-01,1.180841048745e+02,1.153547934816e+02,5.624293711599e+02,5.751130679653e+02,2.769072274802e+06,1.358101265315e+06,3.850860039681e+01,7.044861158415e+02,3.755070133951e+02,1.154050946122e+02,3.073313959405e-01,6.488697542852e-03,6.641201501035e-03,1.023660147191e+00,2.325747615569e+01
4.146911519199e-01,3.182566090376e-04,1.006500000000e-02,7.319792309090e+06,1.095726730451e-01,1.185158041477e+02,1.156902438985e+02,5.621754621210e+02,5.750567048471e+02,2.769278111272e+06,1.357804367639e+06,3.836793710807e+01,7.045637805864e+02,3.721313285821e+02,1.157437632183e+02,3.110293445578e-01,6.656582678318e-03,6.818051242570e-03,1.024423496346e+00,2.325755966772e+01
4.166944908180e-01,3.182566090376e-04,1.006500000000e-02,7.293872621490e+06,1.125368623981e-01,1.189701444157e+02,1.160422484655e+02,5.619072745384e+02,5.749978240877e+02,2.769487143062e+06,1.357494379469e+06,3.822073387332e+01,7.046446319549e+02,3.687367239229e+02,1.160992691024e+02,3.148568112969e-01,6.831190953516e-03,7.002343810320e-03,1.025231292817e+00,2.325764908975e+01
4.186978297162e-01,3.182566090376e-04,1.006500000000e-02,7.266635114093e+06,1.156304656631e-01,1.194491307642e+02,1.164121884964e+02,5.616234652073e+02,5.749362351010e+02,2.769699090972e+06,1.357170324083e+06,3.806646799290e+01,7.047288869613e+02,3.653213948907e+02,1.164730279471e+02,3.188234512844e-01,7.012979704756e-03,7.194616900196e-03,1.026087837597e+00,2.325774521171e+01
4.207011686144e-01,3.182566090376e-04,1.006500000000e-02,7.237965039919e+06,1.188633389570e-01,1.199550326553e+02,1.168016182817e+02,5.613225056355e+02,5.748717255307e+02,2.769913583352e+06,1.356831114863e+06,3.790455313133e+01,7.048167845110e+02,3.618833182806e+02,1.168666339727e+02,3.229400971781e-01,7.202453992422e-03,7.395468045017e-03,1.026998036672e+00,2.325784898506e+01
4.227045075125e-01,3.182566090376e-04,1.006500000000e-02,7.207732594462e+06,1.222465054524e-01,1.204904315152e+02,1.172122948396e+02,5.610026476244e+02,5.748040578219e+02,2.770130132030e+06,1.356475538244e+06,3.773432857232e+01,7.049085883740e+02,3.584202153350e+02,1.172818908461e+02,3.272189620680e-01,7.400173563846e-03,7.605563951372e-03,1.027967515524e+00,2.325796155907e+01
4.247078464107e-01,3.182566090376e-04,1.006500000000e-02,7.175790194206e+06,1.257923510573e-01,1.210582793916e+02,1.176462143424e+02,5.606618805802e+02,5.747329650706e+02,2.770348101102e+06,1.356102233141e+06,3.755504609251e+01,7.050045907020e+02,3.549295058023e+02,1.177208495631e+02,3.316738891489e-01,7.606761210948e-03,7.825651816677e-03,1.029002761103e+00,2.325808430979e+01
4.267111853088e-01,3.182566090376e-04,1.006500000000e-02,7.141969110064e+06,1.295148639515e-01,1.216619719200e+02,1.181056571051e+02,5.602978779965e+02,5.746581459538e+02,2.770566665731e+06,1.355709665856e+06,3.736585380047e+01,7.051051162258e+02,3.514082507667e+02,1.181858552896e+02,3.363206613156e-01,7.822912843062e-03,8.056573123886e-03,1.030111299509e+00,2.325821887114e+01
4.287145242070e-01,3.182566090376e-04,1.006500000000e-02,7.106075260791e+06,1.334299281101e-01,1.223054401620e+02,1.185932436730e+02,5.599079295444e+02,5.745792584924e+02,2.770784756683e+06,1.355296099302e+06,3.716577606417e+01,7.052105272654e+02,3.478530824388e+02,1.186796058295e+02,3.411773872967e-01,8.049409562338e-03,8.299280451126e-03,1.031301922218e+00,2.325836722622e+01
4.307178631052e-01,3.182566090376e-04,1.006500000000e-02,7.067883896378e+06,1.375556827206e-01,1.229932679292e+02,1.191120054528e+02,5.594888538541e+02,5.744959123535e+02,2.771000984862e+06,1.354859555186e+06,3.695368830058e+01,7.053212296120e+02,3.442601187620e+02,1.192052253602e+02,3.462649864552e-01,8.287131983183e-03,8.554857904348e-03,1.032584981351e+00,2.325853197974e+01
4.327212020033e-01,3.182566090376e-04,1.006500000000e-02,7.027132795213e+06,1.419129658503e-01,1.237308440355e+02,1.196654746989e+02,5.590368854092e+02,5.744076593403e+02,2.771213539517e+06,1.354397767601e+06,3.672828484176e+01,7.054376792344e+02,3.406248573086e+02,1.197663585292e+02,3.516078053594e-01,8.537077218519e-03,8.824546131792e-03,1.033972784104e+00,2.325871693471e+01
4.347245409015e-01,3.182566090376e-04,1.006500000000e-02,6.983513449285e+06,1.465258784950e-01,1.245245621662e+02,1.202578008308e+02,5.585475269467e+02,5.743139815424e+02,2.771420054686e+06,1.353908125665e+06,3.648803723405e+01,7.055603898187e+02,3.369420341096e+02,1.203672922897e+02,3.572344204776e-01,8.800379779544e-03,9.109773897250e-03,1.035480121089e+00,2.325892792126e+01
4.367278797997e-01,3.182566090376e-04,1.006500000000e-02,6.936659476839e+06,1.514225384999e-01,1.253820838955e+02,1.208939034641e+02,5.580153553076e+02,5.742142761296e+02,2.771617438368e+06,1.353387600262e+06,3.623113905078e+01,7.056899417940e+02,3.332054194648e+02,1.210131163809e+02,3.631787159264e-01,9.078339337457e-03,9.412200033483e-03,1.037124952564e+00,2.325917341635e+01
4.387312186978e-01,3.182566090376e-04,1.006500000000e-02,6.886131075607e+06,1.566361337702e-01,1.263126835348e+02,1.215796774062e+02,5.574337604076e+02,5.741078347015e+02,2.771801647173e+06,1.352832644264e+06,3.595543146405e+01,7.058269950731e+02,3.294075115015e+02,1.217099383717e+02,3.694813691919e-01,9.372460154951e-03,9.733771543888e-03,1.038929253881e+00,2.325946406661e+01
4.407345575960e-01,3.182566090376e-04,1.006500000000e-02,6.831393636926e+06,1.622063979962e-01,1.273277053775e+02,1.223222714005e+02,5.567945790407e+02,5.739938136067e+02,2.771967346538e+06,1.352239047719e+06,3.565830175497e+01,7.059723097366e+02,3.255390939492e+02,1.224651760907e+02,3.761919178588e-01,9.684506682626e-03,1.007680387905e-02,1.040920054211e+00,2.325981058348e+01
4.427378964942e-01,3.182566090376e-04,1.006500000000e-02,6.771787903095e+06,1.681815731053e-01,1.284412095622e+02,1.231304725600e+02,5.560875558223e+02,5.738711911618e+02,2.772107308961e+06,1.351601726691e+06,3.533654648268e+01,7.061267791171e+02,3.215886631033e+02,1.232879617531e+02,3.833716044693e-01,1.001657432546e-02,1.044408681299e-02,1.043130972308e+00,2.326022213428e+01
4.447412353923e-01,3.182566090376e-04,1.006500000000e-02,6.706488583120e+06,1.746207879286e-01,1.296709934814e+02,1.240152475301e+02,5.552995373378e+02,5.737387098673e+02,2.772211304252e+06,1.350914441191e+06,3.498619235306e+01,7.062914707700e+02,3.175417840722e+02,1.241897146211e+02,3.910972377509e-01,1.037116339271e-02,1.083901622513e-02,1.045605246644e+00,2.326071317282e+01
4.467445742905e-01,3.182566090376e-04,1.006500000000e-02,6.634446667710e+06,1.815967599895e-01,1.310403120474e+02,1.249905222527e+02,5.544132759260e+02,5.735948085986e+02,2.772264220008e+06,1.350169478817e+06,3.460225496957e+01,7.064676505213e+02,3.133803670608e+02,1.251849750980e+02,3.994665532883e-01,1.075123596635e-02,1.126575467681e-02,1.048401988292e+00,2.326133080561e+01
4.487479131886e-01,3.182566090376e-04,1.006500000000e-02,6.554299187840e+06,1.891992970020e-01,1.325805499124e+02,1.260743114373e+02,5.534055672727e+02,5.734375502029e+02,2.772243226421e+06,1.349357352231e+06,3.417835368165e+01,7.066567419654e+02,3.090814230791e+02,1.262926233520e+02,4.086063215766e-01,1.116025069795e-02,1.172943535319e-02,1.051606377230e+00,2.326220074224e+01
4.507512520868e-01,3.182566090376e-04,1.006500000000e-02,6.464212431008e+06,1.975417849041e-01,1.343345516960e+02,1.272903620139e+02,5.522442843919e+02,5.732645175232e+02,2.772114207255e+06,1.348466403747e+06,3.370598712973e+01,7.068602010797e+02,3.046141217807e+02,1.275376441878e+02,4.186859211983e-01,1.160223932376e-02,1.223644531132e-02,1.055339536872e+00,2.326354590981e+01
4.527545909850e-01,3.182566090376e-04,1.006500000000e-02,6.361650141251e+06,2.067752323996e-01,1.363598516339e+02,1.286708032020e+02,5.508844863264e+02,5.730725817286e+02,2.771829530554e+06,1.347481761310e+06,3.317333698476e+01,7.070795225791e+02,2.999345463313e+02,1.289539034543e+02,4.299401487145e-01,1.208214343600e-02,1.279490448785e-02,1.059757522613e+00,2.326561734751e+01
4.547579298831e-01,3.182566090376e-04,1.006500000000e-02,6.243219864856e+06,2.171148781661e-01,1.387326542948e+02,1.302612266695e+02,5.492667922763e+02,5.728573937771e+02,2.771334391683e+06,1.346382556629e+06,3.256414076113e+01,7.073171164729e+02,2.949822683340e+02,1.305893572082e+02,4.427023968108e-01,1.260686506567e-02,1.341574251344e-02,1.065034145938e+00,2.326861966154e+01
4.567612687813e-01,3.182566090376e-04,1.006500000000e-02,6.104927122790e+06,2.288804282887e-01,1.415568169378e+02,1.321297904985e+02,5.473244672652e+02,5.726125241714e+02,2.770593353341e+06,1.345136514744e+06,3.185800821535e+01,7.075790391795e+02,2.896890997771e+02,1.325154280473e+02,4.574401596375e-01,1.318758275071e-02,1.411519259867e-02,1.071346714497e+00,2.327280274989e+01
4.587646076795e-01,3.182566090376e-04,1.006500000000e-02,5.942685963291e+06,2.425464179324e-01,1.449751907317e+02,1.343751272732e+02,5.449956195106e+02,5.723284140827e+02,2.769626824547e+06,1.343693105549e+06,3.103187130923e+01,7.078787901591e+02,2.840009154620e+02,1.348355300948e+02,4.747714628858e-01,1.384311787101e-02,1.491882862813e-02,1.078884118465e+00,2.327765489977e+01
4.607679465776e-01,3.182566090376e-04,1.006500000000e-02,5.751554089558e+06,2.587918941996e-01,1.491443447778e+02,1.371067842988e+02,5.422026844558e+02,5.719918400095e+02,2.768467261616e+06,1.341981467802e+06,3.005760737676e+01,7.082367609023e+02,2.778802500646e+02,1.376660030542e+02,4.954148523408e-01,1.460152900880e-02,1.586316294039e-02,1.087796971832e+00,2.327552647178e+01
4.627712854758e-01,3.182566090376e-04,1.006500000000e-02,5.523942035891e+06,2.784529938754e-01,1.541069611033e+02,1.403561308066e+02,5.387804823896e+02,5.715886463826e+02,2.766935773641e+06,1.339928893939e+06,2.889976330061e+01,7.086692375438e+02,2.712927795348e+02,1.410458477512e+02,5.199026969793e-01,1.549374651793e-02,1.698590079536e-02,1.097970998614e+00,2.323578138793e+01
4.647746243740e-01,3.192907086258e-04,1.008133865725e-02,5.261160872347e+06,3.019012292562e-01,1.596284895182e+02,1.439428803713e+02,5.346490026789e+02,5.711179853428e+02,2.764732310162e+06,1.337528531674e+06,2.757249116525e+01,7.091816143745e+02,2.644934647673e+02,1.448006758373e+02,5.474640969474e-01,1.653579591439e-02,1.830473549615e-02,1.108971066206e+00,2.317790160088e+01
4.667779632721e-01,3.230189369109e-04,1.014002569244e-02,4.990871443236e+06,3.281680479012e-01,1.651613047380e+02,1.474766843268e+02,5.302200510010e+02,5.706073326714e+02,2.762132650511e+06,1.334903855120e+06,2.621132226296e+01,7.097737314787e+02,2.583513992652e+02,1.485386713078e+02,5.749481974175e-01,1.771904737671e-02,1.980174715542e-02,1.119914686799e+00,2.317490707648e+01
4.687813021703e-01,3.290573980562e-04,1.023436480311e-02,4.757282902811e+06,3.555326493910e-01,1.693418217011e+02,1.506263747407e+02,5.264844544172e+02,5.700906656885e+02,2.760880139933e+06,1.332194852836e+06,2.500258946283e+01,7.104687692470e+02,2.540604347451e+02,1.518657414716e+02,5.977543950277e-01,1.904442679222e-02,2.136016773203e-02,1.124250796002e+00,2.318973079872e+01
4.707846410684e-01,3.369882832706e-04,1.035696394187e-02,4.574426704825e+06,3.822700579772e-01,1.718037120118e+02,1.531903422167e+02,5.237104800190e+02,5.695892465884e+02,2.761023980831e+06,1.329508632015e+06,2.402570213103e+01,7.112474242003e+02,2.518407234000e+02,1.545493054356e+02,6.136787702523e-01,2.047586017016e-02,2.290678635288e-02,1.121504851584e+00,2.321290797841e+01
4.727879799666e-01,3.463890292404e-04,1.050043106129e-02,4.441154874867e+06,4.071279775199e-01,1.722591481862e+02,1.550220913477e+02,5.218416895538e+02,5.691152421342e+02,2.762097402335e+06,1.326919463282e+06,2.329017120404e+01,7.120759587938e+02,2.514041437484e+02,1.564040013632e+02,6.221218116424e-01,2.196695585088e-02,2.435000744412e-02,1.111190970840e+00,2.323544286360e+01
4.747913188648e-01,3.568209092296e-04,1.065737411396e-02,4.369524811783e+06,4.294557901078e-01,1.711443525831e+02,1.560326508232e+02,5.211612295708e+02,5.686857143469e+02,2.764347023040e+06,1.324512702255e+06,2.285441298312e+01,7.129402040122e+02,2.528151416477e+02,1.573584197885e+02,6.224248229870e-01,2.356086878309e-02,2.578389452982e-02,1.096849612438e+00,2.324624901865e+01
4.767946577629e-01,3.678210574608e-04,1.082040105247e-02,4.354527583860e+06,4.488210005237e-01,1.687631418494e+02,1.562841468014e+02,5.215895574878e+02,5.683184148760e+02,2.767608889115e+06,1.322399388339e+06,2.269470645656e+01,7.137843608396e+02,2.557075854048e+02,1.574759630001e+02,6.158439248128e-01,2.523696358502e-02,2.719728174316e-02,1.079848118337e+00,2.324804457665e+01
4.787979966611e-01,3.788979267769e-04,1.098211982941e-02,4.382662489003e+06,4.642858133702e-01,1.648469003604e+02,1.558937205501e+02,5.229250236558e+02,5.680441868821e+02,2.771882647137e+06,1.320775530556e+06,2.273718340194e+01,7.145030533509e+02,2.594117130858e+02,1.568138062134e+02,6.044977859636e-01,2.683919291830e-02,2.833692397794e-02,1.057431304986e+00,2.326871433423e+01
4.808013355593e-01,3.895301795844e-04,1.113513839737e-02,4.441693112951e+06,4.757276755074e-01,1.595743291597e+02,1.549789510485e+02,5.248693939841e+02,5.678823436494e+02,2.776670844745e+06,1.319766575296e+06,2.292695444805e+01,7.150233176869e+02,2.633581750168e+02,1.554800963570e+02,5.903750523299e-01,2.827300156768e-02,2.908695730104e-02,1.029651627399e+00,2.330830167559e+01
4.828046744574e-01,3.991690120774e-04,1.127206470894e-02,4.520119968670e+06,4.843794843927e-01,1.534490403718e+02,1.536767819081e+02,5.271502298228e+02,5.677902314774e+02,2.781583029104e+06,1.319138479349e+06,2.321143292851e+01,7.154212654393e+02,2.673092858812e+02,1.536506885636e+02,5.748049045774e-01,2.957717304825e-02,2.953463567275e-02,9.985180485074e-01,2.331723611729e+01
4.848080133556e-01,4.079326745263e-04,1.139513067934e-02,4.621068170401e+06,4.922882377795e-01,1.476494907352e+02,1.522624064204e+02,5.299179807038e+02,5.676651802121e+02,2.787135017827e+06,1.318294868263e+06,2.359183825267e+01,7.159466499792e+02,2.716843876797e+02,1.517075874723e+02,5.583964127198e-01,3.096166540205e-02,3.005184502036e-02,9.697041719377e-01,2.327718975469e+01
4.868113522538e-01,4.167715587929e-04,1.151792114246e-02,4.705102818207e+06,5.002995933300e-01,1.434672814419e+02,1.510469415647e+02,5.321896196741e+02,5.674954964676e+02,2.791624589991e+06,1.317217446702e+06,2.390776981773e+01,7.165358782319e+02,2.756309282364e+02,1.500919438888e+02,5.445395582025e-01,3.232590459122e-02,3.075365077816e-02,9.498191751234e-01,2.325538214668e+01
4.888146911519e-01,4.257051777724e-04,1.164071160559e-02,4.766978459532e+06,5.084318245935e-01,1.406480241851e+02,1.500290793574e+02,5.338533151123e+02,5.672921735718e+02,2.794901384472e+06,1.315976131835e+06,2.413884275502e+01,7.171509669201e+02,2.790629494651e+02,1.487939361376e+02,5.331912976010e-01,3.364282834662e-02,3.160568788143e-02,9.374717540595e-01,2.325018931861e+01
4.908180300501e-01,4.347335314648e-04,1.176350206872e-02,4.817867875610e+06,5.164717012003e-01,1.385073156731e+02,1.490967268762e+02,5.351917746537e+02,5.670693566212e+02,2.797474932253e+06,1.314638988933e+06,2.433068921995e+01,7.177840299755e+02,2.822367697705e+02,1.476424755873e+02,5.231156652880e-01,3.494129418707e-02,3.254038609771e-02,9.289762329128e-01,2.325273765973e+01
4.928213689482e-01,4.438566198700e-04,1.188629253185e-02,4.867539061879e+06,5.242482640305e-01,1.365633011578e+02,1.481584175952e+02,5.364488306464e+02,5.668368099398e+02,2.799783213168e+06,1.313250704755e+06,2.452222893693e+01,7.184341118964e+02,2.853585373900e+02,1.464998539952e+02,5.133887191011e-01,3.624887360077e-02,3.350703430373e-02,9.217383890459e-01,2.325614151071e+01
4.948247078464e-01,4.530744429880e-04,1.200908299498e-02,4.919588642774e+06,5.316966230510e-01,1.346361474915e+02,1.471781593644e+02,5.377150778706e+02,5.665993612129e+02,2.801995737924e+06,1.311834963143e+06,2.472737368866e+01,7.190978337172e+02,2.884952204702e+02,1.453119653093e+02,5.036893334747e-01,3.757454457515e-02,3.448298587532e-02,9.147834710869e-01,2.325778069933e+01
4.968280467446e-01,4.623870008190e-04,1.213187345811e-02,4.973608423869e+06,5.388195357659e-01,1.327177969353e+02,1.461572383248e+02,5.389824084016e+02,5.663589871734e+02,2.804107701534e+06,1.310403702964e+06,2.494417635648e+01,7.197695585743e+02,2.916296030465e+02,1.440798084754e+02,4.940506963981e-01,3.891438761337e-02,3.546302994348e-02,9.080480615017e-01,2.325795056524e+01
4.988313856427e-01,4.717942933628e-04,1.225466392124e-02,5.028293064458e+06,5.456387234662e-01,1.308370008902e+02,1.451065604086e+02,5.402219065532e+02,5.661167542737e+02,2.806078783121e+06,1.308964567744e+06,2.516715692334e+01,7.204438773117e+02,2.947290372687e+02,1.428182792369e+02,4.845748507186e-01,4.026157484212e-02,3.644661421851e-02,9.016615135927e-01,2.325762776315e+01
5.008347245409e-01,4.812963206195e-04,1.237745438437e-02,5.082880398959e+06,5.521726940418e-01,1.290035160912e+02,1.440334421376e+02,5.414186624154e+02,5.658736340858e+02,2.807893487687e+06,1.307523945216e+06,2.539298420404e+01,7.211168895022e+02,2.977748867718e+02,1.415365148903e+02,4.753138064285e-01,4.161155994858e-02,3.743191917413e-02,8.956497475637e-01,2.325737328212e+01
5.028380634391e-01,4.908930825890e-04,1.250024484750e-02,5.137187132081e+06,5.584345099226e-01,1.272087304960e+02,1.429406820928e+02,5.425718197843e+02,5.656305828589e+02,2.809560121606e+06,1.306087426742e+06,2.562062124197e+01,7.217860543605e+02,3.007617495436e+02,1.402367542322e+02,4.662719060686e-01,4.296228262107e-02,3.841552774965e-02,8.899406987122e-01,2.325728055987e+01
5.048414023372e-01,5.005845792715e-04,1.262303531062e-02,5.191237966356e+06,5.644352824356e-01,1.254402305770e+02,1.418293757297e+02,5.436852570260e+02,5.653884358929e+02,2.811094024920e+06,1.304659648920e+06,2.584987755032e+01,7.224495937697e+02,3.036889682031e+02,1.389188712175e+02,4.574379900576e-01,4.431270014520e-02,3.939384891440e-02,8.844446358985e-01,2.325725952267e+01
5.068447412354e-01,5.103708106667e-04,1.274582577375e-02,5.245032014738e+06,5.701863880609e-01,1.236898414577e+02,1.407008022272e+02,5.447619352300e+02,5.651478619240e+02,2.812507858017e+06,1.303244303552e+06,2.608049355012e+01,7.231060777601e+02,3.065556908660e+02,1.375833591786e+02,4.488038006729e-01,4.566177536809e-02,4.036402386208e-02,8.790983384583e-01,2.325723374502e+01
5.088480801336e-01,5.202517767749e-04,1.286861623688e-02,5.298502743297e+06,5.756996545005e-01,1.219540837599e+02,1.395567658730e+02,5.458030510610e+02,5.649093895329e+02,2.813810388523e+06,1.301844340537e+06,2.631197844638e+01,7.237542698635e+02,3.093600952571e+02,1.362318177886e+02,4.403664851326e-01,4.700825066300e-02,4.132399113053e-02,8.738672252617e-01,2.325718425980e+01
5.108514190317e-01,5.302274775959e-04,1.299140670001e-02,5.351557138498e+06,5.809867884365e-01,1.202319292392e+02,1.383992741411e+02,5.468090343607e+02,5.646734551202e+02,2.815008404624e+06,1.300462195446e+06,2.654375798472e+01,7.243931040965e+02,3.121001826040e+02,1.348663704453e+02,4.321252532443e-01,4.835078563217e-02,4.227218959533e-02,8.687323686151e-01,2.325712182738e+01
5.128547579299e-01,5.402979131298e-04,1.311419716314e-02,5.404109553457e+06,5.860589385735e-01,1.185230894983e+02,1.372302480258e+02,5.477803492644e+02,5.644404367340e+02,2.816108167127e+06,1.299099947303e+06,2.677530469767e+01,7.250216786501e+02,3.147744011407e+02,1.334891472376e+02,4.240787902506e-01,4.968809911215e-02,4.320730519451e-02,8.636805019548e-01,2.325705869970e+01
5.148580968280e-01,5.504630833766e-04,1.323698762627e-02,5.456090946071e+06,5.909265683983e-01,1.168274195731e+02,1.360514333250e+02,5.487176898021e+02,5.642106697936e+02,2.817115768504e+06,1.297759405176e+06,2.700617482222e+01,7.256392337106e+02,3.173817679918e+02,1.321021118720e+02,4.162246392028e-01,5.101901522850e-02,4.412816702895e-02,8.587003952690e-01,2.325699961541e+01
5.168614357262e-01,5.607229883362e-04,1.335977808940e-02,5.507445438227e+06,5.955995006714e-01,1.151448918108e+02,1.348644240964e+02,5.496218872758e+02,5.639844544559e+02,2.818037005646e+06,1.296442156126e+06,2.723599357420e+01,7.262451252159e+02,3.199217505962e+02,1.307070826928e+02,4.085595382283e-01,5.234245167971e-02,4.503373208782e-02,8.537825492691e-01,2.325694392798e+01
5.188647746244e-01,5.710776280087e-04,1.348256855253e-02,5.558125521859e+06,6.000869938273e-01,1.134756528963e+02,1.336707020892e+02,5.504938048719e+02,5.637620600449e+02,2.818877243208e+06,1.295149598121e+06,2.746443463632e+01,7.268388018815e+02,3.223941411633e+02,1.293057829510e+02,4.010798164148e-01,5.365740122824e-02,4.592308887912e-02,8.489194050959e-01,2.325688914037e+01
5.208681135225e-01,5.815270023941e-04,1.360535901565e-02,5.608089800122e+06,6.043977917773e-01,1.118200057877e+02,1.324716565969e+02,5.513342955949e+02,5.635437289787e+02,2.819641395053e+06,1.293882966732e+06,2.769120975943e+01,7.274197895829e+02,3.247989899126e+02,1.278998594908e+02,3.937815801865e-01,5.496292370961e-02,4.679545011480e-02,8.441051366025e-01,2.325683250502e+01
5.228714524207e-01,5.920711114923e-04,1.372814947878e-02,5.657302557858e+06,6.085401314722e-01,1.101783456701e+02,1.312685877833e+02,5.521442018486e+02,5.633296801982e+02,2.820333971317e+06,1.292643356745e+06,2.791606562377e+01,7.279876810820e+02,3.271365670645e+02,1.264908772588e+02,3.866607710469e-01,5.625814093369e-02,4.765013308112e-02,8.393351945857e-01,2.325677199585e+01
5.248747913189e-01,6.027099553034e-04,1.385093994191e-02,5.705733756152e+06,6.125217083570e-01,1.085511034647e+02,1.300627030147e+02,5.529243604516e+02,5.631201118422e+02,2.820959129469e+06,1.291431738800e+06,2.813878251589e+01,7.285421285982e+02,3.294073204790e+02,1.250803090001e+02,3.797132037570e-01,5.754222401193e-02,4.848653476063e-02,8.346059319746e-01,2.325670845033e+01
5.268781302170e-01,6.134435338274e-04,1.397373040504e-02,5.753358764461e+06,6.163496310120e-01,1.069387137174e+02,1.288551109872e+02,5.536756072025e+02,5.629152033538e+02,2.821520707612e+06,1.290248972842e+06,2.835917263362e+01,7.290828373382e+02,3.316118220208e+02,1.236695280755e+02,3.729346177164e-01,5.881437507208e-02,4.930411008570e-02,8.299144123827e-01,2.325664808568e+01
5.288814691152e-01,6.242718470642e-04,1.409652086817e-02,5.800157950550e+06,6.200304544466e-01,1.053416000169e+02,1.276468195470e+02,5.543987745073e+02,5.627151176292e+02,2.822022253457e+06,1.289095821695e+06,2.857707750203e+01,7.296095588702e+02,3.337507432157e+02,1.222598061603e+02,3.663207008390e-01,6.007382349826e-02,5.010236736291e-02,8.252583212864e-01,2.325660129958e+01
5.308848080134e-01,6.351948950139e-04,1.421931133130e-02,5.846116135729e+06,6.235704077989e-01,1.037601665257e+02,1.264387497528e+02,5.550946890338e+02,5.625200034152e+02,2.822467059287e+06,1.287972965631e+06,2.879236449932e+01,7.301220841374e+02,3.358249050260e+02,1.208523196165e+02,3.598670551465e-01,6.131986815235e-02,5.088089805503e-02,8.206358155915e-01,2.325657303799e+01
5.328881469115e-01,6.462126776765e-04,1.434210179443e-02,5.891221770407e+06,6.269758287906e-01,1.021947822344e+02,1.252317789549e+02,5.557641687756e+02,5.623299969037e+02,2.822858204205e+06,1.286881013138e+06,2.900492234850e+01,7.306202374739e+02,3.378354096949e+02,1.194481689999e+02,3.535691214480e-01,6.255197574565e-02,5.163943625258e-02,8.160451211922e-01,2.325654570398e+01
5.348914858097e-01,6.573251950520e-04,1.446489225756e-02,5.935466200466e+06,6.302535341178e-01,1.006457533094e+02,1.240268083995e+02,5.564080226246e+02,5.621452209811e+02,2.823198605217e+06,1.285820499225e+06,2.921465567782e+01,7.311038752093e+02,3.397837563834e+02,1.180484120369e+02,3.474221760726e-01,6.376987360283e-02,5.237789193132e-02,8.114838606925e-01,2.325646917289e+01
5.368948247078e-01,6.685324471403e-04,1.458768272069e-02,5.978843358851e+06,6.334105344236e-01,9.911330010328e+01,1.228248073797e+02,5.570270528656e+02,5.619657819094e+02,2.823491043589e+06,1.284791867430e+06,2.942148251451e+01,7.315728919549e+02,3.416717188088e+02,1.166540938828e+02,3.414215677244e-01,6.497348695179e-02,5.309625940059e-02,8.069485490574e-01,2.325628470379e+01
5.388981636060e-01,6.798344339415e-04,1.471047318381e-02,6.021350727172e+06,6.364525741177e-01,9.759756868010e+01,1.216267295279e+02,5.576220554789e+02,5.617917662983e+02,2.823738118106e+06,1.283795453447e+06,2.962534082700e+01,7.320272279008e+02,3.435007831901e+02,1.152662241695e+02,3.355632062875e-01,6.616257065228e-02,5.379434253377e-02,8.024351970897e-01,2.325599661569e+01
5.409015025042e-01,6.912311554555e-04,1.483326364694e-02,6.062991366917e+06,6.393819038547e-01,9.609869191232e+01,1.204331854565e+02,5.581938001841e+02,5.616232461067e+02,2.823942054570e+06,1.282831513631e+06,2.982620513548e+01,7.324668597067e+02,3.452712719801e+02,1.138856195089e+02,3.298438901556e-01,6.733610763578e-02,5.447143316218e-02,7.979419588387e-01,2.325574837800e+01
5.429048414023e-01,7.027226116824e-04,1.495605411007e-02,6.103774941013e+06,6.421962942417e-01,9.461687510133e+01,1.192438897477e+02,5.587429602948e+02,5.614602995426e+02,2.824104354173e+06,1.281900334651e+06,3.002410361624e+01,7.328917620050e+02,3.469818902940e+02,1.125125718075e+02,3.242606457421e-01,6.849198709053e-02,5.512636643427e-02,7.934735716986e-01,2.325578514848e+01
5.449081803005e-01,7.143088026222e-04,1.507884457320e-02,6.143719369503e+06,6.448920438061e-01,9.315258567420e+01,1.180572849542e+02,5.592700928262e+02,5.613030389473e+02,2.824225619422e+06,1.281002387262e+06,3.021913296538e+01,7.333018498673e+02,3.486308603736e+02,1.111465721576e+02,3.188087596104e-01,6.962778314565e-02,5.575849518977e-02,7.890456375511e-01,2.325620732426e+01
5.469115191987e-01,7.259897282749e-04,1.520163503633e-02,6.182865826602e+06,6.474712881481e-01,9.170717132988e+01,1.168712776831e+02,5.597760591688e+02,5.611516198078e+02,2.824306558702e+06,1.280138363122e+06,3.041150084888e+01,7.336969886935e+02,3.502191238765e+02,1.097868166490e+02,3.134803589074e-01,7.074292520287e-02,5.636955275536e-02,7.846852806605e-01,2.325667122050e+01
5.489148580968e-01,7.377653886404e-04,1.532442549946e-02,6.221303407510e+06,6.499480149921e-01,9.028311387691e+01,1.156859372156e+02,5.602629836979e+02,5.610061855797e+02,2.824350817203e+06,1.279308851641e+06,3.060155432198e+01,7.340771577755e+02,3.517534215695e+02,1.084340182484e+02,3.082671314597e-01,7.184067201141e-02,5.696419877322e-02,7.804156326158e-01,2.325653025222e+01
5.509181969950e-01,7.496357837188e-04,1.544721596259e-02,6.259095024397e+06,6.523436169994e-01,8.887846213289e+01,1.145069659483e+02,5.607336492181e+02,5.608667081650e+02,2.824366381476e+06,1.278513529371e+06,3.078936052706e+01,7.344426420533e+02,3.532434705449e+02,1.070913991429e+02,3.031659692895e-01,7.292615611278e-02,5.754333252582e-02,7.761838888739e-01,2.325567327585e+01
5.529215358932e-01,7.616009135101e-04,1.557000642572e-02,6.295972601580e+06,6.546712080686e-01,8.747077847089e+01,1.133450282233e+02,5.611861137953e+02,5.607328014331e+02,2.824358536438e+06,1.277750391649e+06,3.097342114806e+01,7.347938403929e+02,3.546901040004e+02,1.057599815279e+02,2.981757323791e-01,7.399895701258e-02,5.808781676399e-02,7.717213524225e-01,2.325507868404e+01
5.549248747913e-01,7.736607780142e-04,1.569279688885e-02,6.331611485978e+06,6.569240255545e-01,8.609308727715e+01,1.121962944284e+02,5.616123291410e+02,5.606044904152e+02,2.824309013417e+06,1.277019733129e+06,3.115275112963e+01,7.351301795608e+02,3.560840658715e+02,1.044471259058e+02,2.933215381322e-01,7.505392470512e-02,5.861566910908e-02,7.673434110793e-01,2.325501833295e+01
5.569282136895e-01,7.858153772312e-04,1.581558735197e-02,6.366298807335e+06,6.590978962055e-01,8.473851421350e+01,1.110569153451e+02,5.620181585672e+02,5.604819228295e+02,2.824227117698e+06,1.276322023839e+06,3.132848576247e+01,7.354519900465e+02,3.574289036668e+02,1.031483882972e+02,2.885843512907e-01,7.609119856562e-02,5.912517091237e-02,7.630187994164e-01,2.325510411998e+01
5.589315525876e-01,7.980647111611e-04,1.593837781510e-02,6.400230462282e+06,6.611920560561e-01,8.340076958735e+01,1.099250429929e+02,5.624075384589e+02,5.603651811856e+02,2.824118898316e+06,1.275657459870e+06,3.150141027393e+01,7.357595575528e+02,3.587276559307e+02,1.018607791241e+02,2.839501706658e-01,7.711120672193e-02,5.961392679062e-02,7.587058173151e-01,2.325509188774e+01
5.609348914858e-01,8.104087798038e-04,1.606116827823e-02,6.433440357652e+06,6.632081071946e-01,8.207917899522e+01,1.088005328569e+02,5.627812457503e+02,5.602542711139e+02,2.823985406146e+06,1.275025954250e+06,3.167167022656e+01,7.360530158906e+02,3.599813576580e+02,1.005841485417e+02,2.794148819152e-01,7.811373642113e-02,6.008169249474e-02,7.544005239676e-01,2.325496960558e+01
5.629382303840e-01,8.228475831594e-04,1.618395874136e-02,6.465910888633e+06,6.651485161601e-01,8.077487057444e+01,1.076837902196e+02,5.631391624227e+02,5.601491686733e+02,2.823826554678e+06,1.274427304630e+06,3.183919256147e+01,7.363324589721e+02,3.611905521696e+02,9.931926807525e+01,2.749774806641e-01,7.909840465044e-02,6.052904138497e-02,7.501116965676e-01,2.325479657993e+01
5.649415692821e-01,8.353811212279e-04,1.630674920449e-02,6.497636560433e+06,6.670158044017e-01,7.948846049438e+01,1.065751572998e+02,5.634814540368e+02,5.600498463678e+02,2.823642860559e+06,1.273861284293e+06,3.200394306596e+01,7.365980067495e+02,3.623560875730e+02,9.806669689092e+01,2.706362615508e-01,8.006498091080e-02,6.095640044214e-02,7.458441770885e-01,2.325460902712e+01
5.669449081803e-01,8.480093940092e-04,1.642953966762e-02,6.528628638202e+06,6.688123352911e-01,7.821993483581e+01,1.054748304923e+02,5.638085955332e+02,5.599562753470e+02,2.823435325604e+06,1.273327650747e+06,3.216595326775e+01,7.368498091068e+02,3.634790727033e+02,9.682668397415e+01,2.663886073386e-01,8.101338158572e-02,6.136396449207e-02,7.415981089585e-01,2.325441422728e+01
5.689482470785e-01,8.607324015034e-04,1.655233013075e-02,6.558903854111e+06,6.705403149572e-01,7.696910004310e+01,1.043829334467e+02,5.641211344588e+02,5.598684212683e+02,2.823205009363e+06,1.272826132205e+06,3.232527884719e+01,7.370880331418e+02,3.645606600821e+02,9.559936038913e+01,2.622316965512e-01,8.194357532188e-02,6.175187529361e-02,7.373724564122e-01,2.325420965582e+01
5.709515859766e-01,8.735501437105e-04,1.667512059388e-02,6.588478441645e+06,6.722018090953e-01,7.573580672937e+01,1.032995614565e+02,5.644195813249e+02,5.597862422577e+02,2.822952864851e+06,1.272356421127e+06,3.248197570252e+01,7.373128562639e+02,3.656019460546e+02,9.438484340607e+01,2.581628583344e-01,8.285553125703e-02,6.212031671071e-02,7.331667788468e-01,2.325399357785e+01
5.729549248748e-01,8.864626206304e-04,1.679791105701e-02,6.617367753216e+06,6.737987429417e-01,7.451995538067e+01,1.022247860734e+02,5.647044092845e+02,5.597096890642e+02,2.822679754817e+06,1.271918175261e+06,3.263609759582e+01,7.375244652458e+02,3.666039648683e+02,9.318324362947e+01,2.541795849452e-01,8.374921017088e-02,6.246951470559e-02,7.289812798156e-01,2.325376617262e+01
5.749582637730e-01,8.994698322632e-04,1.692070152013e-02,6.645587193502e+06,6.753328982337e-01,7.332145453323e+01,1.011586497784e+02,5.649760751988e+02,5.596387057432e+02,2.822386493058e+06,1.271511020547e+06,3.278769945219e+01,7.377230566402e+02,3.675677027234e+02,9.199464906063e+01,2.502794679158e-01,8.462456768314e-02,6.279971470685e-02,7.248164610133e-01,2.325352810771e+01
5.769616026711e-01,9.125717786089e-04,1.704349198326e-02,6.673152603921e+06,6.768059143393e-01,7.214020278451e+01,1.001011644742e+02,5.652350281683e+02,5.595732301592e+02,2.822073860444e+06,1.271134553446e+06,3.293683878727e+01,7.379088365500e+02,3.684941030036e+02,9.081911900318e+01,2.464601692752e-01,8.548155478786e-02,6.311117029821e-02,7.206729628316e-01,2.325327986165e+01
5.789649415693e-01,9.257684596675e-04,1.716628244639e-02,6.700080174213e+06,6.782192919498e-01,7.097609016653e+01,9.905231325489e+01,5.654817088311e+02,5.595131943615e+02,2.821742605443e+06,1.270788342933e+06,3.308357531448e+01,7.380820197951e+02,3.693840645484e+02,8.965668644127e+01,2.427194214534e-01,8.632011523214e-02,6.340414199454e-02,7.165515658770e-01,2.325302180691e+01
5.809682804674e-01,9.390598754389e-04,1.728907290952e-02,6.726386284019e+06,6.795743969932e-01,6.982900267853e+01,9.801205248771e+01,5.657165475077e+02,5.594585249909e+02,2.821393443178e+06,1.270471932698e+06,3.322797025124e+01,7.382428288994e+02,3.702384392543e+02,8.850736166140e+01,2.390550312379e-01,8.714018241676e-02,6.367889823040e-02,7.124532229063e-01,2.325275438866e+01
5.829716193656e-01,9.524460259232e-04,1.741186337265e-02,6.752087420126e+06,6.808724643341e-01,6.869882421708e+01,9.698031321264e+01,5.659399637903e+02,5.594091437617e+02,2.821027056840e+06,1.270184843683e+06,3.337008591489e+01,7.383914930737e+02,3.710580311957e+02,8.737113448827e+01,2.354648791908e-01,8.794167705300e-02,6.393571545539e-02,7.083790713941e-01,2.325247812694e+01
5.849749582638e-01,9.659269111203e-04,1.753465383578e-02,6.777200146060e+06,6.821146013508e-01,6.758543681666e+01,9.595700210368e+01,5.661523670126e+02,5.593649679986e+02,2.820644100271e+06,1.269926576863e+06,3.350998553318e+01,7.385282471933e+02,3.718435967794e+02,8.624797557804e+01,2.319469161902e-01,8.872450544932e-02,6.417487761904e-02,7.043304327457e-01,2.325219349181e+01
5.869782971619e-01,9.795025310304e-04,1.765744429891e-02,6.801741086484e+06,6.833017902254e-01,6.648872078934e+01,9.494200219793e+01,5.663541568888e+02,5.593259112003e+02,2.820245200569e+06,1.269696616152e+06,3.364773312320e+01,7.386533307574e+02,3.725958447768e+02,8.513783749804e+01,2.284991598579e-01,8.948855765293e-02,6.439667558990e-02,7.003088122234e-01,2.325190079354e+01
5.889816360601e-01,9.931728856533e-04,1.778023476204e-02,6.825726903259e+06,6.844348859657e-01,6.540855499918e+01,9.393517308838e+01,5.665457245706e+02,5.592918836062e+02,2.819830960137e+06,1.269494431330e+06,3.378339340667e+01,7.387669868312e+02,3.733154343852e+02,8.404065561028e+01,2.251196920071e-01,9.023370420944e-02,6.460140601733e-02,6.963159043486e-01,2.325160021891e+01
5.909849749583e-01,1.006937974989e-03,1.790302522516e-02,6.849174290907e+06,6.855146066400e-01,6.434481728943e+01,9.293635009988e+01,5.667274531302e+02,5.592627927586e+02,2.819401958980e+06,1.269319480979e+06,3.391703172048e+01,7.388694610112e+02,3.740029707963e+02,8.295634862437e+01,2.218066569037e-01,9.095978998949e-02,6.478936891064e-02,6.923536078216e-01,2.325129213433e+01
5.929883138564e-01,1.020797799038e-03,1.802581568829e-02,6.872099985543e+06,6.865415143408e-01,6.329738527735e+01,9.194534222771e+01,5.668997170578e+02,5.592385440848e+02,2.818958756903e+06,1.269171215381e+06,3.404871398352e+01,7.389610004554e+02,3.746589976834e+02,8.188481883589e+01,2.185582605575e-01,9.166662448174e-02,6.496086399708e-02,6.884240543755e-01,2.325097770561e+01
5.949916527546e-01,1.034752357799e-03,1.814860615142e-02,6.894520779922e+06,6.875159913719e-01,6.226613713666e+01,9.096192924891e+01,5.670628836603e+02,5.592190414528e+02,2.818501895214e+06,1.269049079303e+06,3.417850675546e+01,7.390418529322e+02,3.752839868500e+02,8.082595201775e+01,2.153727706214e-01,9.235397021649e-02,6.511618662131e-02,6.845296449933e-01,2.325065960938e+01
5.969949916528e-01,1.048801651274e-03,1.827139661455e-02,6.916453545722e+06,6.884382248359e-01,6.125095226033e+01,8.998585960223e+01,5.672173139699e+02,5.592041876779e+02,2.818031897976e+06,1.268952514608e+06,3.430647731727e+01,7.391122659520e+02,3.758783318466e+02,7.977961741129e+01,2.122485140852e-01,9.302153427184e-02,6.525562566438e-02,6.806730805382e-01,2.325034231267e+01
5.989983305509e-01,1.062945679461e-03,1.839418707768e-02,6.937915234666e+06,6.893082183332e-01,6.025171160287e+01,8.901685154238e+01,5.673633629985e+02,5.591938849668e+02,2.817549272344e+06,1.268880962478e+06,3.443269370056e+01,7.391724860158e+02,3.764423527321e+02,7.874566852744e+01,2.091838709325e-01,9.366897033677e-02,6.537946680158e-02,6.768573653067e-01,2.325003125154e+01
6.010016694491e-01,1.077184442361e-03,1.851697754081e-02,6.958922841795e+06,6.901258436861e-01,5.926829733250e+01,8.805459964013e+01,5.675013793994e+02,5.591880352562e+02,2.817054508242e+06,1.268833865109e+06,3.455722454929e+01,7.392227580097e+02,3.769763170505e+02,7.772394532344e+01,2.061772631542e-01,9.429589680405e-02,6.548800272067e-02,6.730857624101e-01,2.324973054804e+01
6.030050083472e-01,1.091517939974e-03,1.863976800394e-02,6.979493328884e+06,6.908909212046e-01,5.830059174586e+01,8.709878596991e+01,5.676317047154e+02,5.591865404319e+02,2.816548078298e+06,1.268810666786e+06,3.468013876956e+01,7.392633247639e+02,3.774804722978e+02,7.671427770311e+01,2.032271424165e-01,9.490192694027e-02,6.558154713202e-02,6.693617034571e-01,2.324943993278e+01
6.050083472454e-01,1.105946172300e-03,1.876255846707e-02,6.999643550596e+06,6.916032763122e-01,5.734847595331e+01,8.614909021670e+01,5.677546731239e+02,5.591893024816e+02,2.816030439906e+06,1.268810814601e+06,3.480150510886e+01,7.392944267507e+02,3.779550689002e+02,7.571648901713e+01,2.003319845331e-01,9.548669079000e-02,6.566044214433e-02,6.656887009377e-01,2.324915306735e+01
6.070116861436e-01,1.120469139338e-03,1.888534893020e-02,7.019390271644e+06,6.922626828171e-01,5.641182915946e+01,8.520518739746e+01,5.678706131767e+02,5.591962237214e+02,2.815502041621e+06,1.268833759519e+06,3.492139202393e+01,7.393163017912e+02,3.784003378006e+02,7.473039657970e+01,1.974903009180e-01,9.604981254111e-02,6.572504263396e-02,6.620703607671e-01,2.324886058104e+01
6.090150250417e-01,1.135086841090e-03,1.900813939332e-02,7.038750363957e+06,6.928686045649e-01,5.549052844054e+01,8.426672014974e+01,5.679798526630e+02,5.592072072687e+02,2.814963334408e+06,1.268878958632e+06,3.503986826348e+01,7.393291845844e+02,3.788163873392e+02,7.375580489256e+01,1.947006712424e-01,9.659080613124e-02,6.577566258837e-02,6.585105999372e-01,2.324856040124e+01
6.110183639399e-01,1.149799277554e-03,1.913092985645e-02,7.057741236106e+06,6.934197221879e-01,5.458444829836e+01,8.333324025682e+01,5.680827266671e+02,5.592221579182e+02,2.814414785431e+06,1.268945879444e+06,3.515700452018e+01,7.393333058310e+02,3.792030147492e+02,7.279248876981e+01,1.919617881149e-01,9.710888133329e-02,6.581248438377e-02,6.550141111774e-01,2.324827453802e+01
6.130217028381e-01,1.164606448732e-03,1.925372031958e-02,7.076381637242e+06,6.939133802593e-01,5.369346609705e+01,8.240413541411e+01,5.681795902710e+02,5.592409834412e+02,2.813856893535e+06,1.269034006170e+06,3.527287690682e+01,7.393288911722e+02,3.795594908675e+02,7.184017290446e+01,1.892724978112e-01,9.760271561973e-02,6.583546821684e-02,6.515870329470e-01,2.324806689628e+01
6.150250417362e-01,1.179508354622e-03,1.937651078271e-02,7.094693160619e+06,6.943452490310e-01,5.281749030297e+01,8.147858729807e+01,5.682708409024e+02,5.592635961516e+02,2.813290212258e+06,1.269142846968e+06,3.538757368298e+01,7.393161608547e+02,3.798844454445e+02,7.089853003525e+01,1.866318320885e-01,9.807031812457e-02,6.584433661370e-02,6.482376788118e-01,2.324805428603e+01
6.170283806344e-01,1.194504995225e-03,1.949930124584e-02,7.112701760148e+06,6.947095459782e-01,5.195648281444e+01,8.055562027674e+01,5.683569387329e+02,5.592899139674e+02,2.812715363850e+06,1.269271938438e+06,3.550120241333e+01,7.392953304421e+02,3.801759841720e+02,6.996720931465e+01,1.840390035868e-01,9.850912806212e-02,6.583865238038e-02,6.449765098443e-01,2.324840220501e+01
6.190317195326e-01,1.209596370541e-03,1.962209170897e-02,7.130434911776e+06,6.949999978740e-01,5.111026462823e+01,7.963425807496e+01,5.684383506171e+02,5.593198588745e+02,2.812132932714e+06,1.269420839284e+06,3.561387981556e+01,7.392666088830e+02,3.804320383806e+02,6.904582112175e+01,1.814931818457e-01,9.891638821007e-02,6.581774008556e-02,6.418125297296e-01,2.324929190757e+01
6.210350584307e-01,1.224782480570e-03,1.974488217210e-02,7.147917414041e+06,6.952113197423e-01,5.027875913788e+01,7.871355966961e+01,5.685154804763e+02,5.593533546780e+02,2.811543366721e+06,1.269589121114e+06,3.572571442607e+01,7.392301955472e+02,3.806509224997e+02,6.813398494645e+01,1.789933530150e-01,9.928973214659e-02,6.578134636555e-02,6.387560078457e-01,2.325083293532e+01
6.230383973289e-01,1.240063325311e-03,1.986767263523e-02,7.165170221835e+06,6.953405813820e-01,4.946201797950e+01,7.779263990025e+01,5.685886555929e+02,5.593903255534e+02,2.810946973452e+06,1.269776361364e+06,3.583680089145e+01,7.391862811418e+02,3.808318866639e+02,6.723129172209e+01,1.765379792933e-01,9.962776696662e-02,6.573005597366e-02,6.358187361031e-01,2.325297381200e+01
6.250417362270e-01,1.255438904766e-03,1.999046309836e-02,7.182210071557e+06,6.953873996468e-01,4.866016991897e+01,7.687068161573e+01,5.686581263592e+02,5.594306950116e+02,2.810343936392e+06,1.269982137894e+06,3.594721746042e+01,7.391350492183e+02,3.809751879648e+02,6.633728366269e+01,1.741249450314e-01,9.993017280973e-02,6.566528162532e-02,6.330133790437e-01,2.325548968345e+01
6.270450751252e-01,1.270909218933e-03,2.011325356148e-02,7.199050394480e+06,6.953527090673e-01,4.787335896494e+01,7.594693102519e+01,5.687240863469e+02,5.594743857958e+02,2.809734356987e+06,1.270206027678e+06,3.605702896593e+01,7.390766781169e+02,3.810815909918e+02,6.545148067364e+01,1.717518825911e-01,1.001972053919e-01,6.558884127126e-02,6.303527781663e-01,2.325806401233e+01
6.290484140234e-01,1.286474267813e-03,2.023604402461e-02,7.215703404260e+06,6.952370453377e-01,4.710169301233e+01,7.502067764926e+01,5.687867093597e+02,5.595213206623e+02,2.809118313896e+06,1.270447609418e+06,3.616629507509e+01,7.390113432479e+02,3.811516886573e+02,6.457342061346e+01,1.694165932753e-01,1.004289905712e-01,6.550242241458e-02,6.278494741482e-01,2.326040041265e+01
6.310517529215e-01,1.302134051407e-03,2.035883448774e-02,7.232181667793e+06,6.950394102144e-01,4.634522163170e+01,7.409122859599e+01,5.688461746631e+02,5.595714232549e+02,2.808495895951e+06,1.270706467043e+06,3.627507696052e+01,7.389392182414e+02,3.811854609739e+02,6.370268059337e+01,1.671172883421e-01,1.006250532328e-01,6.540725314109e-02,6.255156313363e-01,2.326229301537e+01
6.330550918197e-01,1.317888569713e-03,2.048162495087e-02,7.248498786217e+06,6.947568631275e-01,4.560394175123e+01,7.315788502029e+01,5.689026756996e+02,5.596246187857e+02,2.807867206308e+06,1.270982192815e+06,3.638344060734e+01,7.388604748669e+02,3.811821247008e+02,6.283887788843e+01,1.648526355682e-01,1.007841468126e-01,6.530401546819e-02,6.233633153635e-01,2.326364696605e+01
6.350584307179e-01,1.333737822731e-03,2.060441541400e-02,7.264669424693e+06,6.943846295400e-01,4.487781753844e+01,7.221992532903e+01,5.689564176723e+02,5.596808344844e+02,2.807232349530e+06,1.271274389663e+06,3.649145750265e+01,7.387752822369e+02,3.811401884103e+02,6.198165761883e+01,1.626216796433e-01,1.009043013379e-01,6.519292176116e-02,6.214049285426e-01,2.326446443949e+01
6.370617696160e-01,1.349681810463e-03,2.072720587713e-02,7.280709058750e+06,6.939164595111e-01,4.416680273132e+01,7.127659759353e+01,5.690076109584e+02,5.597399998512e+02,2.806591413669e+06,1.271582672674e+06,3.659920410325e+01,7.386838058887e+02,3.810576066987e+02,6.113067607554e+01,1.604237128479e-01,1.009829814754e-01,6.507386152419e-02,6.196536341871e-01,2.326481523648e+01
6.390651085142e-01,1.365720532908e-03,2.084999634026e-02,7.296633504484e+06,6.933450702664e-01,4.347085871598e+01,7.032712173291e+01,5.690564636309e+02,5.598020466772e+02,2.805944449566e+06,1.271906669485e+06,3.670676053778e+01,7.385862069388e+02,3.809319641006e+02,6.028558496224e+01,1.582581422501e-01,1.010172842704e-01,6.494656030137e-02,6.181236718470e-01,2.326480377454e+01
6.410684474124e-01,1.381853990065e-03,2.097278680339e-02,7.312458438537e+06,6.926625529850e-01,4.278996729020e+01,6.937070075284e+01,5.691031687578e+02,5.598669088985e+02,2.805291452752e+06,1.272246019796e+06,3.681420855616e+01,7.384826415545e+02,3.807606451926e+02,5.944602103623e+01,1.561243836168e-01,1.010041239704e-01,6.481071349882e-02,6.168305469864e-01,2.326454088452e+01
6.430717863105e-01,1.398082181936e-03,2.109557726652e-02,7.328198863419e+06,6.918606694497e-01,4.212413777259e+01,6.840653912756e+01,5.691478950844e+02,5.599345222745e+02,2.804632345996e+06,1.272600373979e+06,3.692162958430e+01,7.383732606756e+02,3.805409565564e+02,5.861160291793e+01,1.540217995149e-01,1.009403727222e-01,6.466607484482e-02,6.157910970184e-01,2.326412530798e+01
6.450751252087e-01,1.414405108519e-03,2.121836772964e-02,7.343868651825e+06,6.909310258933e-01,4.147340744130e+01,6.743386606049e+01,5.691907802033e+02,5.600048239617e+02,2.803966965412e+06,1.272969391063e+06,3.702910311126e+01,7.382582100881e+02,3.802701990405e+02,5.778193373727e+01,1.519496765275e-01,1.008229510974e-01,6.451249555528e-02,6.150234276068e-01,2.326363527185e+01
6.470784641068e-01,1.430822769815e-03,2.134115819277e-02,7.359480177754e+06,6.898651588768e-01,4.083783776195e+01,6.645196240579e+01,5.692319244503e+02,5.600777519998e+02,2.803295049801e+06,1.273352736195e+06,3.713670528183e+01,7.381376308327e+02,3.799457059862e+02,5.695660833136e+01,1.499072299910e-01,1.006488823378e-01,6.434992753995e-02,6.145467535266e-01,2.326312760560e+01
6.490818030050e-01,1.447335165824e-03,2.146394865590e-02,7.375043973243e+06,6.886545835159e-01,4.021750885932e+01,6.546019054184e+01,5.692713854705e+02,5.601532446948e+02,2.802616231562e+06,1.273750077520e+06,3.724450755549e+01,7.380116598654e+02,3.795648669610e+02,5.613522352670e+01,1.478936234962e-01,1.004153310453e-01,6.417840820435e-02,6.143811761992e-01,2.326264097387e+01
6.510851419032e-01,1.463942296546e-03,2.158673911903e-02,7.390568384461e+06,6.872908460267e-01,3.961251331291e+01,6.445802661437e+01,5.693091730858e+02,5.602312398940e+02,2.801930028860e+06,1.274161082484e+06,3.735257530836e+01,7.378804309354e+02,3.791251536375e+02,5.531739013205e+01,1.459079926544e-01,1.001196433953e-01,6.399803995763e-02,6.145474100519e-01,2.326220042604e+01
6.530884808013e-01,1.480644161980e-03,2.170952958216e-02,7.406059219085e+06,6.857656064057e-01,3.902294966754e+01,6.344509460647e+01,5.693452444835e+02,5.603116741492e+02,2.801235839479e+06,1.274585413532e+06,3.746096631848e+01,7.377440756760e+02,3.786241577839e+02,5.450274586220e+01,1.439494674117e-01,9.975939883600e-02,6.380897182498e-02,6.150664587954e-01,2.326182164085e+01
6.550918196995e-01,1.497440762128e-03,2.183232004529e-02,7.421519388250e+06,6.840707633123e-01,3.844891562752e+01,6.242120155782e+01,5.693794999107e+02,5.603944817696e+02,2.800532937156e+06,1.275022723207e+06,3.756972912631e+01,7.376027249146e+02,3.780596456751e+02,5.369096886016e+01,1.420171908702e-01,9.933247702228e-02,6.361138603163e-02,6.159592360924e-01,2.326151420238e+01
6.570951585977e-01,1.514332096988e-03,2.195511050842e-02,7.436948559845e+06,6.821986244760e-01,3.789050076275e+01,6.138637298701e+01,5.694117790343e+02,5.604795937651e+02,2.799820471609e+06,1.275472648685e+06,3.767890128360e+01,7.374565102135e+02,3.774296295775e+02,5.288179170960e+01,1.401103346571e-01,9.883713956592e-02,6.340548985174e-02,6.172461235129e-01,2.326128380551e+01
6.590984974958e-01,1.531318166562e-03,2.207790097155e-02,7.452342844043e+06,6.801421208753e-01,3.734777863737e+01,6.034088721246e+01,5.694418589861e+02,5.605669367092e+02,2.799097473480e+06,1.275934805799e+06,3.778850753490e+01,7.373055656507e+02,3.767324546483e+02,5.207501587833e+01,1.382281118492e-01,9.827212368012e-02,6.319151202507e-02,6.189464617229e-01,2.326113354741e+01
6.611018363940e-01,1.548398970848e-03,2.220069143468e-02,7.467694532141e+06,6.778950595557e-01,3.682079827364e+01,5.928530682761e+01,5.694694541529e+02,5.606564315349e+02,2.798362865349e+06,1.276408782677e+06,3.789855801640e+01,7.371500298361e+02,3.759668983548e+02,5.127052636706e+01,1.363697883814e-01,9.763674316093e-02,6.296970265012e-02,6.210779743572e-01,2.326106452862e+01
6.631051752922e-01,1.565574509847e-03,2.232348189780e-02,7.482991918347e+06,6.754524069641e-01,3.630957493765e+01,5.822050518099e+01,5.694942183333e+02,5.607479923045e+02,2.797615479990e+06,1.276894133157e+06,3.800904655734e+01,7.369900481431e+02,3.751322780767e+02,5.046830612365e+01,1.345346936883e-01,9.693099079484e-02,6.274033537937e-02,6.236561298254e-01,2.326107597856e+01
6.651085141903e-01,1.582844783559e-03,2.244627236093e-02,7.498219231802e+06,6.728105914151e-01,3.581408043455e+01,5.714768543513e+01,5.695157497123e+02,5.608415249998e+02,2.796854086689e+06,1.277390370225e+06,3.811994918330e+01,7.368257751085e+02,3.742285612362e+02,4.966844959710e+01,1.327222311227e-01,9.615563514368e-02,6.250371091345e-02,6.266934550691e-01,2.326116510386e+01
6.671118530885e-01,1.600209791983e-03,2.256906282406e-02,7.513356704038e+06,6.699678098288e-01,3.533423321641e+01,5.606838968016e+01,5.695335989747e+02,5.609369263956e+02,2.796077426029e+06,1.277896959787e+06,3.823122292820e+01,7.366573769247e+02,3.732564710062e+02,4.887117459254e+01,1.309318883629e-01,9.531230379429e-02,6.226016083767e-02,6.301988235791e-01,2.326132683114e+01
6.691151919866e-01,1.617669535121e-03,2.269185328719e-02,7.528380792186e+06,6.669243206138e-01,3.486988871626e+01,5.498449575516e+01,5.695472807100e+02,5.610340830853e+02,2.795284252999e+06,1.278413315128e+06,3.834280506067e+01,7.364850339188e+02,3.722175795906e+02,4.807683142600e+01,1.291632476867e-01,9.440354479527e-02,6.201005088700e-02,6.341767481424e-01,2.326155358809e+01
6.711185308848e-01,1.635224012972e-03,2.281464375032e-02,7.543264572534e+06,6.636827021432e-01,3.442083052108e+01,5.389819995625e+01,5.695562880747e+02,5.611328707390e+02,2.794473387696e+06,1.278938792488e+06,3.845461282729e+01,7.363089428847e+02,3.711143805747e+02,4.728590835203e+01,1.274159957876e-01,9.343285840152e-02,6.175378296941e-02,6.386267175716e-01,2.326183524945e+01
6.731218697830e-01,1.652873225535e-03,2.293743421345e-02,7.557978314169e+06,6.602480553330e-01,3.398676330092e+01,5.281198469347e+01,5.695601105214e+02,5.612331536739e+02,2.793643772349e+06,1.279472688182e+06,3.856654381438e+01,7.361293191210e+02,3.699503321939e+02,4.649903238550e+01,1.256899327803e-01,9.240469259358e-02,6.149179581811e-02,6.435426257540e-01,2.326215936577e+01
6.751252086811e-01,1.670617172811e-03,2.306022467658e-02,7.572490205428e+06,6.566281299576e-01,3.356730797243e+01,5.172857118503e+01,5.695582546447e+02,5.613347848042e+02,2.792794532167e+06,1.280014237639e+06,3.867847699242e+01,7.359463979867e+02,3.687298638403e+02,4.571696459685e+01,1.239849794663e-01,9.132439808994e-02,6.122456371171e-02,6.489123361316e-01,2.326251168942e+01
6.771285475793e-01,1.688455854800e-03,2.318301513971e-02,7.586767150316e+06,6.528333579807e-01,3.316199808359e+01,5.065085829647e+01,5.695502675251e+02,5.614376060041e+02,2.791925035878e+06,1.280562616624e+06,3.879027430486e+01,7.357604357481e+02,3.674583395939e+02,4.494058863484e+01,1.223011802767e-01,9.019814137919e-02,6.095259059115e-02,6.547173966823e-01,2.326287675784e+01
6.791318864775e-01,1.706389271502e-03,2.330580560283e-02,7.600775813676e+06,6.488767833926e-01,3.277028079344e+01,4.958185086301e+01,5.695357524563e+02,5.615414490040e+02,2.791034958377e+06,1.281116945148e+06,3.890178230204e+01,7.355717097996e+02,3.661419858007e+02,4.417089381364e+01,1.206387017240e-01,8.903277737953e-02,6.067640349137e-02,6.609329870314e-01,2.326323878984e+01
6.811352253756e-01,1.724417422917e-03,2.342859606596e-02,7.614483539589e+06,6.447738826179e-01,3.239152232935e+01,4.852458113449e+01,5.695143915351e+02,5.616461366933e+02,2.790124333354e+06,1.281676293687e+06,3.901283468589e+01,7.353805178146e+02,3.647877700132e+02,4.340895288997e+01,1.189978295829e-01,8.783568894680e-02,6.039654625744e-02,6.675281181631e-01,2.326358286698e+01
6.831385642738e-01,1.742540309045e-03,2.355138652909e-02,7.627859328385e+06,6.405422802075e-01,3.202501539491e+01,4.748202733113e+01,5.694859647866e+02,5.617514848978e+02,2.789193598825e+06,1.282239691939e+06,3.912325517717e+01,7.351871760263e+02,3.634032456233e+02,4.265589427986e+01,1.173789579306e-01,8.661460126904e-02,6.011356975601e-02,6.744660494712e-01,2.326389587643e+01
6.851419031720e-01,1.760757929885e-03,2.367417699222e-02,7.640874743223e+06,6.362013721538e-01,3.166999015927e+01,4.645703449799e+01,5.694503652425e+02,5.618573045393e+02,2.788243630546e+06,1.282806139715e+06,3.923286047737e+01,7.349920165791e+02,3.619963687609e+02,4.191287097842e+01,1.157825729630e-01,8.537738203412e-02,5.982802191653e-02,6.817049452573e-01,2.326416731364e+01
6.871452420701e-01,1.779070285439e-03,2.379696745535e-02,7.653504684669e+06,6.317718761278e-01,3.132562847928e+01,4.545224225824e+01,5.694076094509e+02,5.619634040822e+02,2.787275760592e+06,1.283374619532e+06,3.934146320640e+01,7.347953840270e+02,3.605752977235e+02,4.118102795037e+01,1.142092323306e-01,8.413183940321e-02,5.954043853933e-02,6.891987484645e-01,2.326438986921e+01
6.891485809683e-01,1.797477375705e-03,2.391975791848e-02,7.665728002006e+06,6.272753332280e-01,3.099108038407e+01,4.447002329412e+01,5.693578428926e+02,5.620695921573e+02,2.786291779732e+06,1.283944110305e+06,3.944887473015e+01,7.345976311385e+02,3.591481869891e+02,4.046146974068e+01,1.126595405643e-01,8.288552957017e-02,5.925133513101e-02,6.968982269044e-01,2.326455970879e+01
6.911519198664e-01,1.815979200684e-03,2.404254838161e-02,7.677527918495e+06,6.227335888064e-01,3.066548187293e+01,4.351243539137e+01,5.693013400445e+02,5.621756802581e+02,2.785293922984e+06,1.284513601520e+06,3.955490779954e+01,7.343991142647e+02,3.577229878070e+02,3.975523012012e+01,1.111341218630e-01,8.164558423789e-02,5.896120012164e-02,7.047521380293e-01,2.326467642211e+01
6.931552587646e-01,1.834575760376e-03,2.416533884474e-02,7.688892258484e+06,6.181682803413e-01,3.034797304870e+01,4.258118867326e+01,5.692384991307e+02,5.622814854595e+02,2.784284838687e+06,1.285082107207e+06,3.965937893686e+01,7.342001886943e+02,3.563072661411e+02,3.906324540122e+01,1.096335918834e-01,8.041856602561e-02,5.867048969679e-02,7.127084516491e-01,2.326474266893e+01
6.951585976628e-01,1.853267054781e-03,2.428812930787e-02,7.699813484825e+06,6.136003574812e-01,3.003771567325e+01,4.167762841312e+01,5.691698320013e+02,5.623868325800e+02,2.783267542251e+06,1.285648679094e+06,3.976211057130e+01,7.340012030510e+02,3.549080466556e+02,3.838633273744e+01,1.081585303550e-01,7.921035700182e-02,5.837962437561e-02,7.207155689260e-01,2.326476359549e+01
6.971619365609e-01,1.872053083899e-03,2.441091977099e-02,7.710288557574e+06,6.090496567720e-01,2.973390923065e+01,4.080273265903e+01,5.690959497942e+02,5.624915564022e+02,2.782245356837e+06,1.286212418363e+06,3.986293288851e+01,7.338024948233e+02,3.535316887592e+02,3.772517421277e+01,1.067094560750e-01,7.802608267435e-02,5.808898722931e-02,7.287234773984e-01,2.326474610367e+01
6.991652754591e-01,1.890933847730e-03,2.453371023412e-02,7.720318649071e+06,6.045345466407e-01,2.943580481105e+01,3.995712302815e+01,5.690175454110e+02,5.625955034768e+02,2.781221843796e+06,1.286772485582e+06,3.996168545403e+01,7.336043861930e+02,3.521837978862e+02,3.708030709753e+01,1.052868056966e-01,7.687007104753e-02,5.779892360766e-02,7.366847906019e-01,2.326469807656e+01
7.011686143573e-01,1.909909346273e-03,2.465650069725e-02,7.729908758952e+06,6.000716525371e-01,2.914271666666e+01,3.914108646752e+01,5.689353740333e+02,5.626985334885e+02,2.780200726432e+06,1.287328108567e+06,4.005821867982e+01,7.334071803973e+02,3.508691725059e+02,3.645212031565e+01,1.038909176754e-01,7.574584415984e-02,5.750974275248e-02,7.445556395283e-01,2.326462771148e+01
7.031719532554e-01,1.928979579530e-03,2.477929116038e-02,7.739067234862e+06,5.956756660634e-01,2.885403071795e+01,3.835460527413e+01,5.688502338057e+02,5.628005201865e+02,2.779185809929e+06,1.287878587954e+06,4.015239519082e+01,7.332111587931e+02,3.495917837297e+02,3.584085642626e+01,1.025220216673e-01,7.465613787351e-02,5.722172042832e-02,7.522963803624e-01,2.326454295789e+01
7.051752921536e-01,1.948144547499e-03,2.490208162351e-02,7.747805178522e+06,5.913592368275e-01,2.856920810712e+01,3.759739232967e+01,5.687629473866e+02,5.629013518658e+02,2.778180899694e+06,1.288423300441e+06,4.024409090193e+01,7.330165786207e+02,3.483547827609e+02,3.524661757833e+01,1.011802315415e-01,7.360294441608e-02,5.693509923768e-02,7.598720639083e-01,2.326445076286e+01
7.071786310518e-01,1.967404250181e-03,2.502487208664e-02,7.756136053601e+06,5.871329419470e-01,2.828778776171e+01,3.686892995365e+01,5.686743334991e+02,5.630009315393e+02,2.777189728421e+06,1.288961700197e+06,4.033319530368e+01,7.328236717819e+02,3.471605429262e+02,3.466937618052e+01,9.986554315272e-02,7.258757146986e-02,5.665009181747e-02,7.672527463442e-01,2.326435676231e+01
7.091819699499e-01,1.986758687576e-03,2.514766254977e-02,7.764075062124e+06,5.830053206160e-01,2.800938710304e+01,3.616850985962e+01,5.685851921138e+02,5.630991766597e+02,2.776215882591e+06,1.289493317998e+06,4.041961233065e+01,7.326326441081e+02,3.460107094827e+02,3.410898866118e+01,9.857784087716e-02,7.161071378969e-02,5.636688626526e-02,7.744136325150e-01,2.326426540377e+01
7.111853088481e-01,2.006207859684e-03,2.527045301290e-02,7.771638671705e+06,5.789829635599e-01,2.773369830731e+01,3.549527171866e+01,5.684962894340e+02,5.631960185916e+02,2.775262739755e+06,1.290017758888e+06,4.050326107604e+01,7.324436754331e+02,3.449062665375e+02,3.356521003495e+01,9.731690401542e-02,7.067253134366e-02,5.608564829683e-02,7.813350050431e-01,2.326417983850e+01
7.131886477462e-01,2.025751766505e-03,2.539324347603e-02,7.778844185770e+06,5.750706450792e-01,2.746048303204e+01,3.484823952397e+01,5.684083445977e+02,5.632914018467e+02,2.774333415137e+06,1.290534698497e+06,4.058407624151e+01,7.322569202466e+02,3.438476124230e+02,3.303770942609e+01,9.608241625786e-02,6.977272950022e-02,5.580652369900e-02,7.880020169500e-01,2.326410196706e+01
7.151919866444e-01,2.045390408038e-03,2.551603393915e-02,7.785709354065e+06,5.712714852583e-01,2.718956613099e+01,3.422635480820e+01,5.683220189011e+02,5.633852831360e+02,2.773430718344e+06,1.291043878326e+06,4.066200834310e+01,7.320725088100e+02,3.428346384346e+02,3.252608576821e+01,9.487397748583e-02,6.891063775826e-02,5.552964108817e-02,7.944043788288e-01,2.326403262254e+01
7.171953255426e-01,2.065123784285e-03,2.563882440228e-02,7.792252039189e+06,5.675871307900e-01,2.692082847493e+01,3.362850604799e+01,5.682379077778e+02,5.634776303032e+02,2.772557121003e+06,1.291545100322e+06,4.073702370899e+01,7.318905486374e+02,3.418668073572e+02,3.202988289729e+01,9.369111656349e-02,6.808528437816e-02,5.525511440928e-02,8.005359630460e-01,2.326397179878e+01
7.191986644407e-01,2.084951895244e-03,2.576161486541e-02,7.798489942536e+06,5.640179443409e-01,2.665419922952e+01,3.305355397125e+01,5.681565354944e+02,5.635684211931e+02,2.771714735340e+06,1.292038221028e+06,4.080910427582e+01,7.317111262375e+02,3.409432289433e+02,3.154860354232e+01,9.253330426917e-02,6.729546503786e-02,5.498304502305e-02,8.063943518054e-01,2.326391887731e+01
7.212020033389e-01,2.104874740916e-03,2.588440532854e-02,7.804440385901e+06,5.605631941158e-01,2.638964801230e+01,3.250035276639e+01,5.680783523489e+02,5.636576424991e+02,2.770905303216e+06,1.292523145574e+06,4.087824717865e+01,7.315343090157e+02,3.400627302740e+02,3.108172192920e+01,9.139996583618e-02,6.653980433430e-02,5.471352343673e-02,8.119803560900e-01,2.326387283559e+01
7.232053422371e-01,2.124892321301e-03,2.600719579167e-02,7.810120143177e+06,5.572212370670e-01,2.612717727724e+01,3.196776737835e+01,5.680037340851e+02,5.637452886281e+02,2.770130194751e+06,1.292999821690e+06,4.094446413884e+01,7.313601472501e+02,3.392239196660e+02,3.062869484722e+01,9.029049271459e-02,6.581680955124e-02,5.444663074501e-02,8.172975287269e-01,2.326383242708e+01
7.252086811352e-01,2.145004636399e-03,2.612998625480e-02,7.815545316348e+06,5.539896909175e-01,2.586681517586e+01,3.145468719815e+01,5.679329832030e+02,5.638313606107e+02,2.769390415416e+06,1.293468233927e+06,4.100778066571e+01,7.311886760685e+02,3.384252434137e+02,3.018897112706e+01,8.920425327185e-02,6.512491659324e-02,5.418243982247e-02,8.223516900013e-01,2.326379632682e+01
7.272120200334e-01,2.165211686210e-03,2.625277671793e-02,7.820731249633e+06,5.508655917368e-01,2.560860905992e+01,3.096003652558e+01,5.678663318255e+02,5.639158650791e+02,2.768686620334e+06,1.293928398194e+06,4.106823509625e+01,7.310199173693e+02,3.376650351442e+02,2.976199955918e+01,8.814060225831e-02,6.446252834219e-02,5.392101629553e-02,8.271504795790e-01,2.326376323963e+01
7.292153589316e-01,2.185513470734e-03,2.637556718106e-02,7.825692475502e+06,5.478455351543e-01,2.535261972161e+01,3.048278222002e+01,5.678039457765e+02,5.639988133259e+02,2.768019134378e+06,1.294380356708e+06,4.112587750236e+01,7.308538816440e+02,3.369415579237e+02,2.934723534014e+01,8.709888896158e-02,6.382804593862e-02,5.366241931649e-02,8.317029442596e-01,2.326373197174e+01
7.312186978297e-01,2.205909989970e-03,2.649835764419e-02,7.830442687044e+06,5.449258004009e-01,2.509891642652e+01,3.002193896184e+01,5.677459295494e+02,5.640802204539e+02,2.767387976726e+06,1.294824173398e+06,4.118076850030e+01,7.306905696709e+02,3.362530395149e+02,2.894414517955e+01,8.607846406776e-02,6.321989364772e-02,5.340670218737e-02,8.360191677966e-01,2.326370147294e+01
7.332220367279e-01,2.226401243920e-03,2.662114810731e-02,7.834994733472e+06,5.421024572138e-01,2.484757279557e+01,2.957657253981e+01,5.676923319033e+02,5.641601046195e+02,2.766792888585e+06,1.295259929798e+06,4.123297800569e+01,7.305299740644e+02,3.355977013766e+02,2.855221123916e+01,8.507868534869e-02,6.263653805830e-02,5.315391296161e-02,8.401099472270e-01,2.326367086817e+01
7.352253756260e-01,2.246987232582e-03,2.674393857044e-02,7.839360636358e+06,5.393714562770e-01,2.459866353956e+01,2.914580154258e+01,5.676431518815e+02,5.642384863714e+02,2.766233362976e+06,1.295687721440e+06,4.128258397737e+01,7.303720806723e+02,3.349737820848e+02,2.817093407355e+01,8.409892230438e-02,6.207650238929e-02,5.290409512496e-02,8.439865173590e-01,2.326363949364e+01
7.372287145242e-01,2.267667955957e-03,2.686672903357e-02,7.843551588614e+06,5.367287043157e-01,2.435226152729e+01,2.872879767530e+01,5.675983458866e+02,5.643153880667e+02,2.765708674738e+06,1.296107654665e+06,4.132967117839e+01,7.302168697833e+02,3.343795546875e+02,2.779983454164e+01,8.313855961565e-02,6.153837664803e-02,5.265728762805e-02,8.476603094402e-01,2.326360683541e+01
7.392320534224e-01,2.288443414045e-03,2.698951949670e-02,7.847578012263e+06,5.341701257213e-01,2.410843561612e+01,2.832478512009e+01,5.675578318570e+02,5.643908333919e+02,2.765217911861e+06,1.296519843969e+06,4.137432978548e+01,7.300643172333e+02,3.338133424109e+02,2.743845504788e+01,8.219699922630e-02,6.102082417650e-02,5.241352493057e-02,8.511427540900e-01,2.326357246809e+01
7.412353923205e-01,2.309313606846e-03,2.711230995983e-02,7.851449591713e+06,5.316917115590e-01,2.386724946157e+01,2.793303925789e+01,5.675214947573e+02,5.644648469491e+02,2.764760005259e+06,1.296924409708e+06,4.141665414066e+01,7.299143953325e+02,3.332735291614e+02,2.708636036189e+01,8.127366259794e-02,6.052258545961e-02,5.217283776620e-02,8.544451336360e-01,2.326353610818e+01
7.432387312187e-01,2.330278534360e-03,2.723510042296e-02,7.855175303382e+06,5.292895574386e-01,2.362876048159e+01,2.755288476809e+01,5.674891929517e+02,5.645374539083e+02,2.764333756965e+06,1.297321476176e+06,4.145674167727e+01,7.297670736485e+02,3.327585662174e+02,2.674313782738e+01,8.036799211926e-02,6.004247975807e-02,5.193525344888e-02,8.575784597682e-01,2.326349760843e+01
7.452420701169e-01,2.351338196587e-03,2.735789088609e-02,7.858763466009e+06,5.269598920778e-01,2.339301904482e+01,2.718369330985e+01,5.674607633926e+02,5.646086797306e+02,2.763937866980e+06,1.297711170038e+06,4.149469189182e+01,7.296223196843e+02,3.322669772312e+02,2.640839712612e+01,7.947945157290e-02,5.957940493058e-02,5.170079584801e-02,8.605533758114e-01,2.326345690671e+01
7.472454090150e-01,2.372492593526e-03,2.748068134922e-02,7.862221785867e+06,5.246990979481e-01,2.316006809936e+01,2.682488099364e+01,5.674360262977e+02,5.646785499432e+02,2.763570957973e+06,1.298093619065e+06,4.153060538173e+01,7.294800994396e+02,3.317973610879e+02,2.608176980284e+01,7.860752634477e-02,5.913233587684e-02,5.146948551674e-02,8.633800874962e-01,2.326341400232e+01
7.492487479132e-01,2.393741725178e-03,2.760347181234e-02,7.865557399853e+06,5.225037252748e-01,2.292994309423e+01,2.647590573020e+01,5.674147893630e+02,5.647470899609e+02,2.763231597777e+06,1.298468951108e+06,4.156458296886e+01,7.293403778713e+02,3.313483930880e+02,2.576290859111e+01,7.775172334778e-02,5.870032196669e-02,5.124133985779e-02,8.660683161473e-01,2.326336894436e+01
7.512520868114e-01,2.415085591544e-03,2.772626227547e-02,7.868776917721e+06,5.203705005408e-01,2.270267208608e+01,2.613626452833e+01,5.673968515414e+02,5.648143249479e+02,2.762918319685e+06,1.298837293305e+06,4.159672491841e+01,7.292031192689e+02,3.309188248318e+02,2.545148658120e+01,7.691157066733e-02,5.828248375163e-02,5.101637325409e-02,8.686272692666e-01,2.326332182085e+01
7.532554257095e-01,2.436524192622e-03,2.784905273860e-02,7.871886462984e+06,5.182963305299e-01,2.247827597982e+01,2.580549080386e+01,5.673820063996e+02,5.648802797137e+02,2.762629640550e+06,1.299198771468e+06,4.162713025176e+01,7.290682875568e+02,3.305074830991e+02,2.514719627895e+01,7.608661699019e-02,5.787800919442e-02,5.079459716246e-02,8.710656251676e-01,2.326327274778e+01
7.552587646077e-01,2.458057528413e-03,2.797184320173e-02,7.874891711798e+06,5.162783028066e-01,2.225676887110e+01,2.548315174921e+01,5.673700450639e+02,5.649449786374e+02,2.762364076747e+06,1.299553509626e+06,4.165589614922e+01,7.289358465334e+02,3.301132679648e+02,2.484974859943e+01,7.527643088275e-02,5.748614960439e-02,5.057602018637e-02,8.733915290439e-01,2.326322185967e+01
7.572621035058e-01,2.479685598917e-03,2.809463366486e-02,7.877797929474e+06,5.143136834061e-01,2.203815846096e+01,2.516884579802e+01,5.673607587783e+02,5.650084456148e+02,2.762120158070e+06,1.299901629703e+06,4.168311743776e+01,7.288057600574e+02,3.297351503482e+02,2.455887182883e+01,7.448059996908e-02,5.710621542742e-02,5.036064813743e-02,8.756125981228e-01,2.326316930208e+01
7.592654424040e-01,2.501408404133e-03,2.821742412799e-02,7.880610004535e+06,5.123999123841e-01,2.182244651628e+01,2.486220020809e+01,5.673539410977e+02,5.650707040243e+02,2.761896439678e+06,1.300243251292e+06,4.170888615921e+01,7.286779921904e+02,3.293721691607e+02,2.427431057962e+01,7.369873004594e-02,5.673757200673e-02,5.014848408964e-02,8.777359338122e-01,2.326311522615e+01
7.612687813022e-01,2.523225944063e-03,2.834021459112e-02,7.883332480296e+06,5.105345977725e-01,2.160962935392e+01,2.456286877702e+01,5.673493897464e+02,5.651317767082e+02,2.761691512214e+06,1.300578491522e+06,4.173329121383e+01,7.285525073026e+02,3.290234281834e+02,2.399582475780e+01,7.293044416408e-02,5.637963540310e-02,4.993952842930e-02,8.797681390592e-01,2.326305978432e+01
7.632721202003e-01,2.545138218705e-03,2.846300505425e-02,7.885969584025e+06,5.087155083926e-01,2.139969833209e+01,2.427052969888e+01,5.673469081668e+02,5.651916859651e+02,2.761504010224e+06,1.300907464982e+06,4.175641807391e+01,7.284292701494e+02,3.286880927784e+02,2.372318855622e+01,7.217538169907e-02,5.603186834008e-02,4.973377890348e-02,8.817153394503e-01,2.326300312731e+01
7.652754590985e-01,2.567145228061e-03,2.858579551738e-02,7.888525253758e+06,5.069405658950e-01,2.119264033631e+01,2.398488356504e+01,5.673463067854e+02,5.652504535524e+02,2.761332619003e+06,1.301230283709e+06,4.177834856208e+01,7.283082459239e+02,3.283653865170e+02,2.345618948429e+01,7.143319743013e-02,5.569377632139e-02,4.953123067010e-02,8.835832068496e-01,2.326294540191e+01
7.672787979967e-01,2.589246972129e-03,2.870858598050e-02,7.891003162867e+06,5.052078363246e-01,2.098843825093e+01,2.370565150873e+01,5.673474040228e+02,5.653081006944e+02,2.761176079999e+06,1.301547057204e+06,4.179916068886e+01,7.281894002911e+02,3.280545877881e+02,2.319462744123e+01,7.070356064098e-02,5.536490395266e-02,4.933187635222e-02,8.853769846062e-01,2.326288674946e+01
7.692821368948e-01,2.611443450910e-03,2.883137644363e-02,7.893406742516e+06,5.035155214519e-01,2.078707140953e+01,2.343257349015e+01,5.673500270700e+02,5.653646480960e+02,2.761033194912e+06,1.301857892484e+06,4.181892854428e+01,7.280726994068e+02,3.277550264355e+02,2.293831383730e+01,6.998615425297e-02,5.504483148774e-02,4.913570609849e-02,8.871015135518e-01,2.326282730487e+01
7.712854757930e-01,2.633734664404e-03,2.895416690676e-02,7.895739202133e+06,5.018619500559e-01,2.058851601990e+01,2.316540671692e+01,5.673540124575e+02,5.654201159601e+02,2.760902828601e+06,1.302162894153e+06,4.183772223823e+01,7.279581099257e+02,3.274660804626e+02,2.268707076569e+01,6.928067399726e-02,5.473317161052e-02,4.894270765115e-02,8.887612581764e-01,2.326276719603e+01
7.732888146912e-01,2.656120612611e-03,2.907695736989e-02,7.898003548045e+06,5.002455693079e-01,2.039274556055e+01,2.290392419347e+01,5.673592064364e+02,5.654745240065e+02,2.760783910921e+06,1.302462164487e+06,4.185560788449e+01,7.278455990011e+02,3.271871728298e+02,2.244073022586e+01,6.858682763071e-02,5.442956645560e-02,4.875286642219e-02,8.903603325043e-01,2.326270654339e+01
7.752921535893e-01,2.678601295530e-03,2.919974783302e-02,7.900202600401e+06,4.986649363652e-01,2.019973114761e+01,2.264791339216e+01,5.673654651956e+02,5.655278914926e+02,2.760675437629e+06,1.302755803527e+06,4.187264762350e+01,7.277351342783e+02,3.269177683667e+02,2.219913339848e+01,6.790433419814e-02,5.413368486590e-02,4.856616557816e-02,8.919025253160e-01,2.326264545970e+01
7.772954924875e-01,2.701176713163e-03,2.932253829615e-02,7.902339008572e+06,4.971187102569e-01,2.000944187237e+01,2.239717503859e+01,5.673726549337e+02,5.655802372344e+02,2.760576470448e+06,1.303043909174e+06,4.188889967905e+01,7.276266838839e+02,3.266573708126e+02,2.196212997115e+01,6.723292334264e-02,5.384521988084e-02,4.838258613496e-02,8.933913244816e-01,2.326258405012e+01
7.792988313856e-01,2.723846865508e-03,2.944532875928e-02,7.904415265239e+06,4.956056441184e-01,1.982184511082e+01,2.215152200350e+01,5.673806518083e+02,5.656315796274e+02,2.760486136411e+06,1.303326577294e+06,4.190441844479e+01,7.275202164126e+02,3.264055199960e+02,2.172957751361e+01,6.657233466479e-02,5.356388644578e-02,4.820210706359e-02,8.948299402489e-01,2.326252241288e+01
7.813021702838e-01,2.746611752566e-03,2.956811922241e-02,7.906433718802e+06,4.941245778462e-01,1.963690680112e+01,2.191077829219e+01,5.673893417732e+02,5.656819366854e+02,2.760403626603e+06,1.303603901809e+06,4.191925459311e+01,7.274157009604e+02,3.261617891509e+02,2.150134089853e+01,6.592231712522e-02,5.328941933104e-02,4.802470539742e-02,8.962213272048e-01,2.326246063923e+01
7.833055091820e-01,2.769471374337e-03,2.969090968554e-02,7.908396584761e+06,4.926744311207e-01,1.945459169040e+01,2.167477812396e+01,5.673986203262e+02,5.657313260542e+02,2.760328194363e+06,1.303875974794e+06,4.193345520604e+01,7.273131070912e+02,3.259257823813e+02,2.127729176573e+01,6.528262848762e-02,5.302157124467e-02,4.785035633627e-02,8.975682048108e-01,2.326239881234e+01
7.853088480801e-01,2.792425730821e-03,2.981370014866e-02,7.910305956715e+06,4.912541967788e-01,1.927486356426e+01,2.144336509693e+01,5.674083921868e+02,5.657797649855e+02,2.760259153054e+06,1.304142886574e+06,4.194706392689e+01,7.272124046995e+02,3.256971322803e+02,2.105730803160e+01,6.465303481234e-02,5.276011112535e-02,4.767903336852e-02,8.988730769230e-01,2.326233700873e+01
7.873121869783e-01,2.815474822018e-03,2.993649061179e-02,7.912163815195e+06,4.898629347469e-01,1.909768545228e+01,2.121639142876e+01,5.674185709054e+02,5.658272703871e+02,2.760195873505e+06,1.304404725803e+06,4.196012111719e+01,7.271135640815e+02,3.254754976772e+02,2.084127343741e+01,6.403330999153e-02,5.250482260758e-02,4.751070840054e-02,9.001382500135e-01,2.326227529999e+01
7.893155258765e-01,2.838618647928e-03,3.005928107492e-02,7.913972036404e+06,4.884997663398e-01,1.892301980474e+01,2.099371726551e+01,5.674290784344e+02,5.658738588404e+02,2.760137781210e+06,1.304661579549e+06,4.197266402723e+01,7.270165559223e+02,3.252605615392e+02,2.062907713201e+01,6.342323531137e-02,5.225550264148e-02,4.734535187639e-02,9.013658498596e-01,2.326221375216e+01
7.913188647746e-01,2.861857208551e-03,3.018207153805e-02,7.915732400020e+06,4.871638689721e-01,1.875082865085e+01,2.077521005464e+01,5.674398446628e+02,5.659195466157e+02,2.760084353312e+06,1.304913533363e+06,4.198472697211e+01,7.269213512814e+02,3.250520290108e+02,2.042061328932e+01,6.282259905121e-02,5.201196025350e-02,4.718293290079e-02,9.025578370344e-01,2.326215242574e+01
7.933222036728e-01,2.885190503886e-03,3.030486200118e-02,7.917446596229e+06,4.858544712677e-01,1.858107373985e+01,2.056074397621e+01,5.674508069272e+02,5.659643496863e+02,2.760035115483e+06,1.305160671352e+06,4.199634151088e+01,7.268279215796e+02,3.248496255874e+02,2.021578075817e+01,6.223119611610e-02,5.177401543517e-02,4.702341936377e-02,9.037160212369e-01,2.326209137596e+01
7.953255425710e-01,2.908618533935e-03,3.042765246431e-02,7.919116232107e+06,4.845708485510e-01,1.841371666537e+01,2.035019942678e+01,5.674619095103e+02,5.660082837413e+02,2.759989638728e+06,1.305403076236e+06,4.200753662641e+01,7.267362385872e+02,3.246530954207e+02,2.001448274140e+01,6.164882769858e-02,5.154149814794e-02,4.686677806394e-02,9.048420744779e-01,2.326203065325e+01
7.973288814691e-01,2.932141298696e-03,3.055044292744e-02,7.920742837439e+06,4.833123187003e-01,1.824871897445e+01,2.014346255095e+01,5.674731031345e+02,5.660513641972e+02,2.759947536180e+06,1.305640829407e+06,4.201833890378e+01,7.266462744133e+02,3.244621997482e+02,1.981662650188e+01,6.107530096651e-02,5.131424743264e-02,4.671297482855e-02,9.059375431750e-01,2.326197030351e+01
7.993322203673e-01,2.955758798170e-03,3.067323339057e-02,7.922327870011e+06,4.820782383450e-01,1.808604226282e+01,1.994042481614e+01,5.674843444587e+02,5.660936062088e+02,2.759908459921e+06,1.305874010980e+06,4.202877270539e+01,7.265580014961e+02,3.242767154441e+02,1.962212309325e+01,6.051042877494e-02,5.109211061279e-02,4.656197462975e-02,9.070038592250e-01,2.326191036841e+01
8.013355592654e-01,2.979471032357e-03,3.079602385370e-02,7.923872720431e+06,4.808679993848e-01,1.792564825792e+01,1.974098262645e+01,5.674955955849e+02,5.661350246785e+02,2.759872097875e+06,1.306102699834e+06,4.203886034111e+01,7.264713925950e+02,3.240964336832e+02,1.943088711342e+01,5.995402939983e-02,5.087494258206e-02,4.641374169639e-02,9.080423501264e-01,2.326185088565e+01
8.033388981636e-01,3.003278001257e-03,3.091881431682e-02,7.925378716532e+06,4.796810258118e-01,1.776749889105e+01,1.954503697203e+01,5.675068235788e+02,5.661756342651e+02,2.759838170796e+06,1.306326973658e+06,4.204862223213e+01,7.263864207831e+02,3.239211587137e+02,1.924283647887e+01,5.940592629172e-02,5.066260516684e-02,4.626823962079e-02,9.090542482202e-01,2.326179188920e+01
8.053422370618e-01,3.027179704869e-03,3.104160477995e-02,7.926847127381e+06,4.785167708141e-01,1.761155635978e+01,1.935249311039e+01,5.675180000093e+02,5.662154493916e+02,2.759806429371e+06,1.306546908986e+06,4.205807706767e+01,7.263030594413e+02,3.237507067317e+02,1.905789221800e+01,5.886594784734e-02,5.045496655576e-02,4.612543146004e-02,9.100406991142e-01,2.326173340954e+01
8.073455759599e-01,3.051176143195e-03,3.116439524308e-02,7.928279166953e+06,4.773747141423e-01,1.745778318182e+01,1.916326027661e+01,5.675291005105e+02,5.662544842522e+02,2.759776651473e+06,1.306762581227e+06,4.206724195348e+01,7.262212822530e+02,3.235849048515e+02,1.887597828187e+01,5.833392719766e-02,5.025190078889e-02,4.598527983144e-02,9.110027693528e-01,2.326167547389e+01
8.093489148581e-01,3.075267316233e-03,3.128718570621e-02,7.929675997490e+06,4.762543597182e-01,1.730614224108e+01,1.897725141968e+01,5.675401043670e+02,5.662927528187e+02,2.759748639562e+06,1.306974064696e+06,4.207613255193e+01,7.261410631998e+02,3.234235901663e+02,1.869702137075e+01,5.780970201071e-02,5.005328729996e-02,4.584774700183e-02,9.119414533936e-01,2.326161810647e+01
8.113522537563e-01,3.099453223984e-03,3.140997616934e-02,7.931038732585e+06,4.751552334687e-01,1.715659682707e+01,1.879438296239e+01,5.675509941269e+02,5.663302688458e+02,2.759722218247e+06,1.307181432639e+06,4.208476321303e+01,7.260623765579e+02,3.232666088921e+02,1.852095077514e+01,5.729311430776e-02,4.985901050567e-02,4.571279497078e-02,9.128576799461e-01,2.326156132866e+01
8.133555926544e-01,3.123733866449e-03,3.153276663247e-02,7.932368440007e+06,4.740768813663e-01,1.700911066818e+01,1.861457458241e+01,5.675617552401e+02,5.663670458766e+02,2.759697232024e+06,1.307384757257e+06,4.209314709652e+01,7.259851968954e+02,3.231138155900e+02,1.834769822987e+01,5.678401029174e-02,4.966895943688e-02,4.558038554754e-02,9.137523177270e-01,2.326150515928e+01
8.153589315526e-01,3.148109243626e-03,3.165555709560e-02,7.933666144310e+06,4.730188676595e-01,1.686364795972e+01,1.843774901254e+01,5.675723757252e+02,5.664030972471e+02,2.759673543174e+06,1.307584109724e+06,4.210129628477e+01,7.259094990697e+02,3.229650724609e+02,1.817719778017e+01,5.628224018674e-02,4.948302740690e-02,4.545048042196e-02,9.146261806823e-01,2.326144961478e+01
8.173622704508e-01,3.172579355516e-03,3.177834755873e-02,7.934932829225e+06,4.719807732778e-01,1.672017338724e+01,1.826383185831e+01,5.675828458635e+02,5.664384360898e+02,2.759651029838e+06,1.307779560204e+06,4.210922188682e+01,7.258352582262e+02,3.228202487062e+02,1.800938565853e+01,5.578765808744e-02,4.930111171279e-02,4.532304122932e-02,9.154800327201e-01,2.326139470945e+01
8.193656093489e-01,3.197144202118e-03,3.190113802186e-02,7.936169439876e+06,4.709621943961e-01,1.657865214566e+01,1.809275143098e+01,5.675931579195e+02,5.664730753383e+02,2.759629584252e+06,1.307971177872e+06,4.211693413371e+01,7.257624497966e+02,3.226792199510e+02,1.784420017138e+01,5.530012181786e-02,4.912311336593e-02,4.519802960953e-02,9.163145920014e-01,2.326134045565e+01
8.213689482471e-01,3.221803783434e-03,3.202392848498e-02,7.937376884821e+06,4.699627411441e-01,1.643904995478e+01,1.792443859470e+01,5.676033058876e+02,5.665070277299e+02,2.759609111143e+06,1.308159030923e+06,4.212444246539e+01,7.256910494978e+02,3.225418677220e+02,1.768158159475e+01,5.481949279833e-02,4.894893684865e-02,4.507540726078e-02,9.171305348240e-01,2.326128686401e+01
8.233722871452e-01,3.246558099462e-03,3.214671894811e-02,7.938556037951e+06,4.689820364488e-01,1.630133307155e+01,1.775882662629e+01,5.676132852634e+02,5.665403058089e+02,2.759589526279e+06,1.308343186586e+06,4.213175560972e+01,7.256210333319e+02,3.224080789784e+02,1.752147207788e+01,5.434563592015e-02,4.877848989401e-02,4.495513598792e-02,9.179284991395e-01,2.326123394367e+01
8.253756260434e-01,3.271407150204e-03,3.226950941124e-02,7.939707740246e+06,4.680197149966e-01,1.616546829947e+01,1.759585108633e+01,5.676230928388e+02,5.665729219296e+02,2.759570755161e+06,1.308523711137e+06,4.213888165395e+01,7.255523775851e+02,3.222777456884e+02,1.736381555427e+01,5.387841942726e-02,4.861168328617e-02,4.483717774605e-02,9.187090877364e-01,2.326118170247e+01
8.273789649416e-01,3.296350935658e-03,3.239229987437e-02,7.940832801403e+06,4.670754223044e-01,1.603142299552e+01,1.743544970068e+01,5.676327265189e+02,5.666048882586e+02,2.759552731853e+06,1.308700669908e+06,4.214582810907e+01,7.254850588277e+02,3.221507644484e+02,1.720855765927e+01,5.341771480424e-02,4.844843067919e-02,4.472149467945e-02,9.194728711183e-01,2.326113014719e+01
8.293823038397e-01,3.321389455825e-03,3.251509033750e-02,7.941932001360e+06,4.661488138903e-01,1.589916507483e+01,1.727756225109e+01,5.676421851593e+02,5.666362167775e+02,2.759535397937e+06,1.308874127297e+06,4.215260196770e+01,7.254190539141e+02,3.220270361414e+02,1.705564565371e+01,5.296339667027e-02,4.828864843218e-02,4.460804915629e-02,9.202203901091e-01,2.326107928373e+01
8.313856427379e-01,3.346522710705e-03,3.263788080063e-02,7.943006091714e+06,4.652395545314e-01,1.576866301343e+01,1.712213047431e+01,5.676514684230e+02,5.666669192849e+02,2.759518701580e+06,1.309044146777e+06,4.215920975588e+01,7.253543399827e+02,3.219064656292e+02,1.690502835294e+01,5.251534267849e-02,4.813225545914e-02,4.449680379944e-02,9.209521582075e-01,2.326102911735e+01
8.333889816361e-01,3.371750700298e-03,3.276067126376e-02,7.944055797040e+06,4.643473176037e-01,1.563988584929e+01,1.696909796870e+01,5.676605766534e+02,5.666970073983e+02,2.759502596716e+06,1.309210790903e+06,4.216565757934e+01,7.252908944557e+02,3.217889614760e+02,1.675665606081e+01,5.207343342031e-02,4.797917309192e-02,4.438772151372e-02,9.216686637170e-01,2.326097965286e+01
8.353923205342e-01,3.397073424604e-03,3.288346172689e-02,7.945081816138e+06,4.634717844925e-01,1.551280318191e+01,1.681841010762e+01,5.676695107644e+02,5.667264925567e+02,2.759487042317e+06,1.309374121321e+06,4.217195116471e+01,7.252286950396e+02,3.216744357004e+02,1.661048050813e+01,5.163755233443e-02,4.782932495486e-02,4.428076550979e-02,9.223703716725e-01,2.326093089483e+01
8.373956594324e-01,3.422490883622e-03,3.300625219001e-02,7.946084823186e+06,4.626126440684e-01,1.538738517046e+01,1.667001395904e+01,5.676782721439e+02,5.667553860219e+02,2.759472001757e+06,1.309534198774e+06,4.217809589611e+01,7.251677197249e+02,3.215628035518e+02,1.646645479509e+01,5.120758562002e-02,4.768263685011e-02,4.417589932523e-02,9.230577255826e-01,2.326088284772e+01
8.393989983306e-01,3.448003077354e-03,3.312904265314e-02,7.947065468834e+06,4.617695922204e-01,1.526360253098e+01,1.652385821070e+01,5.676868625701e+02,5.667836988807e+02,2.759457442252e+06,1.309691083112e+06,4.218409684768e+01,7.251079467864e+02,3.214539833100e+02,1.632453333750e+01,5.078342215395e-02,4.753903665227e-02,4.407308684282e-02,9.237311490060e-01,2.326083551616e+01
8.414023372287e-01,3.473610005798e-03,3.325183311627e-02,7.948024381231e+06,4.609423314410e-01,1.514142653240e+01,1.637989310032e+01,5.676952841397e+02,5.668114420463e+02,2.759443334372e+06,1.309844833294e+06,4.218995881238e+01,7.250493547829e+02,3.213478961039e+02,1.618467181621e+01,5.036495341168e-02,4.739845421169e-02,4.397229230644e-02,9.243910469787e-01,2.326078890502e+01
8.434056761269e-01,3.499311668955e-03,3.337462357940e-02,7.948962166989e+06,4.601305704577e-01,1.502082899182e+01,1.623807035041e+01,5.677035392056e+02,5.668386262605e+02,2.759429651616e+06,1.309995507398e+06,4.219568632742e+01,7.249919225570e+02,3.212444657483e+02,1.604682712967e+01,4.995207339148e-02,4.726082126537e-02,4.387348033491e-02,9.250378073060e-01,2.326074301960e+01
8.454090150250e-01,3.525108066825e-03,3.349741404253e-02,7.949879412091e+06,4.593340239046e-01,1.490178226899e+01,1.609834310721e+01,5.677116303244e+02,5.668652620951e+02,2.759416370042e+06,1.310143162629e+06,4.220128369683e+01,7.249356292353e+02,3.211436185969e+02,1.591095734920e+01,4.954467854202e-02,4.712607135484e-02,4.377661593378e-02,9.256718017342e-01,2.326069786577e+01
8.474123539232e-01,3.550999199408e-03,3.362020450566e-02,7.950776682755e+06,4.585524120317e-01,1.478425926014e+01,1.596066588345e+01,5.677195602106e+02,5.668913599535e+02,2.759403467945e+06,1.310287855322e+06,4.220675501137e+01,7.248804542279e+02,3.210452834080e+02,1.577702167683e+01,4.914266769271e-02,4.699413975025e-02,4.368166450555e-02,9.262933870119e-01,2.326065345008e+01
8.494156928214e-01,3.576985066704e-03,3.374299496879e-02,7.951654526244e+06,4.577854604456e-01,1.466823339137e+01,1.582499450452e+01,5.677273316987e+02,5.669169300726e+02,2.759390925581e+06,1.310429640951e+06,4.221210416616e+01,7.248263772278e+02,3.209493912241e+02,1.564498040538e+01,4.874594198701e-02,4.686496338020e-02,4.358859185822e-02,9.269029058549e-01,2.326060977982e+01
8.514190317195e-01,3.603065668713e-03,3.386578543192e-02,7.952513471641e+06,4.570328998795e-01,1.455367861143e+01,1.569128605781e+01,5.677349477104e+02,5.669419825243e+02,2.759378724926e+06,1.310568574134e+06,4.221733487629e+01,7.247733782107e+02,3.208558752611e+02,1.551479488069e+01,4.835440481823e-02,4.673848076664e-02,4.349736421271e-02,9.275006878218e-01,2.326056686314e+01
8.534223706177e-01,3.629241005434e-03,3.398857589505e-02,7.953354030571e+06,4.562944659879e-01,1.444056938422e+01,1.555949884495e+01,5.677424112282e+02,5.669665272171e+02,2.759366849468e+06,1.310704708641e+06,4.222245069060e+01,7.247214374340e+02,3.207646708079e+02,1.538642746578e+01,4.796796176781e-02,4.661463196442e-02,4.340794820889e-02,9.280870501114e-01,2.326052470907e+01
8.554257095159e-01,3.655511076869e-03,3.411136635817e-02,7.954176697903e+06,4.555698991649e-01,1.432888068097e+01,1.542959233660e+01,5.677497252719e+02,5.669905738979e+02,2.759355284032e+06,1.310838097402e+06,4.222745500398e+01,7.246705354365e+02,3.206757151343e+02,1.525984150680e+01,4.758652054587e-02,4.649335850512e-02,4.332031091078e-02,9.286622982890e-01,2.326048332753e+01
8.574290484140e-01,3.681875883016e-03,3.423415682130e-02,7.954981952399e+06,4.548589443810e-01,1.421858797210e+01,1.530152712976e+01,5.677568928798e+02,5.670141321536e+02,2.759344014620e+06,1.310968792511e+06,4.223235106829e+01,7.246206530371e+02,3.205889474064e+02,1.513500130057e+01,4.720999093391e-02,4.637460334467e-02,4.323441981067e-02,9.292267269488e-01,2.326044272936e+01
8.594323873122e-01,3.708335423876e-03,3.435694728443e-02,7.955770257348e+06,4.541613510384e-01,1.410966721899e+01,1.517526490726e+01,5.677639170934e+02,5.670372114128e+02,2.759333028280e+06,1.311096845236e+06,4.223714200202e+01,7.245717713339e+02,3.205043086088e+02,1.501187206368e+01,4.683828472959e-02,4.625831081449e-02,4.315024283261e-02,9.297806203201e-01,2.326040292626e+01
8.614357262104e-01,3.734889699449e-03,3.447973774756e-02,7.956542061157e+06,4.534768728412e-01,1.400209486544e+01,1.505076839927e+01,5.677708009444e+02,5.670598209473e+02,2.759322312995e+06,1.311222306023e+06,4.224183079904e+01,7.245238717033e+02,3.204217414728e+02,1.489041990300e+01,4.647131569337e-02,4.614442657581e-02,4.306774833509e-02,9.303242528216e-01,2.326036393073e+01
8.634390651085e-01,3.761538709735e-03,3.460252821069e-02,7.957297797919e+06,4.528052676795e-01,1.389584782915e+01,1.492800134677e+01,5.677775474437e+02,5.670819698739e+02,2.759311857578e+06,1.311345224509e+06,4.224642033636e+01,7.244769357983e+02,3.203411904094e+02,1.477061178744e+01,4.610899949696e-02,4.603289757686e-02,4.298690511319e-02,9.308578895699e-01,2.326032575596e+01
8.654424040067e-01,3.788282454734e-03,3.472531867382e-02,7.958037887957e+06,4.521462975252e-01,1.379090349308e+01,1.480692846675e+01,5.677841595737e+02,5.671036671562e+02,2.759301651588e+06,1.311465649521e+06,4.225091338118e+01,7.244309455475e+02,3.202626014472e+02,1.465241552096e+01,4.575125367354e-02,4.592367201281e-02,4.290768240017e-02,9.313817868473e-01,2.326028841575e+01
8.674457429048e-01,3.815120934445e-03,3.484810913695e-02,7.958762738338e+06,4.514997283384e-01,1.368723969673e+01,1.468751541900e+01,5.677906402807e+02,5.671249216062e+02,2.759291685259e+06,1.311583629092e+06,4.225531259716e+01,7.243858831536e+02,3.201859221750e+02,1.453579971669e+01,4.539799756951e-02,4.581669928801e-02,4.283004986862e-02,9.318961925327e-01,2.326025192432e+01
8.694490818030e-01,3.842054148870e-03,3.497089960008e-02,7.959472743365e+06,4.508653299829e-01,1.358483472745e+01,1.456972877449e+01,5.677969924698e+02,5.671457418860e+02,2.759281949429e+06,1.311699210465e+06,4.225962055022e+01,7.243417310915e+02,3.201111016867e+02,1.442073377215e+01,4.504915229794e-02,4.571192998056e-02,4.275397763119e-02,9.324013464984e-01,2.326021629617e+01
8.714524207012e-01,3.869082098007e-03,3.509369006321e-02,7.960168285050e+06,4.502428761500e-01,1.348366731174e+01,1.445353598511e+01,5.678032190006e+02,5.671661365097e+02,2.759272435489e+06,1.311812440098e+06,4.226383971374e+01,7.242984721069e+02,3.200380905313e+02,1.430718784537e+01,4.470464069327e-02,4.560931580881e-02,4.267943624102e-02,9.328974809785e-01,2.326018154580e+01
8.734557595993e-01,3.896204781857e-03,3.521648052633e-02,7.960849733564e+06,4.496321442894e-01,1.338371660660e+01,1.433890535477e+01,5.678093226837e+02,5.671861138447e+02,2.759263135331e+06,1.311923363680e+06,4.226797247335e+01,7.242560892144e+02,3.199668406641e+02,1.419513283203e+01,4.436438726767e-02,4.550880959979e-02,4.260639669174e-02,9.333848209095e-01,2.326014768758e+01
8.754590984975e-01,3.923422200420e-03,3.533927098946e-02,7.961517447669e+06,4.490329155455e-01,1.328496219088e+01,1.422580601169e+01,5.678153062785e+02,5.672056821140e+02,2.759254041305e+06,1.312032026129e+06,4.227202113129e+01,7.242145656954e+02,3.198973054016e+02,1.408454034346e+01,4.402831816848e-02,4.541036525930e-02,4.253483041732e-02,9.338635842470e-01,2.326011473539e+01
8.774624373957e-01,3.950734353696e-03,3.546206145259e-02,7.962171775127e+06,4.484449746997e-01,1.318738405673e+01,1.411420788187e+01,5.678211724913e+02,5.672248493977e+02,2.759245146181e+06,1.312138471610e+06,4.227598791047e+01,7.241738850966e+02,3.198294393785e+02,1.397538268537e+01,4.369636113714e-02,4.531393774354e-02,4.246470929152e-02,9.343339822614e-01,2.326008270243e+01
8.794657762938e-01,3.978141241685e-03,3.558485191572e-02,7.962813053098e+06,4.478681101174e-01,1.309096260119e+01,1.400408166372e+01,5.678269239737e+02,5.672436236349e+02,2.759236443117e+06,1.312242743537e+06,4.227987495816e+01,7.241340312273e+02,3.197631985071e+02,1.386763283752e+01,4.336844546924e-02,4.521948303215e-02,4.239600562723e-02,9.347962198126e-01,2.326005160089e+01
8.814691151920e-01,4.005642864387e-03,3.570764237885e-02,7.963441608515e+06,4.473021136981e-01,1.299567861773e+01,1.389539880359e+01,5.678325633224e+02,5.672620126250e+02,2.759227925626e+06,1.312344884582e+06,4.228368434952e+01,7.240949881577e+02,3.196985399379e+02,1.376126443400e+01,4.304450197574e-02,4.512695810257e-02,4.232869217546e-02,9.352504956086e-01,2.326002144164e+01
8.834724540902e-01,4.033239221801e-03,3.583043284198e-02,7.964057758450e+06,4.467467808291e-01,1.290151328803e+01,1.378813147236e+01,5.678380930782e+02,5.672800240302e+02,2.759219587553e+06,1.312444936687e+06,4.228741809075e+01,7.240567402166e+02,3.196354220228e+02,1.365625174425e+01,4.272446294540e-02,4.503632090553e-02,4.226274212414e-02,9.356970024467e-01,2.325999223395e+01
8.854757929883e-01,4.060930313929e-03,3.595322330511e-02,7.964661810458e+06,4.462019103424e-01,1.280844817378e+01,1.368225254295e+01,5.678435157264e+02,5.672976653769e+02,2.759211423048e+06,1.312542941069e+06,4.229107812214e+01,7.240192719888e+02,3.195738042795e+02,1.355256965479e+01,4.240826210818e-02,4.494753034159e-02,4.219812909674e-02,9.361359274414e-01,2.325996398517e+01
8.874791318865e-01,4.088716140769e-03,3.607601376824e-02,7.965254062915e+06,4.456673044732e-01,1.271646520866e+01,1.357773556862e+01,5.678488336964e+02,5.673149440573e+02,2.759203426545e+06,1.312638938232e+06,4.229466632087e+01,7.239825683131e+02,3.195136473572e+02,1.345019365153e+01,4.209583459981e-02,4.486054623870e-02,4.213482715061e-02,9.365674522380e-01,2.325993670038e+01
8.894824707846e-01,4.116596702322e-03,3.619880423137e-02,7.965834805332e+06,4.451427688202e-01,1.262554669041e+01,1.347455476219e+01,5.678540493624e+02,5.673318673316e+02,2.759195592746e+06,1.312732967970e+06,4.229818450366e+01,7.239466142797e+02,3.194549130040e+02,1.334909980269e+01,4.178711692727e-02,4.477532933059e-02,4.207281077510e-02,9.369917532147e-01,2.325991038216e+01
8.914858096828e-01,4.144571998588e-03,3.632159469449e-02,7.966404318666e+06,4.446281123077e-01,1.253567527301e+01,1.337268497595e+01,5.678591650439e+02,5.673484423295e+02,2.759187916598e+06,1.312825069382e+06,4.230163442926e+01,7.239113952277e+02,3.193975640353e+02,1.324926474233e+01,4.148204693528e-02,4.469184123591e-02,4.201205488950e-02,9.374090016745e-01,2.325988503022e+01
8.934891485810e-01,4.172642029567e-03,3.644438515762e-02,7.966962875611e+06,4.441231471485e-01,1.244683395906e+01,1.327210168240e+01,5.678641830061e+02,5.673646760522e+02,2.759180393282e+06,1.312915280880e+06,4.230501780080e+01,7.238768967426e+02,3.193415643033e+02,1.315066565440e+01,4.118056377376e-02,4.461004443820e-02,4.195253484070e-02,9.378193640254e-01,2.325986064119e+01
8.954924874791e-01,4.200806795259e-03,3.656717562075e-02,7.967510740887e+06,4.436276888075e-01,1.235900609222e+01,1.317278095559e+01,5.678691054607e+02,5.673805753739e+02,2.759173018195e+06,1.313003640192e+06,4.230833626798e+01,7.238431046537e+02,3.192868786677e+02,1.305328025737e+01,4.088260786612e-02,4.452990226635e-02,4.189422640070e-02,9.382230019531e-01,2.325983720829e+01
8.974958263773e-01,4.229066295663e-03,3.668996608388e-02,7.968048171505e+06,4.431415559658e-01,1.227217534983e+01,1.307469945325e+01,5.678739345670e+02,5.673961470440e+02,2.759165786940e+06,1.313090184377e+06,4.231159142920e+01,7.238100050316e+02,3.192334729670e+02,1.295708678925e+01,4.058812087850e-02,4.445137887581e-02,4.183710576378e-02,9.386200725843e-01,2.325981472115e+01
8.994991652755e-01,4.257420530781e-03,3.681275654701e-02,7.968575417033e+06,4.426645704855e-01,1.218632573565e+01,1.297783439947e+01,5.678786724324e+02,5.674113976883e+02,2.759158695310e+06,1.313174949832e+06,4.231478483357e+01,7.237775841854e+02,3.191813139913e+02,1.286206399325e+01,4.029704568984e-02,4.437443923026e-02,4.178114954360e-02,9.390107286424e-01,2.325979316555e+01
9.015025041736e-01,4.285869500611e-03,3.693554701014e-02,7.969092719845e+06,4.421965573744e-01,1.210144157275e+01,1.288216356801e+01,5.678833211135e+02,5.674263338113e+02,2.759151739279e+06,1.313257972301e+06,4.231791798273e+01,7.237458286600e+02,3.191303694555e+02,1.276819110379e+01,4.000932636268e-02,4.429904908377e-02,4.172633477001e-02,9.393951185962e-01,2.325977252323e+01
9.035058430718e-01,4.314413205154e-03,3.705833747327e-02,7.969600315362e+06,4.417373447503e-01,1.201750749656e+01,1.278766526626e+01,5.678878826170e+02,5.674409617978e+02,2.759144914991e+06,1.313339286881e+06,4.232099233271e+01,7.237147252334e+02,3.190806079733e+02,1.267544783299e+01,3.972490811491e-02,4.422517496351e-02,4.167263888565e-02,9.397733868019e-01,2.325975277172e+01
9.055091819699e-01,4.343051644411e-03,3.718112793640e-02,7.970098432287e+06,4.412867638068e-01,1.193450844800e+01,1.269431831964e+01,5.678923589010e+02,5.674552879143e+02,2.759138218753e+06,1.313418928037e+06,4.232400929562e+01,7.236842609143e+02,3.190319990322e+02,1.258381435761e+01,3.944373729213e-02,4.415278415286e-02,4.162003974247e-02,9.401456736382e-01,2.325973388418e+01
9.075125208681e-01,4.371784818380e-03,3.730391839952e-02,7.970587292824e+06,4.408446487773e-01,1.185242966679e+01,1.260210205667e+01,5.678967518754e+02,5.674693183115e+02,2.759131647019e+06,1.313496929603e+06,4.232697024128e+01,7.236544229386e+02,3.189845129689e+02,1.249327130637e+01,3.916576134087e-02,4.408184467496e-02,4.156851559796e-02,9.405121156366e-01,2.325971582927e+01
9.095158597663e-01,4.400612727061e-03,3.742670886265e-02,7.971067112896e+06,4.404108369006e-01,1.177125668491e+01,1.251099629444e+01,5.679010634036e+02,5.674830590252e+02,2.759125196390e+06,1.313573324798e+06,4.232987649875e+01,7.236251987676e+02,3.189381209462e+02,1.240379974772e+01,3.889092878241e-02,4.401232527666e-02,4.151804511138e-02,9.408728456054e-01,2.325969857100e+01
9.115191986644e-01,4.429535370456e-03,3.754949932578e-02,7.971538102351e+06,4.399851683857e-01,1.169097532015e+01,1.242098132462e+01,5.679052953031e+02,5.674965159786e+02,2.759118863601e+06,1.313648146230e+06,4.233272935786e+01,7.235965760841e+02,3.188927949295e+02,1.231538117788e+01,3.861918918740e-02,4.394419541296e-02,4.146860733976e-02,9.412279927489e-01,2.325968206866e+01
9.135225375626e-01,4.458552748564e-03,3.767228978891e-02,7.972000465160e+06,4.395674863766e-01,1.161157166985e+01,1.233203790000e+01,5.679094493466e+02,5.675096949837e+02,2.759112645515e+06,1.313721425907e+06,4.233553007057e+01,7.235685427906e+02,3.188485076648e+02,1.222799750943e+01,3.835049315109e-02,4.387742523177e-02,4.142018173385e-02,9.415776827817e-01,2.325966627669e+01
9.155258764608e-01,4.487664861384e-03,3.779508025204e-02,7.972454399610e+06,4.391576369180e-01,1.153303210474e+01,1.224414722132e+01,5.679135272632e+02,5.675226017433e+02,2.759106539119e+06,1.313793195246e+06,4.233827985239e+01,7.235410870060e+02,3.188052326568e+02,1.214163106007e+01,3.808479226921e-02,4.381198555908e-02,4.137274813402e-02,9.419220380379e-01,2.325965114463e+01
9.175292153589e-01,4.516871708917e-03,3.791787071517e-02,7.972900098488e+06,4.387554689207e-01,1.145534326290e+01,1.215729092475e+01,5.679175307393e+02,5.675352418524e+02,2.759100541512e+06,1.313863485079e+06,4.234097988361e+01,7.235141970625e+02,3.187629441484e+02,1.205626454183e+01,3.782203911450e-02,4.374784788457e-02,4.132628676601e-02,9.422611775769e-01,2.325963661698e+01
9.195325542571e-01,4.546173291164e-03,3.804066117830e-02,7.973337749256e+06,4.383608341268e-01,1.137849204387e+01,1.207145106958e+01,5.679214614195e+02,5.675476207999e+02,2.759094649905e+06,1.313932325663e+06,4.234363131056e+01,7.234878615034e+02,3.187216171001e+02,1.197188105060e+01,3.756218721380e-02,4.368498434756e-02,4.128077823673e-02,9.425952172843e-01,2.325962263319e+01
9.215358931553e-01,4.575569608123e-03,3.816345164143e-02,7.973767534227e+06,4.379735870759e-01,1.130246560290e+01,1.198661012647e+01,5.679253209079e+02,5.675597439706e+02,2.759088861612e+06,1.313999746693e+06,4.234623524682e+01,7.234620690801e+02,3.186812271702e+02,1.188846405593e+01,3.730519102584e-02,4.362336772328e-02,4.123620352992e-02,9.429242699687e-01,2.325960912752e+01
9.235392320534e-01,4.605060659795e-03,3.828624210456e-02,7.974189630726e+06,4.375935850705e-01,1.122725134533e+01,1.190275096600e+01,5.679291107687e+02,5.675716166463e+02,2.759083174045e+06,1.314065777301e+06,4.234879277432e+01,7.234368087487e+02,3.186417506957e+02,1.180599739121e+01,3.705100591946e-02,4.356297140953e-02,4.119254400180e-02,9.432484454558e-01,2.325959602904e+01
9.255425709516e-01,4.634646446179e-03,3.840903256768e-02,7.974604211250e+06,4.372206881421e-01,1.115283692102e+01,1.181985684760e+01,5.679328325277e+02,5.675832440080e+02,2.759077584711e+06,1.314130446075e+06,4.235130494443e+01,7.234120696681e+02,3.186031646737e+02,1.172446524409e+01,3.679958815253e-02,4.350376941363e-02,4.114978137665e-02,9.435678506781e-01,2.325958326153e+01
9.275459098497e-01,4.664326967277e-03,3.853182303081e-02,7.975011443622e+06,4.368547590160e-01,1.107921021900e+01,1.173791140887e+01,5.679364876727e+02,5.675946311370e+02,2.759072091207e+06,1.314193781058e+06,4.235377277904e+01,7.233878411964e+02,3.185654467432e+02,1.164385214717e+01,3.655089485130e-02,4.344573633957e-02,4.110789774229e-02,9.438825897618e-01,2.325957074346e+01
9.295492487479e-01,4.694102223088e-03,3.865461349394e-02,7.975411491136e+06,4.364956630771e-01,1.100635936221e+01,1.165689865520e+01,5.679400776548e+02,5.676057830169e+02,2.759066691213e+06,1.314255809764e+06,4.235619727153e+01,7.233641128885e+02,3.185285751674e+02,1.156414296907e+01,3.630488399035e-02,4.338884737542e-02,4.106687554544e-02,9.441927641104e-01,2.325955838801e+01
9.315525876461e-01,4.723972213611e-03,3.877740395707e-02,7.975804512703e+06,4.361432683330e-01,1.093427270232e+01,1.157680294976e+01,5.679436038892e+02,5.676167045351e+02,2.759061382491e+06,1.314316559181e+06,4.235857938772e+01,7.233408744931e+02,3.184925288165e+02,1.148532290563e+01,3.606151437307e-02,4.333307828082e-02,4.102669758692e-02,9.444984724857e-01,2.325954610307e+01
9.335559265442e-01,4.753936938847e-03,3.890019442020e-02,7.976190662985e+06,4.357974453777e-01,1.086293881469e+01,1.149760900376e+01,5.679470677563e+02,5.676274004840e+02,2.759056162882e+06,1.314376055783e+06,4.236092006681e+01,7.233181159503e+02,3.184572871506e+02,1.140737747149e+01,3.582074561257e-02,4.327840537463e-02,4.098734701663e-02,9.447998110857e-01,2.325953379131e+01
9.355592654424e-01,4.783996398796e-03,3.902298488333e-02,7.976570092529e+06,4.354580673525e-01,1.079234649351e+01,1.141930186707e+01,5.679504706022e+02,5.676378755632e+02,2.759051030298e+06,1.314434325534e+06,4.236322022227e+01,7.232958273880e+02,3.184228302031e+02,1.133029249182e+01,3.558253811320e-02,4.322480552245e-02,4.094880732827e-02,9.450968736215e-01,2.325952135035e+01
9.375626043406e-01,4.814150593458e-03,3.914577534646e-02,7.976942947893e+06,4.351250099054e-01,1.072248474690e+01,1.134186691905e+01,5.679538137400e+02,5.676481343806e+02,2.759045982723e+06,1.314491393900e+06,4.236548074267e+01,7.232739991200e+02,3.183891385640e+02,1.125405409433e+01,3.534685305248e-02,4.317225612414e-02,4.091106235374e-02,9.453897513897e-01,2.325950867297e+01
9.395659432387e-01,4.844399522833e-03,3.926856580959e-02,7.977309371771e+06,4.347981511478e-01,1.065334279229e+01,1.126528985976e+01,5.679570984502e+02,5.676581814539e+02,2.759041018207e+06,1.314547285856e+06,4.236770249251e+01,7.232526216429e+02,3.183561933638e+02,1.117864870156e+01,3.511365236354e-02,4.312073510115e-02,4.087409625715e-02,9.456785333453e-01,2.325949564740e+01
9.415692821369e-01,4.874743186921e-03,3.939135627272e-02,7.977669503112e+06,4.344773716086e-01,1.058491005182e+01,1.118955670138e+01,5.679603259823e+02,5.676680212124e+02,2.759036134865e+06,1.314602025892e+06,4.236988631299e+01,7.232316856331e+02,3.183239762572e+02,1.110406302329e+01,3.488289871799e-02,4.307022088359e-02,4.083789352834e-02,9.459633061711e-01,2.325948215774e+01
9.435726210351e-01,4.905181585722e-03,3.951414673584e-02,7.978023477233e+06,4.341625541848e-01,1.051717614784e+01,1.111465375985e+01,5.679634975545e+02,5.676776579982e+02,2.759031330873e+06,1.314655638023e+06,4.237203302278e+01,7.232111819443e+02,3.182924694066e+02,1.103028404926e+01,3.465455550935e-02,4.302069239699e-02,4.080243897596e-02,9.462441543461e-01,2.325946808450e+01
9.455759599332e-01,4.935714719235e-03,3.963693719897e-02,7.978371425929e+06,4.338535840885e-01,1.045013089854e+01,1.104056764689e+01,5.679666143556e+02,5.676870960677e+02,2.759026604466e+06,1.314708145795e+06,4.237414341875e+01,7.231911016051e+02,3.182616554661e+02,1.095729904204e+01,3.442858683681e-02,4.297212904866e-02,4.076771771993e-02,9.465211602129e-01,2.325945330525e+01
9.475792988314e-01,4.966342587461e-03,3.975972766210e-02,7.978713477584e+06,4.335503487902e-01,1.038376431370e+01,1.096728526211e+01,5.679696775451e+02,5.676963395935e+02,2.759021953933e+06,1.314759572296e+06,4.237621827664e+01,7.231714358158e+02,3.182315175648e+02,1.088509553013e+01,3.420495748952e-02,4.292451071366e-02,4.073371518338e-02,9.467944040426e-01,2.325943769545e+01
9.495826377295e-01,4.997065190401e-03,3.988251812523e-02,7.979049757269e+06,4.332527379580e-01,1.031806659051e+01,1.089479378546e+01,5.679726882541e+02,5.677053926650e+02,2.759017377619e+06,1.314809940158e+06,4.237825835176e+01,7.231521759457e+02,3.182020392909e+02,1.081366130124e+01,3.398363293127e-02,4.287781772030e-02,4.070041708395e-02,9.470639641001e-01,2.325942112934e+01
9.515859766277e-01,5.027882528053e-03,4.000530858836e-02,7.979380386848e+06,4.329606433925e-01,1.025302810950e+01,1.082308066987e+01,5.679756475863e+02,5.677142592906e+02,2.759012873921e+06,1.314859271570e+06,4.238026437963e+01,7.231333135312e+02,3.181732046746e+02,1.074298439578e+01,3.376457928556e-02,4.283203083514e-02,4.066780942447e-02,9.473299167066e-01,2.325940348108e+01
9.535893155259e-01,5.058794600418e-03,4.012809905149e-02,7.979705485067e+06,4.326739589585e-01,1.018863943055e+01,1.075213363407e+01,5.679785566184e+02,5.677229433988e+02,2.759008441281e+06,1.314907588284e+06,4.238223707659e+01,7.231148402721e+02,3.181449981721e+02,1.067305310048e+01,3.354776332115e-02,4.278713124760e-02,4.063587848310e-02,9.475923363022e-01,2.325938462596e+01
9.555926544240e-01,5.089801407495e-03,4.025088951462e-02,7.980025167651e+06,4.323925805128e-01,1.012489128904e+01,1.068194065570e+01,5.679814164008e+02,5.677314488394e+02,2.759004078193e+06,1.314954911619e+06,4.238417714040e+01,7.230967480299e+02,3.181174046482e+02,1.060385594229e+01,3.333315243792e-02,4.274310055420e-02,4.060461080294e-02,9.478512955069e-01,2.325936444173e+01
9.575959933222e-01,5.120902949286e-03,4.037367997775e-02,7.980339547397e+06,4.321164058286e-01,1.006177459205e+01,1.061248996455e+01,5.679842279587e+02,5.677397793853e+02,2.758999783193e+06,1.315001262473e+06,4.238608525085e+01,7.230790288248e+02,3.180904093604e+02,1.053538168233e+01,3.312071465316e-02,4.269992074237e-02,4.057399318113e-02,9.481068651802e-01,2.325934281009e+01
9.595993322204e-01,5.152099225790e-03,4.049647044088e-02,7.980648734253e+06,4.318453345181e-01,9.999280414646e+00,1.054377003603e+01,5.679869922923e+02,5.677479387332e+02,2.758995554862e+06,1.315046661328e+06,4.238796207027e+01,7.230616748330e+02,3.180639979418e+02,1.046761931009e+01,3.291041858815e-02,4.265757417417e-02,4.054401265769e-02,9.483591144800e-01,2.325931961826e+01
9.616026711185e-01,5.183390237006e-03,4.061926090400e-02,7.980952835408e+06,4.315792679533e-01,9.937399996294e+00,1.047576958483e+01,5.679897103777e+02,5.677559305057e+02,2.758991391821e+06,1.315091128256e+06,4.238980824411e+01,7.230446783845e+02,3.180381563850e+02,1.040055803776e+01,3.270223345517e-02,4.261604356983e-02,4.051465650398e-02,9.486081109194e-01,2.325929476056e+01
9.636060100167e-01,5.214775982935e-03,4.074205136713e-02,7.981251955374e+06,4.313181091856e-01,9.876124737303e+00,1.040847755880e+01,5.679923831676e+02,5.677637582522e+02,2.758987292734e+06,1.315134682929e+06,4.239162440142e+01,7.230280319604e+02,3.180128710259e+02,1.033418729474e+01,3.249612904473e-02,4.257531199142e-02,4.048591221123e-02,9.488539204228e-01,2.325926814009e+01
9.656093489149e-01,5.246256463577e-03,4.086484183026e-02,7.981546196058e+06,4.310617628667e-01,9.815446195390e+00,1.034188313294e+01,5.679950115915e+02,5.677714254499e+02,2.758983256299e+06,1.315177344622e+06,4.239341115538e+01,7.230117281904e+02,3.179881285277e+02,1.026849672231e+01,3.229207571320e-02,4.253536282671e-02,4.045776747897e-02,9.490966073794e-01,2.325923967038e+01
9.676126878130e-01,5.277831678933e-03,4.098763229339e-02,7.981835656844e+06,4.308101351703e-01,9.755356082306e+00,1.027597570363e+01,5.679975965568e+02,5.677789355059e+02,2.758979281254e+06,1.315219132225e+06,4.239516910375e+01,7.229957598504e+02,3.179639158659e+02,1.020347616839e+01,3.209004437061e-02,4.249617977343e-02,4.043021020384e-02,9.493362346955e-01,2.325920927698e+01
9.696160267112e-01,5.309501629000e-03,4.111042275652e-02,7.982120434664e+06,4.305631337168e-01,9.695846260540e+00,1.021074488301e+01,5.680001389494e+02,5.677862917575e+02,2.758975366373e+06,1.315260064244e+06,4.239689882937e+01,7.229801198600e+02,3.179402203136e+02,1.013911568252e+01,3.189000646887e-02,4.245774682419e-02,4.040322846868e-02,9.495728638443e-01,2.325917689898e+01
9.716193656093e-01,5.341266313781e-03,4.123321321965e-02,7.982400624069e+06,4.303206675024e-01,9.636908740100e+00,1.014618049353e+01,5.680026396337e+02,5.677934974743e+02,2.758971510460e+06,1.315300158813e+06,4.239860090058e+01,7.229648012801e+02,3.179170294278e+02,1.007540551094e+01,3.169193399007e-02,4.242004825219e-02,4.037681053234e-02,9.498065549141e-01,2.325914249042e+01
9.736227045075e-01,5.373125733275e-03,4.135600368278e-02,7.982676317298e+06,4.300826468325e-01,9.578535675352e+00,1.008227256271e+01,5.680050994537e+02,5.678005558588e+02,2.758967712357e+06,1.315339433696e+06,4.240027587166e+01,7.229497973105e+02,3.178943310359e+02,1.001233609187e+01,3.149579943513e-02,4.238306859786e-02,4.035094482015e-02,9.500373666528e-01,2.325910602152e+01
9.756260434057e-01,5.405079887481e-03,4.147879414591e-02,7.982947604343e+06,4.298489832621e-01,9.520719361946e+00,1.001901131796e+01,5.680075192334e+02,5.678074700481e+02,2.758963970934e+06,1.315377906297e+06,4.240192428325e+01,7.229351012875e+02,3.178721132246e+02,9.949898050820e+00,3.130157581263e-02,4.234679265671e-02,4.032561991542e-02,9.502653565111e-01,2.325906747970e+01
9.776293823038e-01,5.437128776401e-03,4.160158460904e-02,7.983214573015e+06,4.296195895431e-01,9.463452233792e+00,9.956387181657e+00,5.680098997772e+02,5.678142431147e+02,2.758960285091e+06,1.315415593665e+06,4.240354666276e+01,7.229207066816e+02,3.178503643281e+02,9.888082196135e+00,3.110923662786e-02,4.231120546851e-02,4.030082455190e-02,9.504905806824e-01,2.325902687039e+01
9.796327212020e-01,5.469272400033e-03,4.172437507216e-02,7.983477309006e+06,4.293943795797e-01,9.406726860110e+00,9.894390766355e+00,5.680122418706e+02,5.678208780678e+02,2.758956653761e+06,1.315452512501e+06,4.240514352472e+01,7.229066070950e+02,3.178290729191e+02,9.826879514623e+00,3.091875587204e-02,4.227629230783e-02,4.027654760761e-02,9.507130941398e-01,2.325898421756e+01
9.816360601002e-01,5.501510758378e-03,4.184716553529e-02,7.983735895947e+06,4.291732683926e-01,9.350535942539e+00,9.833012870091e+00,5.680145462804e+02,5.678273778547e+02,2.758953075901e+06,1.315488679163e+06,4.240671537122e+01,7.228927962598e+02,3.178082278000e+02,9.766281167310e+00,3.073010801173e-02,4.224203867623e-02,4.025277809975e-02,9.509329506707e-01,2.325893956395e+01
9.836393989983e-01,5.533843851436e-03,4.196995599842e-02,7.983990415468e+06,4.289561720922e-01,9.294872312305e+00,9.772244471891e+00,5.680168137558e+02,5.678337453616e+02,2.758949550498e+06,1.315524109674e+06,4.240826269222e+01,7.228792680350e+02,3.177878179956e+02,9.706278485331e+00,3.054326797846e-02,4.220843029590e-02,4.022950518119e-02,9.511502029080e-01,2.325889297107e+01
9.856427378965e-01,5.566271679207e-03,4.209274646155e-02,7.984240947253e+06,4.287430078613e-01,9.239728927458e+00,9.712076727395e+00,5.680190450280e+02,5.678399834150e+02,2.758946076564e+06,1.315558819727e+06,4.240978596590e+01,7.228660164048e+02,3.177678327476e+02,9.646862965924e+00,3.035821115848e-02,4.217545310504e-02,4.020671813815e-02,9.513649023587e-01,2.325884451881e+01
9.876460767947e-01,5.598794241691e-03,4.221553692468e-02,7.984487569096e+06,4.285336939469e-01,9.185098870155e+00,9.652500964615e+00,5.680212408115e+02,5.678460947826e+02,2.758942653136e+06,1.315592824689e+06,4.241128565905e+01,7.228530354762e+02,3.177482615092e+02,9.588026268552e+00,3.017491338272e-02,4.214309325477e-02,4.018440638939e-02,9.515770994302e-01,2.325879430478e+01
9.896494156928e-01,5.631411538887e-03,4.233832738781e-02,7.984730356951e+06,4.283281496610e-01,9.130975344012e+00,9.593508679822e+00,5.680234018039e+02,5.678520821747e+02,2.758939279276e+06,1.315626139614e+06,4.241276222732e+01,7.228403194768e+02,3.177290939421e+02,9.529760211123e+00,2.999335091692e-02,4.211133710758e-02,4.016255948662e-02,9.517868434536e-01,2.325874244340e+01
9.916527545910e-01,5.664123570797e-03,4.246111785094e-02,7.984969384987e+06,4.281262953896e-01,9.077351671508e+00,9.535091533562e+00,5.680255286867e+02,5.678579482449e+02,2.758935954069e+06,1.315658779241e+06,4.241421611560e+01,7.228278627524e+02,3.177103199138e+02,9.472056766331e+00,2.981350045192e-02,4.208017123725e-02,4.014116711627e-02,9.519941827047e-01,2.325868906466e+01
9.936560934891e-01,5.696930337419e-03,4.258390831407e-02,7.985204725632e+06,4.279280526100e-01,9.024221291445e+00,9.477241346787e+00,5.680276221257e+02,5.678636955916e+02,2.758932676624e+06,1.315690758002e+06,4.241564775830e+01,7.228156597653e+02,3.176919294961e+02,9.414908058083e+00,2.963533909412e-02,4.204958243003e-02,4.012021910226e-02,9.521991644229e-01,2.325863431265e+01
9.956594323873e-01,5.729831838754e-03,4.270669877719e-02,7.985436449625e+06,4.277333439139e-01,8.971577756468e+00,9.419950097097e+00,5.680296827711e+02,5.678693267586e+02,2.758929446071e+06,1.315722090033e+06,4.241705757963e+01,7.228037050918e+02,3.176739129645e+02,9.358306358042e+00,2.945884435618e-02,4.201955768703e-02,4.009970540988e-02,9.524018348286e-01,2.325857834391e+01
9.976627712855e-01,5.762828074802e-03,4.282948924032e-02,7.985664626063e+06,4.275420930368e-01,8.919414730639e+00,9.363209915095e+00,5.680317112585e+02,5.678748442367e+02,2.758926261560e+06,1.315752789171e+06,4.241844599390e+01,7.227919934204e+02,3.176562607986e+02,9.302244082247e+00,2.928399414783e-02,4.199008422746e-02,4.007961615043e-02,9.526022391380e-01,2.325852132550e+01
9.996661101836e-01,5.795919045563e-03,4.295227970345e-02,7.985889322440e+06,4.273542248919e-01,8.867725987063e+00,9.307013080845e+00,5.680337082086e+02,5.678802504640e+02,2.758923122265e+06,1.315782868966e+06,4.241981340582e+01,7.227805195492e+02,3.176389636823e+02,9.246713787842e+00,2.911076676692e-02,4.196114949281e-02,4.005994158652e-02,9.528004215782e-01,2.325846343308e+01
1.001669449082e+00,5.829104751037e-03,4.307507016658e-02,7.986110604696e+06,4.271696656059e-01,8.816505405575e+00,9.251352020422e+00,5.680356742281e+02,5.678855478278e+02,2.758920027376e+06,1.315812342686e+06,4.242116021071e+01,7.227692783846e+02,3.176220125054e+02,9.191708169877e+00,2.893914089069e-02,4.193274115135e-02,4.004067213784e-02,9.529964253996e-01,2.325840484876e+01
1.003672787980e+00,5.862385191223e-03,4.319786062971e-02,7.986328537259e+06,4.269883425586e-01,8.765746970476e+00,9.196219302561e+00,5.680376099097e+02,5.678907386647e+02,2.758916976105e+06,1.315841223319e+06,4.242248679480e+01,7.227582649387e+02,3.176053983646e+02,9.137220058203e+00,2.876909556718e-02,4.190484710315e-02,4.002179838719e-02,9.531902928885e-01,2.325834575899e+01
1.005676126878e+00,5.895760366123e-03,4.332065109284e-02,7.986543183079e+06,4.268101844209e-01,8.715444768326e+00,9.141607635398e+00,5.680395158327e+02,5.678958252623e+02,2.758913967681e+06,1.315869523581e+06,4.242379353549e+01,7.227474743273e+02,3.175891125655e+02,9.083242414442e+00,2.860061020691e-02,4.187745548509e-02,4.000331108654e-02,9.533820653797e-01,2.325828635238e+01
1.007679465776e+00,5.929230275735e-03,4.344344155597e-02,7.986754603678e+06,4.266351211935e-01,8.665592985793e+00,9.087509863283e+00,5.680413925633e+02,5.679008098597e+02,2.758911001352e+06,1.315897255920e+06,4.242508080153e+01,7.227369017686e+02,3.175731466233e+02,9.029768329036e+00,2.843366457475e-02,4.185055467580e-02,3.998520116303e-02,9.535717832676e-01,2.325822681760e+01
1.009682804674e+00,5.962794920061e-03,4.356623201910e-02,7.986962859179e+06,4.264630842432e-01,8.616185907546e+00,9.033918963690e+00,5.680432406548e+02,5.679056946487e+02,2.758908076384e+06,1.315924432524e+06,4.242634895332e+01,7.227265425803e+02,3.175574922651e+02,8.976791018372e+00,2.826823878203e-02,4.182413330034e-02,3.996745972465e-02,9.537594860190e-01,2.325816734137e+01
1.011686143573e+00,5.996454299099e-03,4.368902248223e-02,7.987168008349e+06,4.262940063358e-01,8.567217914211e+00,8.980828044192e+00,5.680450606482e+02,5.679104817746e+02,2.758905192057e+06,1.315951065321e+06,4.242759834311e+01,7.227163921784e+02,3.175421414298e+02,8.924303821976e+00,2.810431327884e-02,4.179818023437e-02,3.995007806544e-02,9.539452121847e-01,2.325810810647e+01
1.013689482471e+00,6.030208412850e-03,4.381181294535e-02,7.987370108632e+06,4.261278216661e-01,8.518683480372e+00,8.928230339520e+00,5.680468530722e+02,5.679151733373e+02,2.758902347670e+06,1.315977165990e+06,4.242882931522e+01,7.227064460752e+02,3.175270862697e+02,8.872300199773e+00,2.794186884655e-02,4.177268460783e-02,3.993304767023e-02,9.541289994127e-01,2.325804929002e+01
1.015692821369e+00,6.064057261314e-03,4.393460340848e-02,7.987569216185e+06,4.259644658827e-01,8.470577172622e+00,8.876119208684e+00,5.680486184438e+02,5.679197713920e+02,2.758899542539e+06,1.316002745961e+06,4.243004220624e+01,7.226966998771e+02,3.175123191500e+02,8.820773729425e+00,2.778088659060e-02,4.174763580779e-02,3.991636021856e-02,9.543108844612e-01,2.325799106179e+01
1.017696160267e+00,6.098000844490e-03,4.405739387161e-02,7.987765385911e+06,4.258038761082e-01,8.422893647665e+00,8.824488132171e+00,5.680503572682e+02,5.679242779500e+02,2.758896775992e+06,1.316027816422e+06,4.243123734527e+01,7.226871492832e+02,3.174978326490e+02,8.769718103720e+00,2.762134793347e-02,4.172302348065e-02,3.990000758805e-02,9.544909032126e-01,2.325793358280e+01
1.019699499165e+00,6.132039162380e-03,4.418018433474e-02,7.987958671494e+06,4.256459909540e-01,8.375627650466e+00,8.773330709208e+00,5.680520700397e+02,5.679286949801e+02,2.758894047374e+06,1.316052388324e+06,4.243241505408e+01,7.226777900834e+02,3.174836195568e+02,8.719127128030e+00,2.746323460783e-02,4.169883753341e-02,3.988398185682e-02,9.546690906882e-01,2.325787700401e+01
1.021702838063e+00,6.166172214982e-03,4.430297479787e-02,7.988149125430e+06,4.254907505304e-01,8.328774012448e+00,8.722640655088e+00,5.680537572415e+02,5.679330244086e+02,2.758891356044e+06,1.316076472385e+06,4.243357564733e+01,7.226686181564e+02,3.174696728742e+02,8.668994717835e+00,2.730652864996e-02,4.167506813421e-02,3.986827530523e-02,9.548454810631e-01,2.325782146530e+01
1.023706176962e+00,6.200400002298e-03,4.442576526100e-02,7.988336799054e+06,4.253380964503e-01,8.282327649731e+00,8.672411798562e+00,5.680554193460e+02,5.679372681212e+02,2.758888701375e+06,1.316100079095e+06,4.243471943276e+01,7.226596294682e+02,3.174559858110e+02,8.619314896294e+00,2.715121239335e-02,4.165170571205e-02,3.985288041684e-02,9.550201076826e-01,2.325776709450e+01
1.025709515860e+00,6.234722524326e-03,4.454855572413e-02,7.988521742577e+06,4.251879718299e-01,8.236283561415e+00,8.622638079294e+00,5.680570568152e+02,5.679414279628e+02,2.758886082754e+06,1.316123218720e+06,4.243584671133e+01,7.226508200705e+02,3.174425517830e+02,8.570081791890e+00,2.699726846244e-02,4.162874095569e-02,3.983778987866e-02,9.551930030779e-01,2.325771400675e+01
1.027712854758e+00,6.269139781067e-03,4.467134618726e-02,7.988704005110e+06,4.250403212836e-01,8.190636827913e+00,8.573313545378e+00,5.680586701012e+02,5.679455057391e+02,2.758883499582e+06,1.316145901308e+06,4.243695777747e+01,7.226421860988e+02,3.174293644100e+02,8.521289636117e+00,2.684467976664e-02,4.160616481199e-02,3.982299658073e-02,9.553641989833e-01,2.325766230389e+01
1.029716193656e+00,6.303651772521e-03,4.479413665039e-02,7.988883634695e+06,4.248950909160e-01,8.145382609310e+00,8.524432350912e+00,5.680602596460e+02,5.679495032166e+02,2.758880951271e+06,1.316168136691e+06,4.243805291918e+01,7.226337237707e+02,3.174164175123e+02,8.472932761235e+00,2.669342949441e-02,4.158396848367e-02,3.980849361520e-02,9.555337263529e-01,2.325761207401e+01
1.031719532554e+00,6.338258498688e-03,4.491692711351e-02,7.989060678330e+06,4.247522283107e-01,8.100516143777e+00,8.475988753636e+00,5.680618258819e+02,5.679534221244e+02,2.758878437247e+06,1.316189934490e+06,4.243913241824e+01,7.226254293846e+02,3.174037051074e+02,8.425005598072e+00,2.654350110759e-02,4.156214342654e-02,3.979427427493e-02,9.557016153782e-01,2.325756339120e+01
1.033722871452e+00,6.372959959567e-03,4.503971757664e-02,7.989235181996e+06,4.246116825171e-01,8.056032746008e+00,8.427977112628e+00,5.680633692319e+02,5.679572641540e+02,2.758875956947e+06,1.316211304122e+06,4.244019655034e+01,7.226172993179e+02,3.173912214066e+02,8.377502673886e+00,2.639487833582e-02,4.154068134658e-02,3.978033205183e-02,9.558678955045e-01,2.325751631525e+01
1.035726210351e+00,6.407756155160e-03,4.516250803977e-02,7.989407190686e+06,4.244734040360e-01,8.011927805703e+00,8.380391886060e+00,5.680648901098e+02,5.679610309605e+02,2.758873509821e+06,1.316232254799e+06,4.244124558526e+01,7.226093300256e+02,3.173789608115e+02,8.330418610274e+00,2.624754517116e-02,4.151957419669e-02,3.976666063493e-02,9.560325954482e-01,2.325747089146e+01
1.037729549249e+00,6.442647085465e-03,4.528529850290e-02,7.989576748427e+06,4.243373448046e-01,7.968196786081e+00,8.333227629004e+00,5.680663889205e+02,5.679647241636e+02,2.758871095329e+06,1.316252795537e+06,4.244227978702e+01,7.226015180384e+02,3.173669179102e+02,8.283748121138e+00,2.610148586275e-02,4.149881417357e-02,3.975325390852e-02,9.561957432132e-01,2.325742715054e+01
1.039732888147e+00,6.477632750484e-03,4.540808896603e-02,7.989743898305e+06,4.242034581824e-01,7.924835222428e+00,8.286478991308e+00,5.680678660601e+02,5.679683453475e+02,2.758868712944e+06,1.316272935156e+06,4.244329941401e+01,7.225938599617e+02,3.173550874744e+02,8.237486010703e+00,2.595668491171e-02,4.147839371457e-02,3.974010595021e-02,9.563573661070e-01,2.325738510837e+01
1.041736227045e+00,6.512713150215e-03,4.553087942916e-02,7.989908682488e+06,4.240716989376e-01,7.881838720678e+00,8.240140715516e+00,5.680693219162e+02,5.679718960626e+02,2.758866362149e+06,1.316292682287e+06,4.244430471915e+01,7.225863524738e+02,3.173434644560e+02,8.191627171579e+00,2.581312706604e-02,4.145830549490e-02,3.972721102932e-02,9.565174907557e-01,2.325734476583e+01
1.043739565943e+00,6.547888284659e-03,4.565366989229e-02,7.990071142251e+06,4.239420232369e-01,7.839202956021e+00,8.194207634848e+00,5.680707568681e+02,5.679753778253e+02,2.758864042436e+06,1.316312045374e+06,4.244529595002e+01,7.225789923245e+02,3.173320439840e+02,8.146166582879e+00,2.567079731567e-02,4.143854242515e-02,3.971456360548e-02,9.566761431188e-01,2.325730610853e+01
1.045742904841e+00,6.583158153816e-03,4.577646035542e-02,7.990231317996e+06,4.238143886363e-01,7.796923671542e+00,8.148674671237e+00,5.680721712870e+02,5.679787921195e+02,2.758861753310e+06,1.316331032679e+06,4.244627334898e+01,7.225717763338e+02,3.173208213624e+02,8.101099308384e+00,2.552968088763e-02,4.141909764929e-02,3.970215832769e-02,9.568333485031e-01,2.325726910649e+01
1.047746243740e+00,6.618522757686e-03,4.589925081855e-02,7.990389249276e+06,4.236887540772e-01,7.754996676894e+00,8.103536833415e+00,5.680735655362e+02,5.679821403965e+02,2.758859494284e+06,1.316349652283e+06,4.244723715334e+01,7.225647013903e+02,3.173097920683e+02,8.056420494751e+00,2.538976324127e-02,4.139996454329e-02,3.968999003386e-02,9.569891315748e-01,2.325723371362e+01
1.049749582638e+00,6.653982096268e-03,4.602204128167e-02,7.990544974813e+06,4.235650798844e-01,7.713417846994e+00,8.058789215051e+00,5.680749399714e+02,5.679854240763e+02,2.758857264882e+06,1.316367912095e+06,4.244818759543e+01,7.225577644501e+02,3.172989517499e+02,8.012125369772e+00,2.525103006356e-02,4.138113671429e-02,3.967805375093e-02,9.571435163719e-01,2.325719986723e+01
1.051752921536e+00,6.689536169564e-03,4.614483174480e-02,7.990698532522e+06,4.234433277701e-01,7.672183120743e+00,8.014426992944e+00,5.680762949406e+02,5.679886445477e+02,2.758855064637e+06,1.316385819849e+06,4.244912490277e+01,7.225509625351e+02,3.172882962255e+02,7.968209240678e+00,2.511346726453e-02,4.136260800058e-02,3.966634469555e-02,9.572965263140e-01,2.325716748727e+01
1.053756260434e+00,6.725184977572e-03,4.626762220793e-02,7.990849959527e+06,4.233234608402e-01,7.631288499779e+00,7.970445425263e+00,5.680776307845e+02,5.679918031695e+02,2.758852893090e+06,1.316403383112e+06,4.245004929819e+01,7.225442927320e+02,3.172778214837e+02,7.924667492483e+00,2.497706097270e-02,4.134437247221e-02,3.965485827547e-02,9.574481842120e-01,2.325713647552e+01
1.055759599332e+00,6.760928520293e-03,4.639041267106e-02,7.990999292184e+06,4.232054436070e-01,7.590730047251e+00,7.926839849834e+00,5.680789478368e+02,5.679949012706e+02,2.758850749793e+06,1.316420609286e+06,4.245096099989e+01,7.225377521907e+02,3.172675236826e+02,7.881495586380e+00,2.484179753067e-02,4.132642443236e-02,3.964359009149e-02,9.575985122760e-01,2.325710671463e+01
1.057762938230e+00,6.796766797727e-03,4.651320313419e-02,7.991146566096e+06,4.230892420035e-01,7.550503886617e+00,7.883605682476e+00,5.680802464240e+02,5.679979401510e+02,2.758848634306e+06,1.316437505611e+06,4.245186022161e+01,7.225313381232e+02,3.172573991506e+02,7.838689058164e+00,2.470766349075e-02,4.130875841927e-02,3.963253593995e-02,9.577475321223e-01,2.325707806703e+01
1.059766277129e+00,6.832699809874e-03,4.663599359732e-02,7.991291816136e+06,4.229748234028e-01,7.510606200466e+00,7.840738415384e+00,5.680815268658e+02,5.680009210821e+02,2.758846546196e+06,1.316454079171e+06,4.245274717273e+01,7.225250478026e+02,3.172474443874e+02,7.796243516712e+00,2.457464561068e-02,4.129136920882e-02,3.962169181576e-02,9.578952647788e-01,2.325705037372e+01
1.061769616027e+00,6.868727556734e-03,4.675878406045e-02,7.991435076458e+06,4.228621566381e-01,7.471033229366e+00,7.798233615548e+00,5.680827894755e+02,5.680038453075e+02,2.758844485042e+06,1.316470336892e+06,4.245362205835e+01,7.225188785611e+02,3.172376560649e+02,7.754154642488e+00,2.444273084940e-02,4.127425181729e-02,3.961105391558e-02,9.580417306902e-01,2.325702345310e+01
1.063772954925e+00,6.904850038307e-03,4.688157452358e-02,7.991576380522e+06,4.227512120236e-01,7.431781270739e+00,7.756086923217e+00,5.680840345596e+02,5.680067140435e+02,2.758842450426e+06,1.316486285551e+06,4.245448507941e+01,7.225128277895e+02,3.172280310285e+02,7.712418186093e+00,2.431190636303e-02,4.125740150434e-02,3.960061864114e-02,9.581869497223e-01,2.325699709969e+01
1.065776293823e+00,6.941067254593e-03,4.700436498671e-02,7.991715761105e+06,4.226419613734e-01,7.392846677750e+00,7.714294050400e+00,5.680852624185e+02,5.680095284797e+02,2.758840441943e+06,1.316501931773e+06,4.245533643279e+01,7.225068929357e+02,3.172185662981e+02,7.671029966845e+00,2.418215950083e-02,4.124081377552e-02,3.959038260224e-02,9.583309411658e-01,2.325697108296e+01
1.067779632721e+00,6.977379205591e-03,4.712715544983e-02,7.991853250320e+06,4.225343780158e-01,7.354225858236e+00,7.672850779392e+00,5.680864733460e+02,5.680122897795e+02,2.758838459192e+06,1.316517282041e+06,4.245617631142e+01,7.225010715038e+02,3.172092590685e+02,7.629985871391e+00,2.405347780136e-02,4.122448438422e-02,3.958034261896e-02,9.584737237414e-01,2.325694514640e+01
1.069782971619e+00,7.013785891302e-03,4.724994591296e-02,7.991988879630e+06,4.224284367997e-01,7.315915273655e+00,7.631752961337e+00,5.680876676305e+02,5.680149990806e+02,2.758836501782e+06,1.316532342694e+06,4.245700490434e+01,7.224953610524e+02,3.172001067094e+02,7.589281852348e+00,2.392584898876e-02,4.120840933221e-02,3.957049572287e-02,9.586153156055e-01,2.325691900675e+01
1.071786310518e+00,7.050287311726e-03,4.737273637609e-02,7.992122679867e+06,4.223241140891e-01,7.277911438072e+00,7.590996514808e+00,5.680888455538e+02,5.680176574956e+02,2.758834569328e+06,1.316547119931e+06,4.245782239682e+01,7.224897591942e+02,3.171911067631e+02,7.548913926969e+00,2.379926096921e-02,4.119258486839e-02,3.956083915636e-02,9.587557343590e-01,2.325689235373e+01
1.073789649416e+00,7.086883466864e-03,4.749552683922e-02,7.992254681244e+06,4.222213877424e-01,7.240210917169e+00,7.550577424405e+00,5.680900073926e+02,5.680202661126e+02,2.758832661451e+06,1.316561619814e+06,4.245862897046e+01,7.224842635944e+02,3.171822569421e+02,7.508878175830e+00,2.367370182753e-02,4.117700748505e-02,3.955137036983e-02,9.588949970590e-01,2.325686485018e+01
1.075792988314e+00,7.123574356713e-03,4.761831730235e-02,7.992384913369e+06,4.221202370729e-01,7.202810327301e+00,7.510491739370e+00,5.680911534174e+02,5.680228259956e+02,2.758830777782e+06,1.316575848271e+06,4.245942480326e+01,7.224788719697e+02,3.171735551231e+02,7.469170741537e+00,2.354915982399e-02,4.116167391101e-02,3.954208701598e-02,9.590331202342e-01,2.325683613298e+01
1.077796327212e+00,7.160359981276e-03,4.774110776548e-02,7.992513405264e+06,4.220206427864e-01,7.165706334588e+00,7.470735572209e+00,5.680922838936e+02,5.680253381849e+02,2.758828917956e+06,1.316589811101e+06,4.246021006970e+01,7.224735820875e+02,3.171649993396e+02,7.429787827447e+00,2.342562339135e-02,4.114658110131e-02,3.953298694101e-02,9.591701199068e-01,2.325680581464e+01
1.079799666110e+00,7.197240340552e-03,4.786389822861e-02,7.992640185375e+06,4.219225868957e-01,7.128895654032e+00,7.431305097325e+00,5.680933990812e+02,5.680278036980e+02,2.758827081617e+06,1.316603513971e+06,4.246098494084e+01,7.224683917643e+02,3.171565877716e+02,7.390725696408e+00,2.330308113205e-02,4.113172622296e-02,3.952406817212e-02,9.593060116180e-01,2.325677348565e+01
1.081803005008e+00,7.234215434540e-03,4.798668869174e-02,7.992765281587e+06,4.218260526098e-01,7.092375048689e+00,7.392196549658e+00,5.680944992347e+02,5.680302235295e+02,2.758825268414e+06,1.316616962426e+06,4.246174958439e+01,7.224632988654e+02,3.171483187328e+02,7.351980669509e+00,2.318152181567e-02,4.111710663679e-02,3.951532890165e-02,9.594408104607e-01,2.325673871777e+01
1.083806343907e+00,7.271285263242e-03,4.810947915486e-02,7.992888721237e+06,4.217310242010e-01,7.056141328858e+00,7.353406223340e+00,5.680955846039e+02,5.680325986522e+02,2.758823478002e+06,1.316630161886e+06,4.246250416480e+01,7.224583013029e+02,3.171401906549e+02,7.313549124854e+00,2.306093437653e-02,4.110271987575e-02,3.950676746770e-02,9.595745311148e-01,2.325670106800e+01
1.085809682805e+00,7.308449826656e-03,4.823226961799e-02,7.993010531127e+06,4.216374868539e-01,7.020191351305e+00,7.314930470366e+00,5.680966554332e+02,5.680349300174e+02,2.758821710043e+06,1.316643117653e+06,4.246324884333e+01,7.224533970354e+02,3.171322020710e+02,7.275427496352e+00,2.294130791147e-02,4.108856362023e-02,3.949838233219e-02,9.597071878872e-01,2.325666008321e+01
1.087813021703e+00,7.345709124783e-03,4.835506008112e-02,7.993130737538e+06,4.215454265017e-01,6.984522018497e+00,7.276765699297e+00,5.680977119625e+02,5.680372185552e+02,2.758819964205e+06,1.316655834910e+06,4.246398377812e+01,7.224485840663e+02,3.171243515968e+02,7.237612272535e+00,2.282263167774e-02,4.107463567154e-02,3.949017205707e-02,9.598387947508e-01,2.325661530519e+01
1.089816360601e+00,7.383063157623e-03,4.847785054425e-02,7.993249366239e+06,4.214548296600e-01,6.949130277852e+00,7.238908373998e+00,5.680987544267e+02,5.680394651755e+02,2.758818240162e+06,1.316668318728e+06,4.246470912428e+01,7.224438604429e+02,3.171166379121e+02,7.200099995410e+00,2.270489509101e-02,4.106093392489e-02,3.948213527985e-02,9.599693653828e-01,2.325656627583e+01
1.091819699499e+00,7.420511925176e-03,4.860064100738e-02,7.993366442501e+06,4.213656832655e-01,6.914013120977e+00,7.201355012429e+00,5.680997830562e+02,5.680416707680e+02,2.758816537593e+06,1.316680574066e+06,4.246542503393e+01,7.224392242553e+02,3.171090597431e+02,7.162887259350e+00,2.258808772336e-02,4.104745634330e-02,3.947427068993e-02,9.600989131967e-01,2.325651254219e+01
1.093823038397e+00,7.458055427442e-03,4.872343147051e-02,7.993481991106e+06,4.212779745292e-01,6.879167582904e+00,7.164102185492e+00,5.681007980768e+02,5.680438362031e+02,2.758814856184e+06,1.316692605775e+06,4.246613165629e+01,7.224346736356e+02,3.171016158457e+02,7.125970710027e+00,2.247219930123e-02,4.103420093387e-02,3.946657700682e-02,9.602274513664e-01,2.325645366108e+01
1.095826377295e+00,7.495693664420e-03,4.884622193364e-02,7.993596036362e+06,4.211916908084e-01,6.844590741301e+00,7.127146515944e+00,5.681017997098e+02,5.680459623320e+02,2.758813195626e+06,1.316704418599e+06,4.246682913774e+01,7.224302067566e+02,3.170943049917e+02,7.089347043401e+00,2.235721970341e-02,4.102116572705e-02,3.945905296078e-02,9.603549928417e-01,2.325638920321e+01
1.097829716194e+00,7.533426636112e-03,4.896901239677e-02,7.993708602111e+06,4.211068194964e-01,6.810279715667e+00,7.090484677368e+00,5.681027881723e+02,5.680480499875e+02,2.758811555613e+06,1.316716017180e+06,4.246751762188e+01,7.224258218310e+02,3.170871259568e+02,7.053013004748e+00,2.224313895894e-02,4.100834875894e-02,3.945169727608e-02,9.604815503523e-01,2.325631875658e+01
1.099833055092e+00,7.571254342516e-03,4.909180285990e-02,7.993819711738e+06,4.210233479193e-01,6.776231666520e+00,7.054113393193e+00,5.681037636771e+02,5.680500999836e+02,2.758809935849e+06,1.316727406055e+06,4.246819724961e+01,7.224215171113e+02,3.170800775090e+02,7.016965387723e+00,2.212994724502e-02,4.099574805455e-02,3.944450865481e-02,9.606071364063e-01,2.325624192995e+01
1.101836393990e+00,7.609176783633e-03,4.921459332302e-02,7.993929388186e+06,4.209412632168e-01,6.742443794582e+00,7.018029435738e+00,5.681047264327e+02,5.680521131163e+02,2.758808336038e+06,1.316738589660e+06,4.246886815919e+01,7.224172908895e+02,3.170731583958e+02,6.981201033454e+00,2.201763488520e-02,4.098336160866e-02,3.943748575832e-02,9.607317632850e-01,2.325615835670e+01
1.103839732888e+00,7.647193959463e-03,4.933738378615e-02,7.994037653965e+06,4.208605521690e-01,6.708913339993e+00,6.982229625239e+00,5.681056766438e+02,5.680540901630e+02,2.758806755892e+06,1.316749572330e+06,4.246953048628e+01,7.224131414967e+02,3.170663673249e+02,6.945716829627e+00,2.190619234777e-02,4.097118735791e-02,3.943062718035e-02,9.608554430438e-01,2.325606770066e+01
1.105843071786e+00,7.685305870006e-03,4.946017424928e-02,7.994144531162e+06,4.207812009175e-01,6.675637581572e+00,6.946710828826e+00,5.681066145110e+02,5.680560318827e+02,2.758805195128e+06,1.316760358294e+06,4.247018436405e+01,7.224090673041e+02,3.170597029345e+02,6.910509709547e+00,2.179561024497e-02,4.095922313586e-02,3.942393140442e-02,9.609781875288e-01,2.325596966553e+01
1.107846410684e+00,7.723512515262e-03,4.958296471241e-02,7.994250041455e+06,4.207031945148e-01,6.642613836158e+00,6.911469959381e+00,5.681075402311e+02,5.680579390157e+02,2.758803653466e+06,1.316770951680e+06,4.247082992323e+01,7.224050667232e+02,3.170531637437e+02,6.875576651139e+00,2.168587933315e-02,4.094746660047e-02,3.941739673557e-02,9.611000084204e-01,2.325586401015e+01
1.109849749583e+00,7.761813895231e-03,4.970575517554e-02,7.994354206125e+06,4.206265162310e-01,6.609839458051e+00,6.876503974255e+00,5.681084539972e+02,5.680598122833e+02,2.758802130630e+06,1.316781356506e+06,4.247146729216e+01,7.224011382067e+02,3.170467480773e+02,6.840914675867e+00,2.157699051435e-02,4.093591512255e-02,3.941102119604e-02,9.612209173147e-01,2.325575057192e+01
1.111853088481e+00,7.800210009912e-03,4.982854563867e-02,7.994457046065e+06,4.205511465498e-01,6.577311838569e+00,6.841809873782e+00,5.681093559989e+02,5.680616523874e+02,2.758800626352e+06,1.316791576687e+06,4.247209659688e+01,7.223972802486e+02,3.170404539572e+02,6.806520847538e+00,2.146893483965e-02,4.092456562434e-02,3.940480237447e-02,9.613409258526e-01,2.325562930095e+01
1.113856427379e+00,7.838700859307e-03,4.995133610180e-02,7.994558581797e+06,4.204770618049e-01,6.545028405736e+00,6.807384699589e+00,5.681102464223e+02,5.680634600112e+02,2.758799140366e+06,1.316801616029e+06,4.247271796120e+01,7.223934913839e+02,3.170342789550e+02,6.772392270991e+00,2.136170351457e-02,4.091341436033e-02,3.939873722151e-02,9.614600459015e-01,2.325550030628e+01
1.115859766277e+00,7.877286443414e-03,5.007412656493e-02,7.994658833482e+06,4.204042324461e-01,6.512986624099e+00,6.773225532694e+00,5.681111254501e+02,5.680652358194e+02,2.758797672410e+06,1.316811478237e+06,4.247333150677e+01,7.223897701875e+02,3.170282200052e+02,6.738526090674e+00,2.125528790643e-02,4.090245663895e-02,3.939282179032e-02,9.615782897913e-01,2.325536391479e+01
1.117863105175e+00,7.915966762234e-03,5.019691702806e-02,7.994757820931e+06,4.203326209874e-01,6.481183994691e+00,6.739329491443e+00,5.681119932619e+02,5.680669804597e+02,2.758796222228e+06,1.316821166922e+06,4.247393735316e+01,7.223861152707e+02,3.170222731845e+02,6.704919489120e+00,2.114967955333e-02,4.089168649324e-02,3.938705092971e-02,9.616956706034e-01,2.325522074083e+01
1.119866444073e+00,7.954741815767e-03,5.031970749118e-02,7.994855563617e+06,4.202621797700e-01,6.449618055163e+00,6.705693729319e+00,5.681128500340e+02,5.680686945654e+02,2.758794789565e+06,1.316830685611e+06,4.247453561793e+01,7.223825252762e+02,3.170164334724e+02,6.671569685370e+00,2.104487017374e-02,4.088109632242e-02,3.938141795109e-02,9.618122025113e-01,2.325507176194e+01
1.121869782972e+00,7.993611604013e-03,5.044249795431e-02,7.994952080677e+06,4.201928487808e-01,6.418286380162e+00,6.672315432720e+00,5.681136959393e+02,5.680703787585e+02,2.758793374171e+06,1.316840037774e+06,4.247512641671e+01,7.223789988704e+02,3.170106945191e+02,6.638473933353e+00,2.094085167513e-02,4.087067654275e-02,3.937591430617e-02,9.619279011732e-01,2.325491839207e+01
1.123873121870e+00,8.032576126972e-03,5.056528841744e-02,7.995047390919e+06,4.201245538767e-01,6.387186582082e+00,6.639191818759e+00,5.681145311473e+02,5.680720336550e+02,2.758791975795e+06,1.316849226842e+06,4.247570986331e+01,7.223755347330e+02,3.170050484579e+02,6.605629520282e+00,2.083761615916e-02,4.086041530420e-02,3.937052933040e-02,9.620427841887e-01,2.325476253997e+01
1.125876460768e+00,8.071635384644e-03,5.068807888057e-02,7.995141512821e+06,4.200572058726e-01,6.356316312382e+00,6.606320133153e+00,5.681153558234e+02,5.680736598694e+02,2.758790594186e+06,1.316858256241e+06,4.247628606980e+01,7.223721315449e+02,3.169994858130e+02,6.573033765054e+00,2.073515592051e-02,4.085029834647e-02,3.936525012425e-02,9.621568716422e-01,2.325460663614e+01
1.127879799666e+00,8.110789377028e-03,5.081086934370e-02,7.995234464520e+06,4.199907010317e-01,6.325673263722e+00,6.573697648248e+00,5.681161701288e+02,5.680752580215e+02,2.758789229092e+06,1.316867129428e+06,4.247685514653e+01,7.223687879755e+02,3.169939955586e+02,6.540684016671e+00,2.063346343562e-02,4.084030908041e-02,3.936006165652e-02,9.622701867659e-01,2.325445360932e+01
1.129883138564e+00,8.150038104125e-03,5.093365980683e-02,7.995326263800e+06,4.199249235087e-01,6.295255173122e+00,6.541321661212e+00,5.681169742201e+02,5.680768287409e+02,2.758787880253e+06,1.316875849914e+06,4.247741720214e+01,7.223655026709e+02,3.169885653894e+02,6.508577652672e+00,2.053253133809e-02,4.083042898337e-02,3.935494717675e-02,9.623827567525e-01,2.325430679253e+01
1.131886477462e+00,8.189381565936e-03,5.105645026996e-02,7.995416928074e+06,4.198597502282e-01,6.265059826223e+00,6.509189492491e+00,5.681177682495e+02,5.680783726709e+02,2.758786547410e+06,1.316884421288e+06,4.247797234335e+01,7.223622742467e+02,3.169831822528e+02,6.476712077611e+00,2.043235237775e-02,4.082063838502e-02,3.934988901083e-02,9.624946137227e-01,2.325416974183e+01
1.133889816361e+00,8.228819762459e-03,5.117924073309e-02,7.995506474364e+06,4.197950584738e-01,6.235085062373e+00,6.477298484738e+00,5.681185523652e+02,5.680798904676e+02,2.758785230308e+06,1.316892847211e+06,4.247852067460e+01,7.223591012883e+02,3.169778331717e+02,6.445084721705e+00,2.033291936290e-02,4.081091768739e-02,3.934486977955e-02,9.626057957750e-01,2.325404595860e+01
1.135893155259e+00,8.268352693695e-03,5.130203119622e-02,7.995594919273e+06,4.197307361101e-01,6.205328779654e+00,6.445646002709e+00,5.681193267134e+02,5.680813827946e+02,2.758783928707e+06,1.316901131387e+06,4.247906229726e+01,7.223559823642e+02,3.169725063466e+02,6.413693039995e+00,2.023422508759e-02,4.080124900562e-02,3.933987401924e-02,9.627163479108e-01,2.325393852004e+01
1.137896494157e+00,8.307980359644e-03,5.142482165934e-02,7.995682278969e+06,4.196666938393e-01,6.175788938029e+00,6.414229435011e+00,5.681200914424e+02,5.680828503092e+02,2.758782642406e+06,1.316909277485e+06,4.247959730848e+01,7.223529160555e+02,3.169671924727e+02,6.382534512656e+00,2.013626225120e-02,4.079161813269e-02,3.933489009476e-02,9.628263224137e-01,2.325384964274e+01
1.139899833055e+00,8.347702760305e-03,5.154761212247e-02,7.995768569177e+06,4.196028782279e-01,6.146463557667e+00,6.383046199172e+00,5.681208467072e+02,5.680842936402e+02,2.758781371276e+06,1.316917289015e+06,4.248012579953e+01,7.223499010054e+02,3.169618861327e+02,6.351606647511e+00,2.003902338230e-02,4.078201662408e-02,3.932991218041e-02,9.629357779776e-01,2.325378023034e+01
1.141903171953e+00,8.387519895680e-03,5.167040258560e-02,7.995853805184e+06,4.195392834790e-01,6.117350708173e+00,6.352093752130e+00,5.681215926770e+02,5.680857133557e+02,2.758780115299e+06,1.316925169147e+06,4.248064785395e+01,7.223469359905e+02,3.169565870468e+02,6.320906986294e+00,1.994250078595e-02,4.077244367754e-02,3.932494195474e-02,9.630447765543e-01,2.325372948586e+01
1.143906510851e+00,8.427431765767e-03,5.179319304873e-02,7.995938001880e+06,4.194759591809e-01,6.088448483446e+00,6.321369608731e+00,5.681223295422e+02,5.680871099220e+02,2.758778874607e+06,1.316932920480e+06,4.248116354580e+01,7.223440200115e+02,3.169513008819e+02,6.290433116573e+00,1.984668653850e-02,4.076290736377e-02,3.931998952860e-02,9.631533766095e-01,2.325369469825e+01
1.145909849750e+00,8.467438370568e-03,5.191598351186e-02,7.996021173830e+06,4.194130106819e-01,6.059754956557e+00,6.290871370970e+00,5.681230575189e+02,5.680884836575e+02,2.758777649507e+06,1.316940544784e+06,4.248167293900e+01,7.223411523963e+02,3.169460392609e+02,6.260182691373e+00,1.975157255781e-02,4.075342467230e-02,3.931507303285e-02,9.632616213583e-01,2.325367133403e+01
1.147913188648e+00,8.507539710081e-03,5.203877397499e-02,7.996103335397e+06,4.193505885344e-01,6.031268110160e+00,6.260596769946e+00,5.681237768461e+02,5.680898346864e+02,2.758776440452e+06,1.316948042737e+06,4.248217608919e+01,7.223383329022e+02,3.169408185924e+02,6.230153458042e+00,1.965715077569e-02,4.074401980541e-02,3.931021627048e-02,9.633695207960e-01,2.325365357023e+01
1.149916527546e+00,8.547735784307e-03,5.216156443812e-02,7.996184500923e+06,4.192888638470e-01,6.002985741426e+00,6.230543720428e+00,5.681244877692e+02,5.680911629024e+02,2.758775247935e+06,1.316955413727e+06,4.248267305006e+01,7.223355617963e+02,3.169356573853e+02,6.200343296487e+00,1.956341343110e-02,4.073472021776e-02,3.930544393336e-02,9.634770271724e-01,2.325363538332e+01
1.151919866444e+00,8.588026593246e-03,5.228435490125e-02,7.996264684960e+06,4.192279876088e-01,5.974905346998e+00,6.200710383962e+00,5.681251905004e+02,5.680924679550e+02,2.758774072240e+06,1.316962655770e+06,4.248316388647e+01,7.223328398870e+02,3.169305718480e+02,6.170750264123e+00,1.947035348512e-02,4.072555009773e-02,3.930077413992e-02,9.635840052217e-01,2.325361225065e+01
1.153923205342e+00,8.628412136898e-03,5.240714536437e-02,7.996343902551e+06,4.191680342737e-01,5.947024003664e+00,6.171095230183e+00,5.681258851507e+02,5.680937492741e+02,2.758772913023e+06,1.316969765647e+06,4.248364869646e+01,7.223301684706e+02,3.169255698099e+02,6.141372640522e+00,1.937796512981e-02,4.071652134337e-02,3.929620849988e-02,9.636902011458e-01,2.325358341875e+01
1.155926544240e+00,8.668892415262e-03,5.252993582750e-02,7.996422169523e+06,4.191089331628e-01,5.919338274296e+00,6.141697077553e+00,5.681265716275e+02,5.680950061481e+02,2.758771768690e+06,1.316976739346e+06,4.248412764284e+01,7.223275491575e+02,3.169206433569e+02,6.112208958822e+00,1.928624432312e-02,4.070762260867e-02,3.929172056422e-02,9.637952180889e-01,2.325355454374e+01
1.157929883139e+00,8.709467428340e-03,5.265272629063e-02,7.996499502733e+06,4.190503954085e-01,5.891844184914e+00,6.112515084727e+00,5.681272495062e+02,5.680962378733e+02,2.758770635630e+06,1.316983572899e+06,4.248460099193e+01,7.223249835431e+02,3.169157610227e+02,6.083258003916e+00,1.919518923352e-02,4.069880766065e-02,3.928724433904e-02,9.638985103915e-01,2.325354032191e+01
1.159933222037e+00,8.750137176130e-03,5.277551675376e-02,7.996575920213e+06,4.189918488326e-01,5.864537335035e+00,6.083548653963e+00,5.681279179006e+02,5.680974439836e+02,2.758769507436e+06,1.316990263667e+06,4.248506915178e+01,7.223224726995e+02,3.169108608812e+02,6.054518750605e+00,1.910480042801e-02,4.068998502865e-02,3.928266544284e-02,9.639994136013e-01,2.325356652248e+01
1.161936560935e+00,8.790901658633e-03,5.289830721689e-02,7.996651441139e+06,4.189323975974e-01,5.837413214249e+00,6.054797201274e+00,5.681285753846e+02,5.680986245615e+02,2.758768374451e+06,1.316996812093e+06,4.248553269437e+01,7.223200164862e+02,3.169058463711e+02,6.025990209998e+00,1.901508059571e-02,4.068101163118e-02,3.927781830464e-02,9.640972307084e-01,2.325367064593e+01
1.163939899833e+00,8.831760875850e-03,5.302109768002e-02,7.996726085503e+06,4.188708266792e-01,5.810467795080e+00,6.026259748340e+00,5.681292200510e+02,5.680997806173e+02,2.758767224136e+06,1.317003223823e+06,4.248599233575e+01,7.223176127100e+02,3.169005870351e+02,5.997671152051e+00,1.892603358096e-02,4.067169356660e-02,3.927249329407e-02,9.641913952814e-01,2.325390031099e+01
1.165943238731e+00,8.872714827779e-03,5.314388814315e-02,7.996799873127e+06,4.188056718627e-01,5.783698446451e+00,5.997934304064e+00,5.681298498297e+02,5.681009145001e+02,2.758766043004e+06,1.317009512019e+06,4.248644883713e+01,7.223152562122e+02,3.168949264287e+02,5.969559679921e+00,1.883766252492e-02,4.066179734274e-02,3.926645753963e-02,9.642817265491e-01,2.325430848910e+01
1.167946577629e+00,8.913763514420e-03,5.326667860628e-02,7.996872821500e+06,4.187353725639e-01,5.757105161940e+00,5.969817037527e+00,5.681304632037e+02,5.681020302811e+02,2.758764820975e+06,1.317015699512e+06,4.248690278187e+01,7.223129380161e+02,3.168886990780e+02,5.941652654972e+00,1.874996701448e-02,4.065107426179e-02,3.925949212532e-02,9.643687780964e-01,2.325494494416e+01
1.169949916528e+00,8.954906935775e-03,5.338946906941e-02,7.996944942760e+06,4.186585159179e-01,5.730692033869e+00,5.941901309672e+00,5.681310604694e+02,5.681031340186e+02,2.758763558987e+06,1.317021820290e+06,4.248735419027e+01,7.223106447328e+02,3.168817573975e+02,5.913945020926e+00,1.866293935472e-02,4.063929924824e-02,3.925144613691e-02,9.644542605479e-01,2.325584379533e+01
1.171953255426e+00,8.996145091843e-03,5.351225953253e-02,7.997016243213e+06,4.185741651634e-01,5.704468826915e+00,5.914176731818e+00,5.681316456526e+02,5.681042337914e+02,2.758762280294e+06,1.317027919689e+06,4.248780196888e+01,7.223083584864e+02,3.168740078000e+02,5.886429154609e+00,1.857656043005e-02,4.062632295517e-02,3.924230446734e-02,9.645414882895e-01,2.325700805851e+01
1.173956594324e+00,9.037477982623e-03,5.363504999566e-02,7.997086731178e+06,4.184822432909e-01,5.678452315029e+00,5.886628523702e+00,5.681322290484e+02,5.681053393653e+02,2.758761044889e+06,1.317034052513e+06,4.248824325395e+01,7.223060576684e+02,3.168654527846e+02,5.859094439088e+00,1.849079597539e-02,4.061213249268e-02,3.923226091091e-02,9.646357489971e-01,2.325839321392e+01
1.175959933222e+00,9.078905608117e-03,5.375784045879e-02,7.997156428063e+06,4.183839158199e-01,5.652666516949e+00,5.859237473643e+00,5.681328298530e+02,5.681064613504e+02,2.758759964243e+06,1.317040278290e+06,4.248867275626e+01,7.223037188274e+02,3.168562325386e+02,5.831927214631e+00,1.840559413305e-02,4.059691182612e-02,3.922178007939e-02,9.647443959007e-01,2.325989289764e+01
1.177963272120e+00,9.120427968323e-03,5.388063092192e-02,7.997225339815e+06,4.182818887410e-01,5.627140153562e+00,5.831980741399e+00,5.681334772786e+02,5.681076097056e+02,2.758759209757e+06,1.317046652915e+06,4.248908219688e+01,7.223013199199e+02,3.168466557987e+02,5.804911105950e+00,1.832088488142e-02,4.058108845375e-02,3.921162210601e-02,9.648763264283e-01,2.326133049250e+01
1.179966611018e+00,9.162045063242e-03,5.400342138505e-02,7.997293322025e+06,4.181805164107e-01,5.601900002008e+00,5.804833936335e+00,5.681342075276e+02,5.681087914929e+02,2.758759003895e+06,1.317053216174e+06,4.248946000699e+01,7.222988450027e+02,3.168372068840e+02,5.778027941022e+00,1.823658274812e-02,4.056534972426e-02,3.920280167066e-02,9.650405271619e-01,2.326246198709e+01
1.181969949917e+00,9.203756892874e-03,5.412621184818e-02,7.997359926660e+06,4.180856087537e-01,5.576963420573e+00,5.777776120891e+00,5.681350556888e+02,5.681100079374e+02,2.758759582673e+06,1.317059975408e+06,4.248979231760e+01,7.222962904227e+02,3.168285177236e+02,5.751261141192e+00,1.815259933833e-02,4.055061216488e-02,3.919647558890e-02,9.652439457473e-01,2.326300120236e+01
1.183973288815e+00,9.245563457219e-03,5.424900231131e-02,7.997424798870e+06,4.180038476146e-01,5.552341334318e+00,5.750801297741e+00,5.681360485358e+02,5.681112511957e+02,2.758761127029e+06,1.317066886961e+06,4.249006843427e+01,7.222936728041e+02,3.168213039285e+02,5.724606170078e+00,1.806888015135e-02,4.053793251761e-02,3.919380046682e-02,9.654900329279e-01,2.326268678003e+01
1.185976627713e+00,9.287464756276e-03,5.437179277444e-02,7.997489422317e+06,4.179417823579e-01,5.528055871988e+00,5.723937324190e+00,5.681372079893e+02,5.681125015111e+02,2.758763667647e+06,1.317073838421e+06,4.249029489591e+01,7.222910390017e+02,3.168162743875e+02,5.698089407527e+00,1.798546939719e-02,4.052835964199e-02,3.919578245997e-02,9.657785469848e-01,2.326139733181e+01
1.187979966611e+00,9.329460790047e-03,5.449458323757e-02,7.997558902515e+06,4.179044958385e-01,5.504118003752e+00,5.697255927664e+00,5.681385441562e+02,5.681137247514e+02,2.758766925976e+06,1.317080632963e+06,4.249051283252e+01,7.222884752856e+02,3.168140018492e+02,5.671774047148e+00,1.790253591711e-02,4.052273721182e-02,3.920286373110e-02,9.660998336104e-01,2.325923909946e+01
1.189983305509e+00,9.371551558530e-03,5.461737370069e-02,7.997636571228e+06,4.178942163271e-01,5.480319597431e+00,5.670831106381e+00,5.681399293113e+02,5.681148680647e+02,2.758769930348e+06,1.317086970507e+06,4.249078738591e+01,7.222861056786e+02,3.168146635220e+02,5.645696704653e+00,1.782018749350e-02,4.052147301909e-02,3.921353668722e-02,9.664050109453e-01,2.325640121281e+01
1.191986644407e+00,9.413737061727e-03,5.474016416382e-02,7.997703154469e+06,4.179092867097e-01,5.455807159715e+00,5.644632938387e+00,5.681407327765e+02,5.681158512416e+02,2.758770247820e+06,1.317092420632e+06,4.249113224617e+01,7.222840675120e+02,3.168175596537e+02,5.619719099093e+00,1.773802912072e-02,4.052430702776e-02,3.922184732714e-02,9.665477311398e-01,2.325269826431e+01
1.193989983306e+00,9.456017299636e-03,5.486295462695e-02,7.997703449707e+06,4.179436754135e-01,5.429130755335e+00,5.618542637657e+00,5.681395823094e+02,5.681165649202e+02,2.758763462687e+06,1.317096426188e+06,4.249146285740e+01,7.222824875286e+02,3.168208210897e+02,5.593547524519e+00,1.765523965654e-02,4.053019153793e-02,3.921742555989e-02,9.662880760124e-01,2.324764252776e+01
1.195993322204e+00,9.498392272258e-03,5.498574509008e-02,7.997642372535e+06,4.179864563820e-01,5.400457472002e+00,5.592946349849e+00,5.681358421066e+02,5.681169203191e+02,2.758745509699e+06,1.317098483785e+06,4.249200294847e+01,7.222815726489e+02,3.168229676773e+02,5.567540177499e+00,1.757303208892e-02,4.053757438658e-02,3.919710454005e-02,9.655836359217e-01,2.324320847676e+01
1.197996661102e+00,9.540861979593e-03,5.510853555321e-02,7.997951000363e+06,4.180202360446e-01,5.375066269091e+00,5.569644261047e+00,5.681353208781e+02,5.681170195786e+02,2.758722011376e+06,1.317098723867e+06,4.249481239794e+01,7.222819984163e+02,3.168289294393e+02,5.543957361255e+00,1.749826750690e-02,4.054552428397e-02,3.918455238730e-02,9.650645565792e-01,2.324822331474e+01
1.200000000000e+00,9.583426421640e-03,5.523132601634e-02,8.000000000000e+06,4.180202360446e-01,5.354785935416e+00,5.549363927372e+00,5.681583832493e+02,5.681173945826e+02,2.758722011376e+06,1.317098723867e+06,4.250589938020e+01,7.222854539712e+02,3.168586855156e+02,5.523672385380e+00,1.743260525237e-02,4.055548752109e-02,3.918921288159e-02,9.649368838479e-01,2.326713459307e+01
